X,Y,Permafrost,elev,aspect,slope,temp,TDD,FDD,NDSI,NDVI,litho
2551748.61094346,1137372.58447546,0,561.261962890625,26.0682907104492,16.8729496002197,9.25,3702.7470703125,119.341339111328,-0.377387523651123,0.684076189994812,2
2555106.51996149,1136348.03212467,0,474.370239257812,55.1405029296875,11.0947618484497,8.79999923706055,3716.125,139.561111450195,-0.46343857049942,0.753728270530701,1
2599958.33141449,1135414.76711162,1,2592.1591796875,315.377777099609,29.897985458374,-1.36625003814697,1546.96276855469,1663.52087402344,0.855883181095123,-0.199001327157021,2
2599993.34509858,1135303.78033967,1,2639.61206054688,301.215148925781,32.2912139892578,-1.39999997615814,1585.24877929688,1628.15234375,0.637019693851471,-0.187776476144791,2
2600275.80766511,1135638.4524619,1,2611.11010742188,320.681854248047,18.1246242523193,-1.8512499332428,1444.93054199219,1812.65734863281,0.550023674964905,-0.153552174568176,2
2600164.80084295,1135577.90513286,1,2597.74975585938,325.030883789062,26.7918815612793,-1.7731249332428,1477.43200683594,1763.94458007812,0.629746794700623,-0.194740206003189,2
2559568.79642419,1110221.61741118,1,2460.1904296875,322.914459228516,25.7626876831055,-0.947812497615814,1617.20324707031,1514.16259765625,0.855320036411285,-0.19109283387661,2
2574960.32454261,1101452.77737965,0,2072.96948242188,61.526008605957,13.3104400634766,1.85874998569489,2483.19018554688,645.761047363281,0.00790389254689217,0.134732514619827,3
2574784.73077822,1101432.65726086,1,2110.2763671875,18.2718276977539,8.08736896514893,1.46843755245209,2474.18090820312,651.578491210938,-0.0593442805111408,0.0544081404805183,3
2580959.83716053,1121176.21552733,1,2663.13818359375,324.217895507812,33.3643379211426,-1.1287499666214,1435.59216308594,1471.41906738281,0.163579896092415,-0.111907161772251,2
2581025.54227775,1121254.65419434,1,2633.32202148438,343.672058105469,35.4776458740234,-1.14374995231628,1430.4404296875,1482.41088867188,0.15844002366066,-0.122737914323807,2
2581404.85463246,1121937.23489004,1,2451.32006835938,324.336517333984,28.3687686920166,-0.379999995231628,1288.04504394531,1624.56823730469,0.172260984778404,-0.127098083496094,2
2581533.82002538,1121969.01783039,1,2470.71630859375,323.257110595703,33.458381652832,-0.317187488079071,1278.02075195312,1636.68395996094,0.183853313326836,-0.111510999500751,2
2581574.77112168,1122038.08460473,1,2449.78076171875,326.975738525391,33.9236717224121,-0.153125002980232,1255.51794433594,1656.04345703125,0.118834353983402,-0.120197221636772,2
2581434.97664056,1121798.78597374,1,2520.73266601562,328.722595214844,34.8852081298828,-0.697499990463257,1326.93359375,1593.6611328125,0.210022643208504,-0.131629228591919,2
2591177.96417947,1130556.65981226,0,2535.25317382812,280.942565917969,8.40184879302979,-1.51625001430511,1562.91235351562,1512.01831054688,0.564778864383698,-0.00506960833445191,2
2593022.11185857,1132248.06154704,1,2525.7822265625,230.420791625977,28.2812423706055,-2.25,1139.36474609375,1978.12268066406,0.543608009815216,-0.00314529077149928,1
2591033.35361085,1132185.48004724,1,2704.70556640625,171.192947387695,16.8317184448242,-3.00437498092651,1398.93579101562,1861.40661621094,0.523585379123688,-0.00926904007792473,1
2590533.9723145,1131501.59768295,1,2597.8701171875,117.500679016113,12.9316434860229,-2.47531247138977,1445.58288574219,1729.98693847656,0.509371280670166,0.0125106517225504,2
2590706.52602973,1131180.18392635,1,2549.69946289062,301.165832519531,30.3104610443115,-2.03999996185303,1416.6826171875,1696.28186035156,0.600820958614349,-0.143417999148369,2
2590605.02717052,1131128.9295256,1,2516.60327148438,290.922912597656,24.2613315582275,-2.0625,1441.44201660156,1673.12939453125,0.493457734584808,-0.068200372159481,2
2590589.89993821,1131031.90658712,1,2540.75903320312,295.594848632812,26.0476417541504,-1.9724999666214,1464.42004394531,1643.64123535156,0.223543211817741,-0.0155015615746379,2
2590032.52232616,1130570.64695349,0,2365.57373046875,288.116729736328,14.646092414856,-0.40531250834465,1760.72082519531,1424.9716796875,0.272995382547379,0.14641435444355,2
2590196.73682398,1132029.44907688,1,2623.748046875,283.6767578125,25.6944313049316,-2.26749992370605,1492.86315917969,1757.70263671875,0.376587450504303,-0.0163295492529869,1
2589653.31314917,1132306.3808974,0,2375.314453125,271.882019042969,13.2683019638062,-0.920000016689301,1644.35632324219,1655.81591796875,0.305239528417587,0.208627820014954,1
2588099.98617364,1132155.10298171,0,2247.07934570312,142.834762573242,16.494722366333,0.399999976158142,1703.40686035156,1589.10363769531,0.112260520458221,0.337659180164337,1
2589361.35029763,1134425.04243205,0,2065.125,287.901123046875,23.3585319519043,0.904375016689301,1707.00952148438,1511.73815917969,0.167643070220947,0.0916007235646248,2
2590957.94028777,1132164.18333476,1,2714.1484375,151.38883972168,19.2474117279053,-3.02874994277954,1398.93579101562,1861.40686035156,0.528307557106018,-0.0128941489383578,1
2550672.24193074,1133977.7167074,0,1752.17578125,320.504760742188,15.9316024780273,3.78375005722046,2458.0556640625,757.651916503906,-0.241386830806732,0.303401917219162,2
2550482.69483439,1134048.68015235,0,1671.77722167969,277.157287597656,3.59690451622009,4.09999990463257,2498.1103515625,739.838623046875,-0.227054864168167,0.476752370595932,2
2551379.76103104,1130609.7157702,0,1616.79455566406,32.5370025634766,19.1153144836426,2.97500014305115,2803.458984375,677.159118652344,-0.180710166692734,0.361000150442123,2
2556986.48141392,1123557.68329556,0,1729.91796875,37.9753570556641,11.1128025054932,3.05250000953674,2657.28857421875,580.031982421875,-0.155497446656227,0.67499303817749,2
2557148.65861739,1124571.82010591,0,1583.79968261719,329.911193847656,8.96728515625,3.74499988555908,2830.52075195312,477.974945068359,-0.162496194243431,0.682105481624603,2
2557204.21742007,1124856.99547534,0,1533.28393554688,291.596984863281,16.6852588653564,3.88000011444092,2893.0380859375,454.411956787109,-0.190047100186348,0.711585462093353,2
2557563.85334756,1123402.02631797,0,1858.98840332031,66.6638031005859,4.79902744293213,3,2664.34790039062,566.543762207031,-0.0678696781396866,0.340014308691025,2
2557635.59515147,1123881.58666318,0,1769.96948242188,108.006996154785,22.9971618652344,3.09375,2717.796875,522.842102050781,0.0902922824025154,0.336343705654144,2
2557855.52115801,1123975.01412234,0,1732.66748046875,43.1684150695801,2.77994275093079,3.33249998092651,2746.830078125,506.906372070312,-0.178852036595345,0.651525318622589,2
2558932.36405872,1122690.17372607,0,1570.58264160156,25.2182159423828,17.2098751068115,3.84999990463257,3135.57153320312,422.467529296875,-0.363744735717773,0.813213646411896,2
2555913.66200103,1120315.08045275,0,1514.58947753906,340.831756591797,27.7515888214111,4.65000009536743,2887.8173828125,514.754333496094,-0.32766318321228,0.822832345962524,2
2555440.30493472,1127356.69269865,0,1533.78491210938,331.578308105469,5.57985162734985,4.61499977111816,2845.525390625,541.321594238281,-0.223851799964905,0.745198547840118,2
2552675.47131055,1129991.48176491,0,1654.43273925781,173.318786621094,10.8746204376221,4,2865.5703125,574.200622558594,-0.168864548206329,0.6324462890625,2
2581842.02649805,1097316.30287161,1,2255.5556640625,54.6494331359863,16.9000720977783,0.025000000372529,2283.42651367188,1143.76147460938,0.217180043458939,0.0861294269561768,3
2581889.46896321,1097596.6569687,0,2213.0048828125,100.202842712402,19.7671298980713,0.270000010728836,2265.14624023438,1167.78173828125,0.156529679894447,0.197078093886375,3
2581837.76063261,1096828.16595783,1,2370.97778320312,42.012020111084,26.8928470611572,0.025000000372529,2288.14331054688,1121.73742675781,0.252485901117325,0.0826554819941521,1
2581747.97431728,1096548.24391576,0,2457.53588867188,85.2513732910156,25.7013072967529,-0.125,2289.97973632812,1096.85119628906,0.223448276519775,0.112036265432835,3
2583068.76758276,1095660.74072068,1,2661.61450195312,1.77824401855469,32.0767097473145,-2.23187494277954,2012.28796386719,1456.27966308594,0.194718390703201,-0.0563979558646679,3
2583867.97412913,1097207.48944017,0,2185.35473632812,338.1083984375,18.9141654968262,1.20000004768372,2054.58325195312,1346.7724609375,0.0166731793433428,0.152580454945564,1
2581159.75883923,1098865.62465361,0,2192.84057617188,4.00968933105469,24.8228168487549,1.48749995231628,2251.96142578125,1029.63952636719,0.0705749019980431,0.230277106165886,1
2581379.68791356,1098982.63125456,0,2152.70849609375,357.129089355469,23.4665851593018,1.83124995231628,2245.19921875,1034.00817871094,0.0864739716053009,0.129778444766998,1
2583396.06556241,1094329.36178987,1,2524.50512695312,321.712524414062,20.2685737609863,-2.11625003814697,2077.97387695312,1418.80810546875,0.153503820300102,-0.032321996986866,3
2584974.75184831,1096305.47327365,1,2643.36254882812,20.1781539916992,7.84935665130615,-2.22499990463257,1582.58801269531,1936.45471191406,0.366731762886047,-0.072223998606205,3
2584766.74011311,1095927.72974071,1,2721.63330078125,324.531005859375,30.5566101074219,-2.79999995231628,1546.10046386719,2008.1005859375,0.631244659423828,-0.097384512424469,3
2584695.95834205,1095906.78411463,1,2702.52734375,335.589416503906,24.6244049072266,-2.90000009536743,1548.39123535156,2005.35021972656,0.76526927947998,-0.113293364644051,3
2584669.95687508,1096008.62319334,1,2676.38427734375,44.5881652832031,18.4612693786621,-2.82500004768372,1539.22729492188,2016.35290527344,0.637162148952484,-0.106415055692196,3
2584642.87201403,1095303.33340365,1,2826.58569335938,184.812454223633,15.7107353210449,-3.51999998092651,1603.37353515625,1939.33471679688,0.872531116008759,-0.0571326017379761,3
2585434.95002044,1096083.96958911,1,2640.03076171875,358.157379150391,23.8915901184082,-2,1613.32006835938,2025.86267089844,0.412134915590286,-0.103843189775944,3
2585638.52231047,1094198.88822561,1,2734.958984375,341.071197509766,30.4150199890137,-3.09999990463257,1441.02172851562,2087.23974609375,0.906448006629944,-0.175845965743065,3
2585445.37219738,1094194.15626302,1,2751.095703125,341.609527587891,33.2078666687012,-3.17000007629395,1519.16638183594,2009.19177246094,0.904414474964142,-0.168645292520523,3
2585870.81865998,1094851.46889659,1,2613.08544921875,20.2870407104492,17.7894020080566,-2.23749995231628,1502.43383789062,2113.24462890625,0.653588891029358,-0.112406708300114,3
2583708.52680273,1097076.24416833,0,2168.05078125,318.323425292969,25.425931930542,1.11249995231628,2008.71862792969,1404.90502929688,0.0598790161311626,0.200649276375771,1
2584103.4394558,1097427.61064574,0,2194.71728515625,321.676879882812,17.0674629211426,1.53750002384186,2140.166015625,1241.34155273438,-0.0034232079051435,0.207842379808426,1
2581978.11624328,1096767.02965956,0,2348.70068359375,50.2891693115234,13.0490560531616,0.212500005960464,2271.392578125,1146.8935546875,0.196693763136864,0.147991761565208,1
2581838.66739376,1098534.49950123,0,2185.76977539062,66.1870269775391,13.9552669525146,1.73249995708466,2264.04150390625,1100.67639160156,0.13446868956089,0.282198250293732,3
2583997.80252254,1096718.67368537,0,2379.10327148438,287.236267089844,22.1497745513916,-0.712499976158142,1858.89990234375,1602.05688476562,0.186896026134491,0.0775656625628471,3
2584058.03189547,1097189.46617261,0,2248.59716796875,319.013275146484,28.5784873962402,0.850000023841858,2054.58081054688,1346.77526855469,0.0323747918009758,0.192547395825386,1
2584558.21463211,1097234.72688103,0,2328.8486328125,65.4643936157227,14.4898157119751,0.0512499995529652,1991.50988769531,1381.2529296875,0.0163166765123606,0.0938606709241867,1
2585859.0052011,1095463.99228306,1,2646.1123046875,0.532096862792969,18.9761714935303,-1.81749999523163,1609.42346191406,2058.47143554688,0.0450170114636421,0.0570136047899723,3
2582884.76127055,1096172.94642757,0,2362.03295898438,359.636322021484,22.8579273223877,-0.435937494039536,2064.96801757812,1424.84790039062,0.104148700833321,0.150583580136299,3
2585511.02345169,1097400.22419619,0,2265.57177734375,55.5589599609375,26.036657333374,0.75,1966.09338378906,1389.89672851562,0.140341326594353,0.0859366655349731,3
2585903.10688773,1097339.56554788,0,2247.70751953125,352.489227294922,16.4200534820557,0.685000002384186,2012.5380859375,1377.81628417969,0.0317554995417595,0.211191102862358,3
2557810.87308783,1123552.35930155,0,1811.02514648438,347.861267089844,12.9950704574585,3.02999997138977,2734.89501953125,532.586669921875,-0.100226722657681,0.455700516700745,2
2585161.31974614,1093736.47951268,1,2879.2353515625,151.512359619141,27.4299488067627,-4.20749998092651,1600.65148925781,1908.18615722656,0.794981002807617,-0.0380134508013725,3
2626986.68005749,1116951.29222826,0,2640.8779296875,165.266967773438,30.3808650970459,-0.633125007152557,1920.54272460938,1243.83642578125,0.309490859508514,0.0170416757464409,3
2632763.92298008,1115569.95985102,1,2434.71630859375,325.697204589844,22.5813655853271,-0.672812461853027,1895.9560546875,1237.98706054688,0.17202490568161,-0.0485194884240627,1
2632843.91071857,1114740.08853548,1,2612.8701171875,348.303588867188,4.66651248931885,-2.08750009536743,1676.04699707031,1469.27355957031,0.276326924562454,-0.0012166048400104,1
2633393.82327319,1115940.09262115,1,2492.75244140625,324.137359619141,20.2839221954346,-0.927500009536743,2060.20654296875,1129.20239257812,0.00933486130088568,0.0346729680895805,1
2631726.82007775,1113799.11990688,1,2628.98901367188,276.287658691406,25.8021373748779,-1.30124998092651,1963.65100097656,1207.22058105469,0.694843530654907,-0.0473574921488762,3
2631712.1455215,1113261.19818432,1,2641.3505859375,270.770599365234,28.7164478302002,-1.95000004768372,1749.02038574219,1429.10729980469,0.397274434566498,-0.00116747117135674,3
2629427.64359435,1109195.07824113,1,2783.20361328125,273.166168212891,22.6322593688965,-3.16249990463257,1530.92810058594,1573.67626953125,0.305251270532608,-0.0197974778711796,3
2624633.86861943,1117599.59625843,1,2766.220703125,51.509693145752,16.5795078277588,-3.38750004768372,1470.48864746094,1856.71313476562,0.348600059747696,-0.0514971055090427,3
2624559.36667918,1117728.14862574,1,2784.0185546875,106.992256164551,21.0118942260742,-3.4612500667572,1487.7890625,1857.91418457031,0.314770460128784,-0.0204977300018072,1
2624537.45434376,1117864.0051048,1,2837.89453125,184.830841064453,14.0901050567627,-3.484375,1510.78637695312,1859.08129882812,0.426943778991699,0.00527481222525239,1
2624868.3306076,1117720.84451381,1,2707.55200195312,144.987152099609,16.0187721252441,-3.20937490463257,1484.20300292969,1856.77551269531,0.476091891527176,-0.0269751083105803,1
2624750.73440788,1117751.52178333,1,2728.18994140625,154.68342590332,32.9323921203613,-3.3125,1487.10168457031,1856.78869628906,0.394999802112579,-0.00530260242521763,1
2624931.14596899,1117600.32666946,1,2702.83935546875,23.4472198486328,21.6604652404785,-3.1175000667572,1470.22143554688,1856.7119140625,0.473185241222382,-0.0686896741390228,1
2625253.04314898,1117843.92049556,1,2706.119140625,150.011474609375,20.6204586029053,-3.01250004768372,1497.80590820312,1856.83728027344,0.465154498815536,0.00351836136542261,1
2625469.0304381,1117354.26920543,1,2670.1904296875,65.7581939697266,24.0047626495361,-2.52500009536743,1463.86218261719,1795.59533691406,0.609039902687073,-0.0924070179462433,1
2625733.86785401,1117413.34140756,1,2593.32885742188,15.8991775512695,20.6803894042969,-2.27500009536743,1494.89038085938,1725.21337890625,0.560491859912872,-0.089633546769619,3
2626020.91944704,1117473.96553516,0,2506.404296875,40.758617401123,32.8610343933105,-1.97499990463257,1539.0576171875,1637.33520507812,0.418620616197586,-0.0760354697704315,3
2625860.22898784,1117427.21921987,1,2582.3125,25.1669769287109,14.3094711303711,-2.15000009536743,1506.90075683594,1689.85986328125,0.560270667076111,-0.0852935388684273,3
2625302.19484758,1117543.35459741,1,2648.57861328125,348.264068603516,18.3215713500977,-2.74000000953674,1467.78088378906,1845.40197753906,0.612456440925598,-0.0569650493562222,1
2625106.90131153,1118594.56227371,1,2829.34838867188,64.6029968261719,11.8868837356567,-3.44000005722046,1545.58251953125,1862.81567382812,0.65772020816803,-0.0440184995532036,3
2625358.43650784,1118465.13350362,1,2761.03662109375,4.03961181640625,5.02667331695557,-3.47874999046326,1539.89123535156,1840.65942382812,0.537033081054688,-0.0144064612686634,1
2625386.92254373,1118582.72970321,0,2773.72119140625,178.840423583984,5.59481620788574,-3.43437504768372,1542.21447753906,1837.76281738281,0.476760357618332,0.0211301874369383,1
2625664.47879164,1118270.11371903,1,2670.5712890625,185.026885986328,27.973445892334,-3.09999990463257,1540.36010742188,1756.29443359375,0.32957062125206,0.0348517894744873,1
2625442.95308895,1118369.77970477,0,2706.51245117188,120.976066589355,23.0131759643555,-3.38124990463257,1537.67321777344,1815.12487792969,0.434598475694656,0.0128351235762239,1
2625739.71114289,1118487.04583876,1,2744.01782226562,185.3046875,25.890308380127,-3.22499990463257,1537.36486816406,1752.58129882812,0.288271218538284,0.0275669191032648,3
2625346.01951788,1118334.38990283,1,2749.31567382812,92.8266143798828,27.7163372039795,-3.3512499332428,1535.66320800781,1837.26037597656,0.51780241727829,-0.0123954089358449,1
2625621.0193266,1118127.31833381,0,2637.14379882812,54.6591377258301,28.2667999267578,-3,1540.34289550781,1759.95751953125,0.470498085021973,0.014443919993937,1
2625499.77107098,1118183.19478897,1,2668.73120117188,77.0116348266602,21.0910205841064,-3.17078113555908,1536.09533691406,1795.1484375,0.561517834663391,-0.024200726300478,1
2626212.65238108,1117974.66239738,0,2522.66723632812,105.264511108398,10.0717687606812,-2.25,1615.82202148438,1577.60717773438,0.377288728952408,0.100532613694668,1
2626612.91770675,1118027.25200196,0,2462.21875,159.240798950195,23.9585151672363,-1.83437502384186,1718.17614746094,1444.30346679688,0.242243975400925,0.0816502571105957,3
2626658.93361075,1118474.99405386,0,2671.92431640625,45.8513031005859,6.12793159484863,-2.17875003814697,1678.41979980469,1486.80993652344,0.453103750944138,0.0449342131614685,3
2626628.98675302,1117350.16084023,1,2489.94360351562,354.596954345703,26.0563106536865,-1.34687495231628,1698.568359375,1434.25061035156,0.338936418294907,-0.0474155023694038,3
2627012.99263564,1117398.02890447,1,2461.73217773438,12.479621887207,27.5884819030762,-0.896250009536743,1899.56335449219,1253.28039550781,0.332690626382828,-0.0579381324350834,3
2624723.70919504,1116274.99558764,1,2708.21508789062,121.528999328613,11.8924779891968,-3.04999995231628,1540.27758789062,1710.31457519531,0.497507780790329,0.00232724589295685,3
2624670.38917895,1116417.42576732,1,2746.67163085938,99.2129211425781,13.4917278289795,-3.25,1508.99426269531,1746.71923828125,0.696212947368622,-0.0362808108329773,3
2625086.72355083,1115917.09411039,0,2612.02075195312,160.334808349609,14.1246328353882,-2.34999990463257,1622.51599121094,1609.34912109375,0.398298323154449,0.0337883718311787,1
2626061.39674872,1115388.50180126,1,2458.80249023438,337.20458984375,27.3993625640869,-1.03999996185303,1615.49670410156,1604.78247070312,0.142207339406013,-0.059733871370554,3
2625067.00244925,1115451.09177902,1,2494.5595703125,46.5910453796387,22.2075271606445,-2.00375008583069,1537.72912597656,1696.88500976562,0.342534124851227,-0.037805188447237,3
2624677.39994923,1115032.21429598,1,2633.03540039062,356.095336914062,13.3477172851562,-2.88312482833862,1359.63256835938,1896.53735351562,0.518735945224762,-0.0527130924165249,3
2625335.14967913,1114490.02501618,1,2778.07958984375,267.257202148438,17.9297161102295,-3.48453140258789,1430.9111328125,1725.19885253906,0.393109798431396,-0.0534765273332596,3
2624553.11795636,1114558.34377297,1,2773.33959960938,25.5448760986328,19.1728038787842,-3.44749999046326,1192.37609863281,2005.25402832031,0.849147379398346,-0.090665765106678,3
2624464.44893198,1114649.9199784,1,2748.70532226562,82.7689056396484,27.1395606994629,-3.35374999046326,1218.59301757812,2002.46618652344,0.784523069858551,-0.0809488296508789,3
2624647.91931503,1116203.7628639,1,2713.173828125,84.0360565185547,16.8824329376221,-3.04999995231628,1535.13195800781,1716.61743164062,0.547357678413391,-0.0204576104879379,3
2624491.70891231,1117624.81730189,0,2798.97216796875,102.468597412109,23.2147350311279,-3.48828125,1486.10717773438,1862.28063964844,0.497223109006882,-0.0400711223483086,1
2624407.09157749,1117577.61579546,0,2840.8701171875,110.537178039551,30.0269985198975,-3.40000009536743,1498.41943359375,1871.61499023438,0.47273650765419,-0.018664576113224,1
2620648.32517959,1111999.54353121,1,2727.30346679688,327.637237548828,17.4450263977051,-2.22499990463257,1529.17004394531,1967.74401855469,0.772834718227386,-0.073756068944931,2
2616336.33348036,1101451.91230341,1,2865.4482421875,236.392456054688,17.1894512176514,-3.1175000667572,1080.36938476562,2082.23608398438,0.72134131193161,-0.0480813421308994,4
2621757.87436964,1099752.52486593,1,2942.69750976562,210.264434814453,16.5528507232666,-4.375,992.828369140625,2041.7216796875,0.721855878829956,-0.0569049343466759,4
2622747.19008968,1099246.21465277,1,2912.69775390625,260.910339355469,26.0511817932129,-3.9375,1271.69445800781,1758.32824707031,0.903910934925079,-0.0780935660004616,2
2622621.43415203,1099168.64309148,0,2872.376953125,252.490951538086,19.378324508667,-4.00937509536743,1291.05163574219,1746.58959960938,0.531748831272125,0.0282058138400316,2
2622189.93950087,1099094.42470741,0,2791.88818359375,144.089416503906,19.698278427124,-3.79999995231628,1316.89453125,1728.9462890625,0.399532198905945,0.0801310241222382,2
2622081.04671328,1099944.94337022,1,3081.40600585938,156.750030517578,25.2649383544922,-4.90750026702881,878.866638183594,2129.283203125,0.663031458854675,-0.0422780364751816,4
2622464.28229431,1100045.14253017,1,3029.43994140625,171.013549804688,16.5364780426025,-5.05249977111816,827.180236816406,2176.8955078125,0.871805191040039,-0.0571263507008553,2
2623411.68357461,1100043.111867,1,3042.76879882812,223.196029663086,23.8718452453613,-4.64499998092651,1014.06427001953,1952.87951660156,0.71766209602356,-0.0404480323195457,3
2623536.25032372,1099732.10746747,0,2905.78125,178.655364990234,19.4381809234619,-3.86937499046326,1298.47802734375,1724.384765625,0.44709101319313,0.0333407782018185,3
2623253.29406612,1099808.82738578,1,2994.07641601562,111.198867797852,13.5025625228882,-4.27500009536743,1039.47802734375,1929.38439941406,0.759285509586334,-0.0474299043416977,4
2623359.71201731,1099630.63918868,0,2907.876953125,138.318786621094,29.8755931854248,-3.88125014305115,1217.72998046875,1784.29919433594,0.534562408924103,0.0201289728283882,4
2623907.06326117,1101071.81872656,1,2884.84643554688,86.6007843017578,12.4187173843384,-2.86500000953674,1198.73767089844,1845.77368164062,0.583790123462677,-0.0232193544507027,3
2623600.59606056,1101787.87129632,1,2561.15942382812,18.3553161621094,20.5264339447021,-1.83000004291534,1197.66320800781,1858.97534179688,0.456321179866791,-0.101487062871456,3
2622963.3257719,1102022.98072329,1,2544.42895507812,346.648162841797,31.1977348327637,-1.97500002384186,963.71728515625,2002.21569824219,0.3099544942379,-0.073896124958992,3
2623316.81485756,1101950.79800441,1,2542.89233398438,41.3269653320312,28.1379566192627,-1.77499997615814,1088.96447753906,1926.59582519531,0.404469639062881,-0.0477133765816689,3
2623228.54570417,1102262.62734928,1,2375.0458984375,3.51845550537109,24.2358360290527,-1.22500002384186,1156.6533203125,1831.1416015625,0.382110267877579,-0.0832778438925743,3
2623923.56216845,1100822.68522883,1,2854.47705078125,68.6642837524414,30.0126991271973,-3.23937511444092,1259.87243652344,1778.92248535156,0.669407367706299,-0.0669668018817902,3
2624343.04687916,1107734.48989962,1,3017.90991210938,128.295501708984,18.2038459777832,-4.36625003814697,968.434020996094,1886.05908203125,0.677540719509125,-0.045654509216547,3
2624898.85381258,1109871.09837314,1,2675.61181640625,35.9778900146484,7.67046213150024,-2.45000004768372,999.203857421875,1978.04895019531,0.239110440015793,0.0125726405531168,3
2624399.34939821,1110867.63236425,1,2808.71362304688,46.5177459716797,19.1504306793213,-3.69999980926514,849.145080566406,2114.64599609375,0.629502832889557,-0.0876172557473183,3
2624651.78267748,1111014.47263762,1,2708.6865234375,34.4932060241699,23.7626571655273,-3.12124991416931,896.155395507812,2069.71508789062,0.471270859241486,-0.0960908904671669,3
2624567.63825093,1111204.21006969,1,2748.08251953125,129.991394042969,23.891752243042,-3.29749989509583,864.709716796875,2095.21557617188,0.501786887645721,-0.00462039466947317,3
2624727.67765037,1110974.87526046,1,2714.05078125,1.24252319335938,28.8252906799316,-2.94312500953674,950.575500488281,2022.04235839844,0.437092363834381,-0.104533262550831,3
2624485.55618751,1111929.54327459,1,2727.916015625,63.3328170776367,25.5935935974121,-3.125,913.549377441406,2065.14916992188,0.489180654287338,-0.0846136808395386,3
2624978.87351077,1112767.27528404,1,2680.90893554688,167.938293457031,22.7193851470947,-2.44437503814697,1271.57189941406,1747.03540039062,0.410258084535599,0.0188783705234528,3
2625039.24779032,1113293.90204143,1,2749.78857421875,91.9757232666016,16.3994636535645,-3.10999989509583,1308.00341796875,1737.32202148438,0.637678444385529,-0.0236899293959141,3
2625012.69089562,1113146.55410928,1,2779.85791015625,18.9471206665039,21.2645835876465,-2.93375015258789,1304.55981445312,1727.7939453125,0.654393374919891,-0.0836045295000076,3
2624801.94908544,1113252.78168839,1,2806.21606445312,39.1697731018066,10.8876085281372,-3.47499990463257,1164.14575195312,1880.79772949219,0.752724766731262,-0.0968538299202919,3
2624579.21383892,1113326.45565458,1,2926.37158203125,112.213706970215,17.8783626556396,-4.01312494277954,1037.39233398438,2019.62512207031,0.694959104061127,-0.0381154790520668,3
2624655.45782706,1113477.2302828,1,2929.75390625,119.494270324707,24.2543296813965,-4.15374994277954,1078.49548339844,1989.92932128906,0.729452431201935,-0.0468648336827755,3
2629583.04681932,1111561.70716213,1,2439.38232421875,297.480377197266,34.2179222106934,-0.425000011920929,1938.939453125,1167.00451660156,0.116255261003971,-0.211406320333481,3
2629831.09142424,1110956.17693528,1,2723.35717773438,328.751708984375,29.3742485046387,-1.77875006198883,1634.32421875,1415.41796875,0.121235735714436,-0.0839100182056427,3
2621034.29672479,1111406.22083103,1,2836.5126953125,249.312927246094,25.6099529266357,-3.54500007629395,1151.78674316406,2183.94555664062,0.823330581188202,-0.056528989225626,2
2620783.29123551,1111369.38384812,0,2716.4521484375,244.567443847656,13.1705265045166,-3.10625004768372,1235.11889648438,2123.5439453125,0.89792674779892,-0.0672586113214493,2
2625263.42867324,1115175.85424618,1,2632.52514648438,3.08460998535156,25.8738193511963,-2.30187511444092,1534.76696777344,1687.46948242188,0.294558495283127,-0.0825833231210709,3
2626145.58874962,1116673.85586134,0,2778.40161132812,220.169372558594,18.610279083252,-1.84999990463257,1650.37341308594,1527.50598144531,0.198313742876053,0.0479830354452133,3
2627374.21992637,1119295.84056717,0,2583.18530273438,55.7847061157227,22.2627182006836,-2.15000009536743,1588.73022460938,1589.17602539062,0.543904006481171,0.010702271014452,3
2627301.61680269,1119433.33674811,0,2593.80200195312,87.5608215332031,12.5920667648315,-2.37999987602234,1555.86572265625,1635.15698242188,0.532157182693481,0.0335368029773235,3
2627189.17833686,1119550.27275247,0,2618.71704101562,94.4921112060547,21.216667175293,-2.53500008583069,1541.50183105469,1659.28308105469,0.491507470607758,0.0525000505149364,3
2627187.25082024,1119674.91882299,0,2649.94604492188,149.612442016602,13.7473306655884,-2.61812496185303,1527.20629882812,1683.29418945312,0.441464394330978,0.0193498078733683,3
2627505.29105211,1119426.91169282,0,2557.05932617188,115.387115478516,15.7044286727905,-2.34351563453674,1624.35693359375,1550.701171875,0.422544598579407,0.0619665309786797,3
2627468.02573182,1119825.2651141,1,2677.85815429688,174.101989746094,21.8883152008057,-2.81687498092651,1557.86767578125,1642.99328613281,0.328958779573441,0.0234877336770296,3
2627811.76618428,1119897.22573196,0,2693.68579101562,169.82243347168,18.9751739501953,-2.59999990463257,1649.14465332031,1505.82958984375,0.379564583301544,0.0597356557846069,3
2628011.58540066,1119765.51210063,0,2651.04956054688,197.859344482422,14.4372720718384,-2.27500009536743,1742.50158691406,1382.72705078125,0.315621227025986,0.0399348177015781,3
2628488.41847658,1119981.78090412,1,2624.28198242188,136.517868041992,19.149019241333,-1.9671094417572,1932.54931640625,1229.37023925781,0.386080056428909,0.0203169621527195,3
2628421.50392152,1119874.73803851,0,2615.72094726562,99.9541931152344,22.0607852935791,-1.95000004768372,1929.38134765625,1231.05859375,0.422581732273102,0.0536902360618114,3
2628720.91149324,1119849.68032315,0,2503.52416992188,103.174453735352,23.0037899017334,-1.32687497138977,2092.82006835938,1101.17248535156,0.329301416873932,0.0739928409457207,3
2628824.99738713,1120113.75009106,0,2572.89453125,145.240173339844,24.669397354126,-1.4140625,2046.01184082031,1151.98620605469,0.287194579839706,0.0603624433279037,3
2628730.22782312,1120115.35635491,1,2599.73046875,118.724044799805,24.9050579071045,-1.6328125,1984.44189453125,1187.23571777344,0.251087814569473,0.0550829842686653,3
2629491.59686238,1120834.32002934,0,2365.46337890625,42.7889823913574,16.3543395996094,-0.490624994039536,2118.02783203125,1109.68298339844,0.260169386863708,0.177516937255859,3
2628216.22340801,1120434.6815977,1,2729.97875976562,3.74767303466797,17.0602989196777,-2.70000004768372,1689.75915527344,1450.44079589844,0.451039016246796,-0.0881775170564651,3
2627450.35682959,1120728.30661989,1,2832.45825195312,6.64608001708984,21.1481113433838,-3.22499990463257,1541.28051757812,1740.87939453125,0.393961668014526,-0.0979295074939728,3
2627663.6686616,1121099.67480928,0,2690.32104492188,123.70711517334,7.51994943618774,-2.82999992370605,1530.69494628906,1725.51672363281,0.469799607992172,0.060099758207798,3
2628542.61621102,1121371.45464302,0,2608.20678710938,81.3062744140625,10.860387802124,-2.40000009536743,1618.9765625,1524.84423828125,0.230630949139595,0.120005019009113,3
2627251.83308311,1121889.52402626,1,2556.15673828125,10.916618347168,23.2981452941895,-1.39999997615814,1637.92846679688,1658.60791015625,0.344542175531387,0.000628009613137692,1
2627453.92646985,1122411.67481297,0,2426.05786132812,311.707397460938,10.3230209350586,-0.627499997615814,1722.79125976562,1446.74609375,0.280610531568527,0.109312742948532,1
2627823.3641546,1122590.44973192,0,2336.96557617188,354.2724609375,24.0681018829346,-0.350000023841858,1757.55834960938,1316.31225585938,0.0559761747717857,0.113559380173683,3
2624166.18601556,1110545.32802147,1,2897.56518554688,95.4322052001953,20.7359161376953,-4.15000009536743,840.46826171875,2129.07592773438,0.76885199546814,-0.0500479564070702,3
2624934.84977912,1113172.13349347,1,2781.1044921875,74.8327102661133,16.6285343170166,-3.13812494277954,1241.82360839844,1794.30407714844,0.756329238414764,-0.0899894386529922,3
2625792.73412085,1119190.25237117,1,2686.494140625,7.38855743408203,20.0848541259766,-2.71000003814697,1525.06896972656,1798.58850097656,0.541118204593658,-0.0561419613659382,3
2626251.16482873,1119215.13860935,1,2761.07055664062,359.300140380859,17.5889320373535,-2.56874990463257,1541.11413574219,1702.34521484375,0.730694830417633,-0.0736334547400475,1
2626486.92919263,1119515.08327215,1,2649.38452148438,328.593200683594,23.9724922180176,-2.49937510490417,1539.82055664062,1692.70837402344,0.505952179431915,-0.0765530169010162,1
2625076.27241425,1119716.13788316,1,2723.4736328125,13.2929992675781,13.244026184082,-2.70000004768372,1674.83312988281,1811.80944824219,0.544848442077637,-0.0530785396695137,3
2625521.69466553,1119948.34524281,1,2560.74877929688,336.818969726562,7.27323579788208,-2.06124997138977,1614.84057617188,1834.47473144531,0.542989134788513,-0.0117128202691674,1
2626429.31668285,1119425.89201917,1,2678.83129882812,347.530364990234,29.6969223022461,-2.50562500953674,1544.98388671875,1687.89416503906,0.510786831378937,-0.0919393748044968,1
2625230.8580214,1119699.94229365,1,2709.76904296875,15.6963500976562,23.7011165618896,-2.57500004768372,1637.13415527344,1830.85083007812,0.503464162349701,-0.0387871824204922,3
2625257.17739946,1120088.08368971,0,2562.2587890625,28.7117538452148,18.9535312652588,-2.15000009536743,1675.4765625,1810.61645507812,0.409708291292191,-0.000208226891118102,1
2625009.73417493,1121561.82641843,1,2514.48754882812,35.2729454040527,24.0575695037842,-1.4375,1880.93249511719,1702.09033203125,0.438307642936707,0.00352588924579322,1
2624945.92812883,1119482.93601784,1,2795.29248046875,335.552856445312,21.5042495727539,-3.06124997138977,1649.14807128906,1825.40612792969,0.521683752536774,-0.110548682510853,3
2626313.3573031,1120092.22861641,0,2580.89111328125,272.102294921875,19.5714435577393,-2.39499998092651,1512.685546875,1813.41625976562,0.509494543075562,0.0283585619181395,1
2626267.3031622,1119695.14910577,0,2574.07177734375,297.267303466797,19.5037517547607,-2.45499992370605,1529.99169921875,1763.63793945312,0.403559863567352,0.0241742599755526,1
2626599.88863449,1121232.64067055,0,2542.82348632812,230.225189208984,16.7250823974609,-1.875,1625.8037109375,1749.48229980469,0.336441695690155,0.0452734977006912,3
2626802.26585268,1120895.92685063,1,2598.26635742188,320.007141113281,30.2647876739502,-2.40000009536743,1556.3681640625,1775.7958984375,0.284525334835052,-0.0983352810144424,1
2625934.41878374,1119257.58831215,1,2650.50048828125,328.575317382812,27.0527362823486,-2.64374995231628,1515.86730957031,1788.59216308594,0.549439489841461,-0.058019932359457,1
2626093.50193447,1119484.5069196,0,2609.8291015625,354.117065429688,11.1491317749023,-2.50999999046326,1530.28784179688,1772.58935546875,0.479574799537659,-0.0528022013604641,1
2626449.17240624,1120202.51511431,0,2636.7958984375,271.781555175781,24.0318164825439,-2.46499991416931,1512.65087890625,1792.23901367188,0.433624029159546,0.0422366224229336,1
2627946.82984185,1121269.87438839,0,2657.01708984375,122.120292663574,7.93355464935303,-2.62374997138977,1498.76647949219,1680.09741210938,0.398796617984772,0.0916449800133705,3
2627350.91984924,1119155.35042456,0,2631.16186523438,95.6205596923828,17.7457103729248,-1.90499997138977,1595.32946777344,1573.29064941406,0.4852454662323,0.0376895442605019,3
2628636.83428622,1120143.36550262,1,2636.24072265625,161.423751831055,22.0221652984619,-1.87812507152557,1929.72961425781,1232.14526367188,0.190237492322922,0.0499132871627808,3
2625465.44540711,1119907.53695729,1,2575.587890625,59.303840637207,25.7817039489746,-2.125,1618.35034179688,1832.03698730469,0.627992212772369,-0.045017022639513,1
2625505.44009088,1118590.90468574,0,2786.21118164062,208.002914428711,19.1258850097656,-3.39499998092651,1540.04907226562,1812.91357421875,0.294155389070511,0.021899500861764,3
2633047.59460495,1115627.45548177,1,2469.29614257812,29.9289627075195,14.237135887146,-0.896875023841858,1894.70385742188,1250.69555664062,0.116754360496998,-0.0224457494914532,1
2633079.97850765,1115262.71047242,1,2537.98388671875,329.379821777344,23.165678024292,-1.39562499523163,1814.88122558594,1337.44555664062,0.011539688333869,-0.0347090065479279,1
2622016.67378803,1111369.02255756,1,3080.63916015625,241.426681518555,23.5212020874023,-5.42500019073486,1054.76892089844,2272.67626953125,0.855722904205322,-0.0475574471056461,2
2624568.69811532,1110360.17937405,0,2742.62890625,160.057174682617,18.7469730377197,-3.33874988555908,835.069580078125,2138.05419921875,0.384041309356689,0.0311103127896786,3
2629431.10325892,1111115.85982682,1,2437.16015625,246.763366699219,36.9498062133789,-0.987500011920929,1685.52453613281,1364.81201171875,0.54625940322876,-0.324968576431274,3
2628138.19098725,1094188.66819522,1,2701.67065429688,356.167846679688,27.85693359375,-2.85500001907349,1573.60424804688,2139.48828125,0.520220518112183,-0.127984061837196,3
2627973.63480176,1093916.79252588,1,2832.16821289062,5.10971069335938,30.1530303955078,-3.42687487602234,1623.96301269531,2097.87133789062,0.547854542732239,-0.128735825419426,3
2627575.43410318,1093500.5937751,1,2965.02075195312,292.775299072266,12.0132284164429,-4.48171901702881,1769.66137695312,2008.48059082031,0.670545160770416,-0.0463250689208508,3
2627060.14043023,1093593.4836026,1,2809.95849609375,228.370330810547,16.0482025146484,-3.79500007629395,1912.71325683594,1941.41516113281,0.350705504417419,0.0404780544340611,4
2626690.17376253,1093922.78537858,1,2679.7177734375,306.306243896484,12.2109088897705,-2.7649998664856,1972.11791992188,1898.42846679688,0.540425479412079,-0.0190666057169437,4
2627416.90148898,1093003.00422471,1,2938.37377929688,276.361480712891,24.4281558990479,-4.46250009536743,1856.58630371094,1915.83215332031,0.586531937122345,-0.0841737389564514,3
2627169.34872157,1093123.53160935,1,2846.6396484375,353.600158691406,24.8224601745605,-4.296875,1904.07788085938,1936.62219238281,0.565500378608704,-0.0970261543989182,4
2626967.07232817,1093309.45820087,1,2790.53076171875,356.340423583984,15.913519859314,-4.07999992370605,1951.41247558594,1923.69592285156,0.592370092868805,-0.124175235629082,4
2626883.85602954,1093406.7185599,1,2764.42504882812,15.3103408813477,9.92989540100098,-3.9375,1973.82861328125,1911.98449707031,0.608210921287537,-0.116168230772018,4
2626685.97945226,1093551.45377894,0,2739.02709960938,3.94345092773438,17.2746715545654,-3.56625008583069,1998.19641113281,1895.99304199219,0.513026595115662,-0.0910286232829094,4
2626349.55289302,1093839.14985453,0,2627.53344726562,346.849853515625,25.0277137756348,-2.80000019073486,1977.142578125,1897.95922851562,0.302535474300385,-0.0216581225395203,4
2626417.46745417,1093679.84409409,0,2690.2705078125,11.9191055297852,13.3901691436768,-3.15000009536743,1989.36059570312,1896.81823730469,0.428504437208176,-0.0603431947529316,4
2626508.50555559,1092738.45980083,1,2942.36791992188,336.536804199219,22.7733688354492,-4.24687480926514,2020.3173828125,1767.1171875,0.803049981594086,-0.162672206759453,2
2626863.88666278,1092812.94223074,1,2980.37280273438,289.766906738281,14.4919204711914,-4.296875,2001.24536132812,1802.06579589844,0.630539357662201,-0.0981982052326202,4
2627193.53435183,1092655.80246955,1,3027.02807617188,341.853759765625,28.3675270080566,-4.45499992370605,1958.71057128906,1763.16076660156,0.37514790892601,-0.169725731015205,4
2626669.79233779,1093382.78034377,1,2792.75073242188,10.498046875,26.4020843505859,-3.77812504768372,2010.37280273438,1894.85583496094,0.574182450771332,-0.153966754674911,4
2626586.55116698,1094138.36633474,0,2604.61352539062,329.546020507812,18.2620487213135,-2.2262499332428,1959.15100097656,1896.36694335938,0.42268630862236,-0.0478290468454361,4
2626808.20786666,1094378.55227294,1,2539.62329101562,331.017791748047,26.3013095855713,-1.78750002384186,2003.74328613281,1816.81958007812,0.172073185443878,-0.0588388964533806,4
2627375.27971893,1094486.83490702,1,2564.91333007812,335.951477050781,24.3713779449463,-1.57187497615814,1920.08166503906,1885.580078125,0.286980181932449,-0.0599394105374813,3
2626922.9496468,1094871.98718218,0,2320.52685546875,359.140716552734,21.0817680358887,-0.801562488079071,2117.896484375,1641.04467773438,0.172578498721123,0.0115250954404473,1
2626730.85733647,1094599.63396433,0,2440.56005859375,352.548156738281,23.7948799133301,-1.28375005722046,2070.28076171875,1717.05908203125,0.198731794953346,0.00152775971218944,4
2627288.09527895,1094742.01764263,0,2419.06323242188,343.100555419922,26.709659576416,-1.17499995231628,2030.87963867188,1761.69152832031,0.213244512677193,0.0332693532109261,3
2627013.68309811,1094887.63731406,0,2318.07055664062,349.221343994141,15.7888984680176,-0.814999997615814,2113.92944335938,1649.94665527344,0.126320630311966,0.145520970225334,1
2626652.19250596,1094823.3802199,0,2350.34936523438,355.930084228516,19.2394981384277,-0.760625004768372,2126.14135742188,1626.92810058594,0.124287351965904,0.131113082170486,1
2627793.59828436,1093855.50217226,1,2899.49926757812,23.4257888793945,30.9920597076416,-3.5550000667572,1683.640625,2064.13623046875,0.622608006000519,-0.154010087251663,3
2627743.87045054,1093937.13088052,1,2877.92846679688,28.3549461364746,26.5975227355957,-3.33124995231628,1695.18359375,2063.912109375,0.597836077213287,-0.129453539848328,3
2628053.52970452,1094325.30410511,0,2667.65209960938,32.5047950744629,14.6361846923828,-2.47874999046326,1666.04357910156,2071.9462890625,0.500884830951691,-0.053110558539629,3
2628993.34263566,1099382.14324637,0,2604.86059570312,19.2705917358398,20.6731567382812,-2.6875,1849.14965820312,1622.66015625,0.209980949759483,0.0469482578337193,2
2628837.02660547,1099068.38661021,1,2725.49975585938,346.384613037109,18.2730808258057,-3.41312503814697,1743.48181152344,1697.73266601562,0.380687743425369,-0.0228135045617819,1
2629142.91121173,1098889.57906468,0,2705.46337890625,293.445556640625,9.31799507141113,-3.19000005722046,1807.79028320312,1701.17834472656,0.287058353424072,0.081752173602581,1
2629430.69113866,1098814.97446422,0,2761.0361328125,301.345245361328,19.4573307037354,-2.94937491416931,1844.3369140625,1705.68542480469,0.136583402752876,0.0630230233073235,5
2629345.89713621,1098550.51947381,0,2804.92724609375,0.516616821289062,15.8134164810181,-3.55750012397766,1771.60803222656,1768.822265625,0.332890152931213,0.00192640814930201,5
2629067.56463615,1098479.67120125,1,2862.43188476562,13.7594223022461,28.2817058563232,-3.93937492370605,1746.78405761719,1774.13513183594,0.576474368572235,-0.0447988361120224,5
2628917.4337725,1098403.20004984,1,2899.76806640625,342.677398681641,35.1608810424805,-4.11750030517578,1738.41857910156,1777.9482421875,0.718920588493347,-0.148744940757751,2
2629407.18651508,1098435.53160261,1,2846.09619140625,11.2351837158203,21.3294696807861,-3.66750001907349,1744.93933105469,1798.96728515625,0.456791251897812,-0.0256805438548326,5
2629430.52146192,1098710.20923127,1,2784.53149414062,280.374877929688,19.0451564788818,-3.19000005722046,1813.2841796875,1735.27709960938,0.197082042694092,-0.00434338487684727,5
2629568.15310136,1097884.28446097,1,2845.3955078125,76.7561492919922,25.4879264831543,-4.02187490463257,1654.96630859375,1882.26281738281,0.515943765640259,-0.0328971408307552,5
2629963.10627521,1098103.55172843,1,2730.32934570312,9.47373962402344,9.15412616729736,-3.14000010490417,1660.998046875,1856.39367675781,0.355942159891129,-0.00965202506631613,5
2631460.22116185,1099473.77546692,1,2957.7587890625,293.306976318359,20.0875301361084,-4.32625007629395,1518.23474121094,1768.5703125,0.27889409661293,0.00367031386122108,5
2631206.22986649,1099926.72660968,1,2907.13720703125,286.144622802734,17.6642017364502,-4.15250015258789,1638.70324707031,1694.65063476562,0.116085633635521,0.0291834343224764,5
2630543.85349346,1100143.97147918,0,2788.29931640625,195.353149414062,27.0513916015625,-2.91750001907349,2029.06555175781,1472.81237792969,-0.0926807746291161,0.0791175961494446,5
2631151.55118445,1100802.23225158,1,3153.21728515625,279.135314941406,5.88581848144531,-4.80000019073486,1450.62866210938,1759.56115722656,0.312423855066299,-0.0263344701379538,3
2630827.00675182,1100712.86494427,1,3066.62866210938,303.109466552734,16.9043560028076,-4.15000009536743,1759.48266601562,1544.892578125,0.0934813991189003,0.0363276787102222,3
2630464.83397921,1100567.05512699,1,2932.3798828125,273.182556152344,14.3654003143311,-3.42875003814697,1989.04602050781,1436.70239257812,-0.0284975450485945,0.0368193797767162,3
2629716.97072122,1100750.49328482,1,2588.80419921875,268.970397949219,28.2579803466797,-1.5625,2124.63647460938,1330.31140136719,0.00248825503513217,0.077068567276001,3
2629754.59906105,1101125.36562196,1,2573.58520507812,299.618896484375,30.5906867980957,-2.1875,2100.07202148438,1271.77624511719,-0.122413463890553,0.0845054537057877,1
2630048.10011323,1101067.04169483,1,2713.197265625,296.391235351562,25.8779296875,-2.66750001907349,2103.50561523438,1279.95837402344,-0.21542327105999,0.0600524879992008,1
2630524.09861449,1101059.51602659,1,2945.16357421875,298.439025878906,23.2274646759033,-3.55000019073486,1873.21350097656,1432.29309082031,0.150888934731483,-0.0102495467290282,1
2630381.5812761,1102148.85646939,1,2992.44287109375,191.35807800293,20.8369922637939,-5.32499980926514,1465.59130859375,1622.45373535156,0.125538900494576,0.0304689090698957,4
2630232.94933311,1101978.58823101,1,2894.11889648438,186.461273193359,31.4603900909424,-4.65000009536743,1651.37084960938,1509.03405761719,0.0767046436667442,0.0485552474856377,4
2631008.09313757,1101871.34746165,1,3100.82836914062,263.985168457031,33.9667587280273,-5.25,1208.17236328125,1849.93811035156,0.343259245157242,-0.0152544314041734,1
2619718.8431349,1096458.68952354,1,2860.64135742188,161.185745239258,18.8531093597412,-4.08624982833862,1937.55297851562,1354.82092285156,0.387549757957458,-0.0125708775594831,4
2619825.49394021,1096678.55426065,1,2952.84008789062,204.464263916016,16.6925048828125,-4.29312515258789,1612.78625488281,1542.00305175781,0.491117298603058,-0.0293510444462299,4
2619840.26097507,1096156.78570528,0,2738.623046875,200.460174560547,14.881763458252,-2.87249994277954,2379.25341796875,1086.73168945312,0.266328454017639,0.040114764124155,4
2619695.0518015,1096223.23736099,1,2776.07202148438,178.117904663086,16.9734077453613,-3.25500011444092,2257.8271484375,1164.64001464844,0.257173806428909,0.0544762499630451,2
2620955.07148573,1096849.16886562,1,2755.61767578125,40.3062973022461,23.1020545959473,-2.89249992370605,1578.76013183594,1596.0673828125,0.551318168640137,-0.0437448546290398,5
2621185.8811494,1096867.07651181,1,2685.10375976562,5.10369873046875,13.5002136230469,-2.57187509536743,1653.90405273438,1568.28393554688,0.449864417314529,-0.0643019080162048,5
2620926.22027771,1096954.62500499,0,2745.70239257812,79.3108215332031,14.0580615997314,-2.88374996185303,1436.7392578125,1680.66235351562,0.589577376842499,-0.011907753534615,5
2620934.92538343,1097218.51407069,1,2735.71997070312,79.4609832763672,29.409252166748,-2.76687502861023,1213.64294433594,1815.53894042969,0.609885036945343,-0.0510612241923809,5
2621447.03432481,1097037.94530352,1,2621.93041992188,28.6135940551758,21.7532997131348,-2.02749991416931,1631.32775878906,1606.34680175781,0.32024809718132,-0.0511917173862457,5
2621724.60284285,1096885.23287516,0,2634.31616210938,58.4500274658203,15.3722801208496,-1.75937497615814,1989.98864746094,1407.82507324219,0.351967185735703,0.0353564582765102,4
2620912.04339075,1097534.13633685,1,2666.18041992188,71.8637924194336,17.3968105316162,-2.71000003814697,1191.42846679688,1824.90673828125,0.666781008243561,-0.0449843928217888,5
2630935.52122303,1096065.51000948,1,2991.06176757812,216.029754638672,27.0201225280762,-4.07499980926514,1334.16809082031,1854.3310546875,0.482258886098862,-0.0201430935412645,5
2629921.75822096,1095977.63033083,1,2699.970703125,225.045913696289,19.0169944763184,-3.44999980926514,2039.84130859375,1618.76489257812,0.257996112108231,0.145011603832245,5
2628546.43775315,1103471.75434353,1,2536.32446289062,342.042175292969,29.5626754760742,-1.64999997615814,1621.2890625,1479.26452636719,-0.00993065163493156,0.0131843071430922,3
2628750.52168034,1103651.92165894,1,2537.8701171875,297.133972167969,25.6037158966064,-2.03749990463257,1479.74377441406,1589.61047363281,0.0764499083161354,-0.0364574380218983,3
2627611.28215711,1098896.34761814,1,2842.03002929688,300.476745605469,22.4602928161621,-3.20000004768372,1789.42065429688,1592.77514648438,0.308327466249466,-0.0980551913380623,2
2627236.69159336,1097985.09050141,0,2694.82543945312,343.148498535156,15.4850130081177,-2.81937503814697,1974.05676269531,1530.35913085938,0.0845897868275642,-0.0157000571489334,2
2627441.3601662,1097882.64412924,1,2700.70849609375,19.4610137939453,24.8499889373779,-3.38124990463257,1930.89575195312,1630.59130859375,0.248114675283432,0.00453295698389411,4
2627155.54151358,1096871.85486981,1,2709.51611328125,272.236053466797,30.543514251709,-2.80000019073486,2266.06860351562,1384.49267578125,0.334803640842438,0.0412990227341652,1
2626926.4382478,1097454.70075036,1,2642.3623046875,272.181427001953,32.7019844055176,-2.34999990463257,2134.80517578125,1355.12426757812,0.216445401310921,0.0507962554693222,1
2629381.11609268,1096711.34808008,1,3021.96240234375,219.522064208984,15.5140352249146,-4.40000009536743,2029.94287109375,1673.49743652344,0.44937065243721,-0.0243739988654852,5
2628739.9856239,1096333.84328706,1,2811.48315429688,193.7666015625,25.6246089935303,-3.40000009536743,2518.0322265625,1415.46472167969,0.157023161649704,0.0452718809247017,5
2627665.8967998,1092249.77968613,1,2890.13256835938,200.88102722168,19.0029888153076,-3.79375004768372,1962.83178710938,1623.81799316406,0.350601971149445,-0.00243476172909141,2
2628297.74539594,1092707.25033684,1,3036.98706054688,213.174102783203,18.120325088501,-4.5,1696.8720703125,1843.91748046875,0.726016759872437,-0.0473213791847229,3
2629281.13561075,1089225.81360325,1,2959.99340820312,281.70068359375,18.7108898162842,-3.61187505722046,552.070617675781,2664.99731445312,0.913740038871765,-0.0855094715952873,0
2629685.98932567,1090811.60274087,1,2938.4365234375,250.993774414062,23.3605289459229,-3.67499995231628,910.189025878906,2334.41870117188,0.888576149940491,-0.0771229937672615,4
2619310.54855516,1094091.65522105,0,2367.54541015625,358.168640136719,9.26778793334961,-1.29999995231628,1567.25048828125,1924.94873046875,0.184957876801491,0.240253791213036,1
2620125.08097356,1093516.49309647,1,2616.72778320312,21.3800659179688,28.1519603729248,-2.44999980926514,1578.5771484375,1859.3642578125,0.457403749227524,-0.0581635050475597,5
2628592.05100364,1103554.18792874,0,2492.67138671875,351.417083740234,28.8274002075195,-1.70500004291534,1585.41467285156,1506.49694824219,-0.0991724729537964,0.0905375480651855,3
2619446.10037547,1096260.15708245,1,2807.18969726562,133.901794433594,17.0081787109375,-3.51250004768372,2188.0927734375,1224.73071289062,0.262915998697281,0.0271244030445814,4
2619646.03646978,1096560.90480254,1,2897.48046875,109.002868652344,22.3706092834473,-4.39249992370605,1791.28747558594,1451.03918457031,0.361437559127808,-0.0147529365494847,4
2619489.73162175,1096542.29708259,1,2954.05346679688,140.246932983398,18.2034435272217,-4.54374980926514,1786.734375,1470.94189453125,0.502816319465637,-0.0224777106195688,4
2620977.77570227,1096763.38386375,1,2764.98706054688,13.1987228393555,10.1694002151489,-2.89437508583069,1686.91809082031,1531.92749023438,0.488071143627167,-0.0643591657280922,5
2628459.3072614,1093462.93309296,1,2952.77880859375,20.1799774169922,10.0381546020508,-4.5,1489.81262207031,2105.7890625,0.679165303707123,-0.0599381327629089,3
2628363.95784415,1093758.66526987,1,2926.75854492188,1.89505004882812,9.71116161346436,-3.96875,1498.65600585938,2139.64306640625,0.718052506446838,-0.0733891353011131,3
2628246.26884707,1094262.0637529,1,2707.14697265625,343.343719482422,20.6081047058105,-2.8125,1562.8544921875,2141.69262695312,0.508624136447906,-0.0707078948616982,3
2629792.31232947,1098075.63999813,1,2744.1328125,30.9357948303223,24.7782077789307,-3.4524998664856,1661.02075195312,1865.28723144531,0.261981785297394,-0.00286201690323651,5
2630774.62856339,1096076.5572437,1,2983.1708984375,284.7373046875,9.58093929290771,-3.92499995231628,1449.80712890625,1810.09313964844,0.48992070555687,-0.0169333200901747,5
2630687.02571412,1096187.75771645,1,2965.75439453125,264.674926757812,17.453857421875,-4.07499980926514,1557.92260742188,1750.640625,0.608263611793518,-0.0343480072915554,5
2631348.71864462,1100794.6663976,1,3197.17578125,251.656356811523,10.3238935470581,-5.19999980926514,1260.19470214844,1903.22436523438,0.308659315109253,-0.0228154193609953,3
2621029.227304,1096138.75052229,0,2710.169921875,177.468933105469,27.9314365386963,-2.10875010490417,2502.70458984375,1035.431640625,0.320798426866531,0.0533573068678379,2
2626567.06258596,1093541.38639302,1,2734.5625,1.86961364746094,28.3818035125732,-3.47125005722046,1998.14099121094,1895.99816894531,0.482216238975525,-0.100115559995174,4
2626109.69770917,1095095.41141819,0,2207.39135742188,324.812133789062,17.1926250457764,0,2195.31884765625,1515.31030273438,0.0120063154026866,0.0769761055707932,1
2628264.77450416,1094091.06559575,1,2755.77099609375,355.798583984375,27.3986835479736,-3.16499996185303,1510.04943847656,2176.18237304688,0.525970220565796,-0.103189446032047,3
2627231.79910215,1097327.43438411,1,2804.05493164062,279.636840820312,31.1091785430908,-2.94999980926514,2082.7265625,1494.79577636719,0.310929000377655,0.0206986870616674,1
2628547.04567105,1096668.22872,0,2928.47924804688,225.358612060547,12.9843616485596,-3.71624994277954,2243.14135742188,1565.48999023438,0.327113002538681,0.092722661793232,2
2628325.70539418,1096491.13286537,0,2873.94213867188,183.340805053711,16.1762771606445,-3.4915623664856,2378.56372070312,1491.58154296875,0.213913783431053,0.12182243168354,2
2628142.1216179,1096203.6342941,0,2763.673828125,224.575653076172,16.8090038299561,-2.79500007629395,2612.02783203125,1364.16540527344,0.157881304621696,0.173389375209808,5
2627578.53979949,1098662.95531759,1,2897.81494140625,300.170349121094,30.3495178222656,-3.40000009536743,1817.0888671875,1608.65710449219,0.250721782445908,-0.0962146446108818,2
2629861.21597634,1100688.36248028,1,2650.48754882812,283.561981201172,27.0823783874512,-1.80999994277954,2127.97875976562,1338.27575683594,-0.10192883759737,0.0800602957606316,3
2628091.96399522,1102175.6075766,1,2489.83544921875,256.84765625,27.5516185760498,-1.11500000953674,2166.10034179688,1119.55773925781,0.00923818629235029,0.0872287824749947,3
2638932.40715194,1101150.5786704,1,2845.30932617188,52.2775382995605,32.4014663696289,-2.22499990463257,941.478454589844,1957.10229492188,0.507607817649841,-0.0293297413736582,4
2641671.94931703,1101168.97511486,1,2666.91455078125,303.050323486328,23.0960693359375,-1.88187503814697,1857.39392089844,1437.36364746094,0.262738823890686,-0.0262050051242113,3
2638808.7099314,1102853.28427468,1,2778.75463867188,45.9856719970703,21.9802360534668,-2.59999990463257,1131.47021484375,1855.98388671875,0.313408225774765,-0.0230977293103933,5
2638390.37912024,1102593.2471875,1,2982.21948242188,105.695297241211,29.445613861084,-3.49000000953674,814.987365722656,2086.99829101562,0.37366908788681,-0.0072780130431056,5
2631658.98349719,1112755.58731663,1,2627.10888671875,258.344116210938,16.7285842895508,-1.91250002384186,1688.42834472656,1512.56384277344,0.164299637079239,0.035290103405714,1
2631882.7784719,1112163.65961328,1,2678.87841796875,295.025726318359,29.2841033935547,-2.828125,1657.43566894531,1574.86755371094,0.127889439463615,0.0280979555100203,1
2632039.97800677,1112464.91108554,1,2847.9072265625,245.550903320312,23.7874374389648,-3.16125011444092,1673.48034667969,1542.61340332031,0.228846579790115,-0.0158057305961847,1
2631724.43566737,1112476.91541383,0,2649.40185546875,264.721069335938,34.8781661987305,-2.19437503814697,1673.61975097656,1542.33312988281,0.0733606368303299,0.0468273386359215,1
2631316.57432829,1112523.78945717,0,2433.99560546875,261.613983154297,24.9766006469727,-1.0625,1744.07739257812,1452.6376953125,-0.0400229394435883,0.105373807251453,1
2631816.75466771,1111166.44292737,1,2783.41528320312,261.332702636719,27.9407234191895,-3.15000009536743,1318.15393066406,1857.54833984375,0.468359589576721,-0.0295076426118612,3
2631776.16860619,1110669.6923971,1,2752.9716796875,284.035949707031,23.3181266784668,-3.05000019073486,1165.02160644531,2031.43664550781,0.45908510684967,-0.0157904922962189,3
2632365.26400525,1110341.66981871,1,3077.62670898438,250.640991210938,30.9488468170166,-4.41875028610229,931.876281738281,2302.41796875,0.577887356281281,-0.0453833788633347,3
2632066.85919763,1110281.34034632,1,2936.90942382812,217.35302734375,17.9667949676514,-3.97062516212463,950.321411132812,2280.63134765625,0.423652797937393,-0.0486545711755753,3
2629863.39673188,1105979.13490697,1,3162.00805664062,346.418884277344,23.0286083221436,-4.953125,1188.34936523438,1980.40270996094,0.312414288520813,-0.0722583681344986,3
2636177.71297541,1107478.34436037,0,2545.60595703125,213.955108642578,25.5236358642578,-2.09968757629395,1255.99401855469,1671.447265625,0.28170844912529,0.0429453738033772,3
2629646.20810973,1105761.22060377,1,3101.95629882812,234.067428588867,24.8135509490967,-4.58750009536743,1292.60498046875,1779.5908203125,0.469107627868652,-0.0205299258232117,3
2629689.27170927,1105702.21379926,1,3107.44262695312,253.646606445312,19.664234161377,-4.73999977111816,1270.357421875,1820.11840820312,0.540754020214081,-0.0364031568169594,3
2635565.53190764,1108087.50590928,1,2905.0322265625,80.1457672119141,27.5066547393799,-3.90499997138977,1122.7509765625,1857.10046386719,0.599032342433929,-0.0374414138495922,3
2629509.49978707,1107759.6034405,1,2741.98315429688,294.779205322266,19.1217651367188,-2.75078129768372,1479.10693359375,1592.67797851562,0.165133342146873,-0.031811598688364,3
2629333.60943293,1107922.28826214,1,2613.55932617188,296.415832519531,30.6938076019287,-2.38906240463257,1605.62780761719,1481.19116210938,0.0431382320821285,0.033769391477108,3
2630022.49803533,1107907.61544796,1,2870.27465820312,237.188095092773,17.8159065246582,-4.2649998664856,1123.51208496094,2054.716796875,0.297370225191116,-0.00453928066417575,3
2630574.10412426,1108475.72845164,1,3117.037109375,244.195571899414,29.3823337554932,-5.65187501907349,1079.07507324219,2165.92651367188,0.420632570981979,-0.0490603931248188,3
2630277.25476233,1108634.4699547,1,3023.95971679688,236.426010131836,13.0583581924438,-5.05000019073486,1085.83569335938,2167.5869140625,0.304402858018875,-0.0329520739614964,3
2630159.23031733,1108557.71279832,1,2988.32421875,236.71745300293,17.2819309234619,-4.80000019073486,1087.40747070312,2160.19653320312,0.248290151357651,0.0120748858898878,3
2630095.95380836,1108503.51509288,1,2961.7177734375,218.698028564453,17.7502975463867,-4.69750022888184,1116.72766113281,2117.1103515625,0.245287328958511,0.0262379869818687,3
2629573.50993626,1108397.87083489,1,2816.9267578125,233.635040283203,18.2401866912842,-3.55749988555908,1445.97509765625,1669.53479003906,0.231032162904739,0.0348095148801804,3
2629959.49664131,1108251.50951829,1,2890.216796875,250.759460449219,19.1333045959473,-4.26249980926514,1204.34716796875,1984.78381347656,0.26435574889183,0.0326097272336483,3
2629784.52333806,1108368.15838705,1,2850.66723632812,219.96208190918,20.7104930877686,-3.95937490463257,1318.86291503906,1838.70910644531,0.277048528194427,0.0363727919757366,3
2628504.76661559,1104920.47082108,1,2517.94140625,321.772521972656,31.8625926971436,-1.07093751430511,1889.39404296875,1235.90893554688,0.0354658961296082,-0.0665257796645164,3
2638498.67464292,1104716.76413309,0,2376.22705078125,334.126525878906,26.2354164123535,-0.914921879768372,1467.64025878906,1593.31677246094,0.0850794687867165,0.0512584857642651,3
2629490.66485282,1108293.97848653,1,2757.75659179688,212.343139648438,17.0824184417725,-3.2887499332428,1494.28784179688,1602.31982421875,0.193768247961998,0.0439012050628662,3
2629722.01603525,1105666.15671886,1,3120.47338867188,274.770629882812,21.5951118469238,-4.81437492370605,1259.53771972656,1840.00695800781,0.61880749464035,-0.0560908652842045,3
2632531.32692943,1111031.08704011,1,2943.95458984375,211.624496459961,21.324821472168,-4.51062488555908,1141.05847167969,2042.50146484375,0.888965249061584,-0.0812201350927353,3
2637588.05664764,1104989.9673138,0,2087.88745117188,341.333038330078,32.982494354248,1.10000002384186,1501.20617675781,1519.74157714844,-0.175745382905006,0.31235134601593,1
2637267.56206873,1103905.61754604,1,2505.1044921875,334.455444335938,18.7086639404297,-1.56500005722046,983.361145019531,1961.90209960938,0.438661307096481,-0.104522064328194,5
2637653.41805224,1103427.31447756,1,2667.51879882812,312.254516601562,22.0491580963135,-2.71374988555908,779.242919921875,2131.9404296875,0.297130972146988,-0.157826706767082,5
2637594.54831814,1103639.2834861,1,2630.34814453125,245.76350402832,21.834602355957,-2.29999995231628,875.495971679688,2051.7578125,0.0647637546062469,-0.119454801082611,5
2641443.93263375,1100516.59251677,0,2630.39868164062,284.272155761719,20.6610984802246,-2.30124998092651,1823.05627441406,1417.48889160156,0.667098522186279,-0.0719429180026054,3
2568433.87252759,1099928.35511819,1,2107.52758789062,8.86594390869141,15.2661409378052,1.05218744277954,2009.12475585938,1112.224609375,0.064095750451088,0.0281938724219799,3
2571112.39166409,1098133.67706433,1,2507.69555664062,32.054630279541,21.3765430450439,0.625,1759.16247558594,1347.51794433594,0.126780897378922,-0.0552919283509254,4
2568613.82692958,1100305.07189098,0,1913.2119140625,4.07749176025391,28.2433681488037,2.13750004768372,2112.36499023438,973.175109863281,-0.188482910394669,0.547378301620483,3
2569683.20444643,1100237.92686966,0,2088.5947265625,24.5143356323242,19.0888519287109,1.35000002384186,2060.72729492188,1009.56506347656,0.0849820226430893,0.302853524684906,3
2569812.46601906,1100205.27131444,0,2076.22338867188,21.7261581420898,18.6181793212891,1.60000002384186,2067.68188476562,1019.18377685547,0.0203030686825514,0.330282181501389,3
2571883.37247804,1098306.48684575,0,2070.931640625,17.7435302734375,22.8237819671631,1.75,2011.912109375,1025.84545898438,-0.101439915597439,0.246532320976257,4
2571638.45581393,1098755.50072931,0,1996.08203125,70.2805786132812,20.5608234405518,1.79999995231628,2158.3447265625,923.26416015625,-0.027473758906126,0.307337135076523,4
2571459.75735943,1098170.64880746,0,2296.24438476562,108.762718200684,21.9485664367676,0.959375023841858,1846.10485839844,1219.55126953125,-0.0603097043931484,0.0674285218119621,4
2567838.64605309,1099703.60883915,0,2122.55053710938,10.1064453125,12.975944519043,0.979999959468842,2111.45947265625,1025.46362304688,-0.0705784857273102,0.272112458944321,3
2567838.81793123,1100061.80533662,0,1994.65808105469,31.9110221862793,16.9207458496094,1.86374998092651,2185.31762695312,924.707092285156,-0.042438417673111,0.149187356233597,3
2567814.94234409,1099353.32069289,0,2274.72216796875,347.959014892578,23.7333354949951,0.311874985694885,2046.39990234375,1116.78295898438,0.11110532283783,0.0406023636460304,3
2567676.87212576,1099212.09586779,1,2370.09716796875,351.833984375,25.7653160095215,0.313749998807907,2070.2138671875,1099.39477539062,0.244248986244202,-0.0937530845403671,3
2568116.2867211,1098667.88843662,1,2582.1357421875,46.434440612793,23.1832675933838,-0.917187511920929,1953.89514160156,1277.59301757812,0.353788763284683,-0.0283609330654144,3
2568264.65438222,1098572.1956848,1,2566.21142578125,32.3427963256836,25.0679054260254,-1.1915625333786,1912.01574707031,1332.43432617188,0.431397318840027,-0.0240766610950232,3
2568664.32525637,1098200.17913832,1,2503.69946289062,52.489143371582,29.9339542388916,-1.24624991416931,1864.40490722656,1439.27868652344,0.45020380616188,-0.108624130487442,3
2568857.96846298,1098406.89482607,0,2362.4326171875,23.6874771118164,19.2135353088379,-0.747500002384186,1830.90307617188,1470.25134277344,0.299353420734406,-0.0100087411701679,3
2568915.18951184,1097902.78537994,1,2533.07983398438,355.220855712891,15.0188035964966,-1.33000004291534,1781.08190917969,1495.87573242188,0.563223898410797,-0.0953160524368286,3
2569732.52852049,1097871.18043404,1,2448.05029296875,4.874267578125,20.4443893432617,-1.046875,1734.3935546875,1472.99572753906,0.305693954229355,-0.0686812549829483,4
2570091.05953102,1097923.87066441,1,2360.97241210938,19.4489669799805,20.4817008972168,-0.667500019073486,1746.27062988281,1465.69995117188,0.0782841220498085,0.0617232732474804,4
2566707.21186024,1096389.33363055,0,2253.06811523438,122.132965087891,19.3871803283691,0.649999976158142,1257.68835449219,1837.59594726562,0.168562576174736,-0.0193082150071859,3
2565795.23744908,1096726.09404356,0,2377.44555664062,46.1169395446777,5.29251718521118,0.32124999165535,1612.73828125,1573.25231933594,0.205451995134354,0.07621730864048,3
2563936.59209939,1097343.1479721,0,2181.39111328125,352.712982177734,19.9536514282227,0.840624988079071,2081.13696289062,1245.47973632812,-0.0781942531466484,0.253343522548676,2
2564629.84232294,1097592.82690396,0,2081.0634765625,342.981384277344,15.0791444778442,1.04999995231628,2120.73608398438,1217.27099609375,-0.0423838943243027,0.297907292842865,3
2565717.00018121,1097243.8206577,0,2250.59814453125,65.0036239624023,20.6716499328613,1.046875,1974.59619140625,1296.6220703125,0.135717630386353,0.00472486764192581,3
2566014.30179838,1096891.41279145,0,2276.98681640625,81.5136566162109,18.2840518951416,0.992500007152557,1736.71032714844,1466.17810058594,-0.196466207504272,0.375611215829849,3
2563906.99800199,1098460.24008822,0,2136.212890625,299.847778320312,25.1503429412842,1,2301.44580078125,1014.03558349609,-0.236570313572884,0.370526194572449,2
2563981.83364928,1098489.49402302,0,2165.62548828125,300.658477783203,30.2120456695557,1.01250004768372,2329.65551757812,998.629699707031,-0.300128698348999,0.338083952665329,2
2568926.62306069,1098121.32777024,0,2456.5126953125,15.6053085327148,22.788516998291,-0.995312511920929,1804.75,1510.01867675781,0.467102438211441,-0.097534142434597,3
2562080.68081227,1104058.95093501,0,1978.78466796875,89.9817428588867,17.8390274047852,0.879999995231628,2042.30578613281,1153.06262207031,0.0246084649115801,0.184232741594315,3
2562432.07690197,1103235.94074506,0,1881.34533691406,155.969146728516,17.1653594970703,2.76843738555908,2470.05883789062,849.713806152344,0.100379623472691,0.304085969924927,3
2562335.341767,1103943.72639008,0,1927.82495117188,37.700611114502,23.170431137085,1.64499998092651,2200.41137695312,1020.58081054688,-0.0840741917490959,0.288602322340012,3
2561925.01196002,1102823.80206263,0,2039.18212890625,117.522392272949,22.8900966644287,1.56968748569489,2281.17016601562,972.590942382812,0.197330951690674,0.130901947617531,3
2560756.20662289,1103016.77085982,0,2315.66918945312,260.4072265625,20.1187171936035,0.803125023841858,1899.06604003906,1255.54235839844,0.128922417759895,0.144974887371063,3
2562964.80253328,1104952.33523103,0,2106.07788085938,125.98348236084,19.8182487487793,1.1681250333786,1971.115234375,1165.50830078125,0.293453574180603,0.1137365847826,3
2568779.12072478,1097762.70708119,1,2575.6630859375,52.6282043457031,25.5446472167969,-1.51031255722046,1803.41638183594,1446.43542480469,0.634722173213959,-0.104114048182964,3
2572137.58751167,1096086.72625098,1,2355.72729492188,22.4431304931641,27.4665985107422,-0.211249992251396,1403.87426757812,1623.74426269531,0.171085506677628,-0.0474028028547764,4
2572543.13228757,1091690.0940915,1,2462.25146484375,56.3099327087402,30.172758102417,-0.879999995231628,1230.4541015625,1584.44018554688,0.263919949531555,0.0102843409404159,4
2565245.89704096,1097879.44557217,0,2062.9072265625,4.86986541748047,22.1261596679688,2.125,2266.21850585938,1122.41381835938,-0.114558450877666,0.20674292743206,3
2565123.75759511,1097683.31000449,0,2138.01025390625,320.648803710938,26.7043151855469,1.4375,2165.556640625,1188.86096191406,-0.0988047569990158,0.0915099829435349,3
2564461.29740265,1097187.08343405,1,2308.8857421875,333.321624755859,18.1549453735352,0.228125005960464,2000.49877929688,1317.38024902344,0.0731680914759636,0.064560204744339,3
2564330.88858448,1097024.79794502,1,2344.45727539062,315.536865234375,14.9963140487671,0.0203124992549419,1941.80920410156,1353.51501464844,0.0384321995079517,0.0709517598152161,3
2564536.63792596,1097331.24230069,1,2244.57348632812,339.71630859375,24.5303802490234,0.566874980926514,2047.99768066406,1280.04174804688,0.0785710737109184,0.0336089320480824,3
2644577.13450557,1106879.04368934,1,3063.033203125,258.850708007812,17.5496578216553,-4.921875,1442.46606445312,1758.40222167969,0.693225920200348,-0.0521533638238907,3
2643783.0304643,1106399.40484904,1,2866.7744140625,219.989044189453,14.177827835083,-3.60249996185303,1900.04931640625,1520.26086425781,0.16575026512146,0.0158936399966478,3
2644587.06080602,1107022.37946872,1,3105.18115234375,207.235931396484,27.2026214599609,-5.06062507629395,1441.27795410156,1746.05993652344,0.592653155326843,-0.030795032158494,3
2643049.86093021,1105079.28889391,1,2479.2236328125,8.56447601318359,26.6676864624023,-1.85750007629395,1821.10766601562,1498.14282226562,0.196970537304878,-0.0133064547553658,3
2643283.14197089,1105010.91393374,1,2476.1884765625,332.872192382812,28.7937355041504,-2,1750.07055664062,1572.9951171875,0.204905658960342,-0.051812656223774,3
2643362.36696311,1104709.27022198,1,2636.67407226562,5.23348999023438,28.889799118042,-2.39000010490417,1683.24182128906,1606.4912109375,0.516883969306946,-0.121482640504837,3
2642926.19220298,1107376.94692385,1,3134.91625976562,184.499359130859,36.112548828125,-5.17812490463257,1729.96411132812,1553.2841796875,0.296945571899414,-0.0278781168162823,3
2641261.4443307,1108206.29872151,1,2765.986328125,302.465057373047,22.9602203369141,-3.22499990463257,1539.40246582031,1666.86853027344,0.414945185184479,-0.0422819517552853,2
2640986.19602942,1107590.16385984,1,2718.18310546875,271.530029296875,23.5292205810547,-2.87750005722046,1978.88488769531,1319.2880859375,0.18552540242672,-0.00358057068660855,3
2640531.17441314,1108501.00119501,1,2467.82641601562,344.079833984375,26.8254890441895,-1.54390621185303,1981.41455078125,1270.32946777344,0.0683530867099762,0.0768931061029434,3
2640777.43658122,1108349.45564146,1,2601.783203125,351.892456054688,14.4558887481689,-2.09124994277954,1850.81164550781,1389.56359863281,0.171297863125801,0.0457379221916199,3
2640065.82944462,1108871.05367832,0,2196.48583984375,334.461578369141,25.3711795806885,-0.221875011920929,2164.38427734375,1103.89074707031,-0.147746175527573,0.140319734811783,3
2642123.75006932,1106802.01559865,1,2840.82861328125,174.884796142578,18.9486446380615,-3.28749990463257,2113.240234375,1285.09533691406,0.24249891936779,0.0186600815504789,3
2642350.8638252,1106792.48635004,1,2871.36401367188,204.270477294922,24.6351585388184,-3.35500001907349,2085.408203125,1313.24047851562,0.0879921466112137,0.0369954220950603,3
2642377.8633622,1107577.06114245,1,3226.7734375,152.161895751953,16.330322265625,-5.36562490463257,1727.04467773438,1544.04479980469,0.347819149494171,-0.0268864054232836,3
2642225.39538633,1107385.08649064,1,3150.81958007812,192.183959960938,33.3209457397461,-4.88437509536743,1878.7421875,1409.724609375,0.298541218042374,-0.0201621036976576,3
2642190.05775695,1106483.38135219,0,2702.98388671875,161.291290283203,29.8665409088135,-2.44999980926514,2212.49072265625,1257.09997558594,0.0769326016306877,0.0764993950724602,3
2640746.37660914,1107080.54759171,1,2683.27758789062,287.449096679688,35.8257446289062,-1.71875,2276.7353515625,1115.85485839844,0.0200077779591084,0.0182193238288164,3
2640707.46551117,1106953.09389316,1,2661.64672851562,275.789001464844,30.9119720458984,-1.44000005722046,2333.53857421875,1083.27893066406,0.0548158623278141,0.0636625438928604,3
2639057.32679997,1104303.15885128,1,2613.556640625,35.6268730163574,6.28363037109375,-0.469999998807907,1599.31262207031,1537.60205078125,0.188121452927589,0.0291539207100868,4
2641914.56024587,1101955.86359966,1,2602.44165039062,37.4997367858887,31.7292728424072,-1.04999995231628,1969.98254394531,1396.04577636719,0.237021446228027,-0.0364437215030193,3
2643732.30707045,1102982.57368698,1,2941.38305664062,212.417572021484,24.3661880493164,-3.68624997138977,1844.52282714844,1486.63317871094,0.365418672561646,0.00405058031901717,3
2643875.24579794,1102953.98594143,1,2962.09692382812,216.22200012207,15.572657585144,-3.8125,1777.87951660156,1530.52526855469,0.435069024562836,-0.035586379468441,3
2633375.24514705,1114536.72950052,1,2657.640625,163.680358886719,24.1477489471436,-2.47187495231628,1720.82629394531,1483.51318359375,0.0690354108810425,0.0482312850654125,3
2633624.99378936,1114421.71362375,1,2598.03466796875,113.659637451172,10.1150703430176,-2.25,1742.51623535156,1481.84448242188,0.0262305866926908,0.0811434835195541,3
2633082.85401238,1113625.54383291,1,2716.08056640625,79.2245712280273,26.7112598419189,-2.87187504768372,1534.96337890625,1668.24914550781,0.673880457878113,-0.0418354794383049,3
2633158.30978913,1113745.01547939,1,2674.57275390625,93.0471038818359,17.6601715087891,-2.76250004768372,1557.29284667969,1645.76586914062,0.537302076816559,-0.026018388569355,3
2633500.14732353,1113627.83037139,1,2623.62158203125,27.1147155761719,16.1476383209229,-2.49296879768372,1599.44702148438,1617.5849609375,0.393124669790268,-0.0230777226388454,3
2633092.57180199,1113288.27937621,1,2767.68701171875,66.4262542724609,37.4315605163574,-2.98000001907349,1511.13623046875,1700.662109375,0.691178262233734,-0.152974247932434,3
2633701.93762058,1113735.23807762,1,2574.81469726562,191.440063476562,9.1256217956543,-2.09999990463257,1641.28540039062,1579.671875,0.462385535240173,0.0136397359892726,3
2634250.13201428,1113611.82460017,0,2437.845703125,125.638793945312,27.0703067779541,-1,1744.21057128906,1476.95703125,0.288804978132248,0.0871985703706741,3
2633842.55649261,1113511.21689805,1,2516.07568359375,63.5556335449219,27.5403003692627,-1.80218744277954,1660.29431152344,1559.79553222656,0.564395606517792,-0.0215617585927248,3
2633875.92566714,1112543.36794338,1,2490.98315429688,57.2213859558105,16.5700778961182,-2.10625004768372,1506.68188476562,1705.37731933594,0.538952827453613,-0.0715647339820862,3
2632814.97171464,1112074.62751258,1,2755.26025390625,73.6442642211914,22.2294597625732,-3.98812508583069,1419.27661132812,1799.20288085938,0.624105095863342,-0.107163935899734,3
2633056.05863792,1112030.89746003,1,2711.150390625,102.923889160156,11.0390920639038,-3.66125011444092,1373.34838867188,1842.57641601562,0.68784111738205,-0.0608640424907207,3
2633392.46564254,1112679.98863033,1,2815.92626953125,124.028228759766,36.0910568237305,-2.68249988555908,1473.28454589844,1746.29650878906,0.48199662566185,-0.0177129134535789,3
2633658.84740016,1112492.49245765,1,2597.28344726562,116.335739135742,31.7002353668213,-2.35625004768372,1463.45495605469,1756.28540039062,0.421179741621017,-0.0154602965340018,3
2645489.16387933,1099198.39254744,1,2944.02685546875,262.097198486328,12.2464580535889,-3.88687491416931,1153.56872558594,1873.79772949219,0.717388391494751,-0.0535145737230778,3
2645591.9339183,1100050.71875006,1,3067.31274414062,251.926208496094,20.8648872375488,-4.34500026702881,1248.9521484375,1801.36218261719,0.74094569683075,-0.0673730373382568,3
2645280.06497719,1100737.71207041,1,3065.7119140625,221.774475097656,16.683313369751,-4.10624980926514,1347.20275878906,1760.26062011719,0.88875675201416,-0.050794705748558,3
2645004.91418054,1100773.47174085,1,3022.984375,200.251281738281,25.4431095123291,-3.63750004768372,1443.58435058594,1737.08288574219,0.427896499633789,-0.0233921986073256,3
2644300.92801162,1100711.80774938,1,2784.27465820312,278.201721191406,28.3843936920166,-2.46000003814697,1591.85852050781,1697.88696289062,0.258972316980362,-0.0271962806582451,3
2644687.09359007,1101132.79485766,1,2951.48950195312,255.966232299805,34.3742637634277,-3.36562490463257,1562.46240234375,1680.34973144531,0.73045814037323,-0.0537266619503498,3
2644664.82848,1101437.3497536,1,2985.61206054688,275.520080566406,11.8817024230957,-3.61312508583069,1564.25073242188,1671.79663085938,0.741912961006165,-0.0627917572855949,3
2644697.35393429,1101215.87285213,1,2987.65063476562,261.093933105469,26.7237701416016,-3.48000001907349,1561.92883300781,1674.36193847656,0.659823954105377,-0.0532896816730499,3
2645859.15846137,1099609.62942946,1,3033.89770507812,277.432739257812,22.818790435791,-4.11499977111816,1196.64453125,1767.40515136719,0.712029576301575,-0.0769788026809692,3
2644103.67410091,1099850.56602484,1,2492.73999023438,348.723205566406,21.0060653686523,-2.61999988555908,1391.22644042969,1848.67443847656,0.612234234809875,-0.0833949074149132,1
2644088.01651703,1099215.01925199,1,2767.13696289062,47.1458625793457,26.7658405303955,-3.28500008583069,1205.111328125,1969.93347167969,0.523225247859955,-0.0924858152866364,1
2636118.08395894,1108554.89810876,1,2677.2177734375,75.0108871459961,28.3849411010742,-2.57500004768372,1169.2119140625,1768.33874511719,0.558448731899261,-0.0405935682356358,3
2636145.8215855,1108387.88218779,1,2682.94995117188,62.6880645751953,14.4387607574463,-2.51500010490417,1176.42443847656,1757.28308105469,0.53348970413208,-0.016498789191246,3
2645699.55870907,1099148.32314065,1,2985.45336914062,290.832214355469,8.56305122375488,-3.59999990463257,1172.69787597656,1808.28552246094,0.696721196174622,-0.0643459409475327,3
2642605.06849486,1099200.84264812,1,2967.01733398438,282.011657714844,11.1337547302246,-4.46000003814697,1410.34509277344,1796.51232910156,0.811902940273285,-0.0835800543427467,3
2642321.287292,1099093.5997519,1,2893.61474609375,294.075622558594,15.9051609039307,-4.15000009536743,1492.81323242188,1677.44763183594,0.769419610500336,-0.0921584367752075,3
2642152.17349383,1098943.45969707,1,2861.19995117188,284.763031005859,26.3443851470947,-3.80000019073486,1548.39379882812,1596.86682128906,0.752828598022461,-0.107896417379379,3
2643453.93984227,1097955.96199195,1,2969.55908203125,203.083557128906,32.6704330444336,-4.32250022888184,1281.29772949219,1874.67175292969,0.698051929473877,-0.037063792347908,3
2644551.93953908,1097353.78999349,1,2982.40478515625,248.073623657227,17.771089553833,-4.24250030517578,1278.60913085938,1682.29968261719,0.779343605041504,-0.0648851841688156,3
2644499.87115539,1097660.71597053,1,3022.35278320312,241.765640258789,28.6945972442627,-4.33500003814697,1215.18762207031,1782.65124511719,0.698267042636871,-0.0520385727286339,3
2642778.71949319,1098031.48260492,1,2858.96606445312,226.800445556641,22.5738143920898,-3.48062515258789,1441.25512695312,1750.0458984375,0.514403700828552,-0.0369253233075142,3
2643064.1505866,1098451.37979134,1,3144.39819335938,227.020355224609,27.4981937408447,-4.9537501335144,1319.37243652344,1857.28210449219,0.828603565692902,-0.0516685992479324,3
2642838.94050532,1096013.25378974,1,2953.17919921875,244.947570800781,15.9241800308228,-3.48250007629395,1107.134765625,1918.88330078125,0.816255509853363,-0.0695628374814987,3
2643097.14840227,1095801.24283294,1,2984.50048828125,191.692108154297,5.68964529037476,-3.74000000953674,1047.55773925781,1905.42822265625,0.805502235889435,-0.0685205012559891,3
2643231.61449563,1095560.35878871,1,2983.12475585938,194.063720703125,5.78279066085815,-4.15250015258789,1010.93377685547,1885.6904296875,0.845375061035156,-0.0618947297334671,3
2641542.95134974,1094537.42654728,1,2823.46875,358.657104492188,23.1076679229736,-2.52624988555908,997.853149414062,1834.90515136719,0.738422572612762,-0.0915047153830528,3
2638058.38215928,1096779.21555587,1,2867.30639648438,9.50196838378906,11.921727180481,-4.52374982833862,542.625915527344,2515.09155273438,0.873893797397614,-0.0772687941789627,3
2640969.49326448,1107761.27593426,0,2697.30981445312,237.218399047852,17.8801689147949,-2.80625009536743,1915.5966796875,1365.80102539062,0.0823463872075081,0.035339780151844,2
2641253.88712589,1107650.62751869,1,2806.162109375,298.179260253906,20.1167545318604,-3.63750004768372,1813.78540039062,1448.36547851562,0.107421196997166,0.0253601502627134,3
2635910.75744071,1108994.56378481,1,2706.55029296875,60.2689933776855,25.5341873168945,-2.79999995231628,1147.51684570312,1801.59387207031,0.525705218315125,-0.0374564565718174,3
2635866.25422118,1109128.07344311,1,2680.88793945312,36.3732566833496,23.7580699920654,-2.75,1141.50476074219,1810.80932617188,0.507907330989838,-0.0608798451721668,3
2635230.10203554,1110291.25347997,1,2995.96118164062,100.725090026855,27.7370109558105,-4.38000011444092,905.601623535156,2153.90649414062,0.651248157024384,-0.0428976751863956,3
2635515.10552964,1111051.77082551,1,2889.01586914062,135.555953979492,24.538122177124,-3.40437507629395,1058.8046875,2002.84020996094,0.461565434932709,-0.00908577442169189,3
2638851.6277206,1115537.45148872,1,2709.58227539062,173.728561401367,13.3471851348877,-2.875,1980.87646484375,1386.794921875,0.24190154671669,0.125440642237663,1
2640636.63356408,1115748.3845552,1,2868.80810546875,214.803100585938,22.7576904296875,-3.5625,1550.53259277344,1878.44128417969,0.501291334629059,-0.00705584650859237,1
2640153.80411467,1115580.12580803,0,2821.251953125,144.260971069336,22.9915809631348,-3.52624988555908,1761.42407226562,1690.20825195312,0.375442802906036,-0.00114031904377043,1
2640123.3224573,1115963.58505488,1,2991.22924804688,176.808441162109,20.2789688110352,-3.67812490463257,1657.15905761719,1743.69274902344,0.407288879156113,0.00317494734190404,1
2640287.3137729,1115865.4341188,1,2928.28344726562,201.184020996094,20.643009185791,-3.58437490463257,1642.49536132812,1776.59191894531,0.421500325202942,-5.47682939213701e-05,1
2640055.04354521,1116045.8855292,1,3036.61743164062,152.490951538086,29.0052108764648,-3.74749994277954,1654.52062988281,1732.7451171875,0.379812270402908,-0.00190157722681761,3
2640066.01694251,1114671.77242527,1,2646.05395507812,309.38330078125,21.5521354675293,-3.14937496185303,1853.56652832031,1587.44750976562,0.243730053305626,-0.0237851236015558,1
2640118.44539298,1114392.56044583,1,2754.74755859375,322.622344970703,30.253978729248,-3.125,1811.72924804688,1601.45446777344,0.284161299467087,-0.109136685729027,1
2640252.56468449,1114429.13843433,1,2763.1845703125,321.17529296875,30.2259883880615,-3.25,1757.7890625,1660.01940917969,0.284792244434357,-0.0756683126091957,1
2639516.12784733,1114527.89900384,1,2544.64208984375,318.512390136719,19.0092849731445,-2.54937505722046,1947.56384277344,1475.57360839844,0.199201166629791,-0.0130700198933482,1
2639050.36812591,1114410.84944066,1,2495.44311523438,322.248962402344,18.1820583343506,-2.04999995231628,1970.9951171875,1418.05285644531,0.000337840378051624,0.0410825647413731,1
2637994.48352179,1114260.27005494,1,2303.45874023438,267.846282958984,21.2628631591797,-0.25,2306.26513671875,917.350463867188,0.0811008960008621,0.104513376951218,1
2638236.50787864,1116248.8933667,1,2725.4833984375,252.704391479492,33.3869972229004,-2.49375009536743,1921.01196289062,1275.93395996094,0.294450104236603,0.00532717723399401,3
2638271.86660064,1116849.38201236,1,2753.22631835938,286.114624023438,26.5770397186279,-2.55375003814697,1835.56518554688,1381.52429199219,0.395091235637665,-0.0355185121297836,3
2638198.40580647,1117629.40761865,0,2645.07861328125,278.428100585938,30.1623401641846,-2.02500009536743,1869.63586425781,1419.21264648438,0.351456731557846,-0.00980871450155973,3
2638220.96223263,1117906.18106547,1,2730.986328125,225.141296386719,27.0682945251465,-2.34999990463257,1873.85046386719,1462.8603515625,0.365344017744064,0.0125603750348091,3
2637273.59232761,1118526.17797221,1,2491.57885742188,246.476303100586,10.266788482666,-0.918124973773956,2276.60400390625,1024.32360839844,0.270713180303574,0.0284314919263124,3
2637174.52694158,1118991.02324366,0,2439.92016601562,336.773101806641,21.7156944274902,-0.349999994039536,2221.22729492188,1041.09680175781,0.118153683841228,0.0282383654266596,3
2638563.27124202,1118989.49916009,1,2764.560546875,277.386383056641,27.0736618041992,-2.92499995231628,1864.85827636719,1480.7998046875,0.405143946409225,-0.0720691457390785,3
2638563.27124206,1118904.15052009,1,2789.748046875,297.725708007812,34.7375144958496,-3.02500009536743,1857.56530761719,1496.46350097656,0.3208909034729,-0.0977626517415047,3
2638496.82122939,1119007.7881544,1,2720.00146484375,291.755249023438,34.4215812683105,-2.98125004768372,1878.93688964844,1458.69958496094,0.330541431903839,-0.101524524390697,3
2637931.08167222,1119365.64280953,0,2463.66040039062,249.020248413086,23.1771221160889,-1.47500002384186,1913.01501464844,1371.50451660156,0.30188924074173,0.0815534368157387,3
2637405.17148055,1119466.23227838,0,2303.69384765625,309.922576904297,15.9088535308838,-0.372500002384186,2072.72705078125,1171.21496582031,0.140351057052612,0.162524059414864,3
2638823.5845953,1116903.33454522,1,2895.88549804688,355.523986816406,3.52658629417419,-3.29500007629395,1738.71545410156,1494.14819335938,0.477180749177933,-0.0471855215728283,3
2638603.30381949,1116978.92905505,1,2818.2822265625,331.789947509766,11.6271142959595,-3.07750010490417,1728.39343261719,1505.03649902344,0.256492435932159,-0.01716273650527,3
2639016.2286684,1117265.86305406,1,2780.24731445312,352.991821289062,17.4131088256836,-2.84312510490417,1704.48474121094,1542.31530761719,0.365341931581497,-0.0321665890514851,3
2639147.09658287,1117820.22279185,1,2712.251953125,138.450485229492,19.7161769866943,-2.61374998092651,1759.06359863281,1587.81945800781,0.432693958282471,0.00945971347391605,3
2639584.81317961,1118109.59532342,0,2569.70092773438,57.3099708557129,27.6889572143555,-2.3125,1720.81860351562,1700.11730957031,0.35314729809761,0.0638896971940994,3
2638648.01024935,1118205.10451628,0,2780.17016601562,222.481491088867,5.6272349357605,-3.09500002861023,1805.46166992188,1606.36376953125,0.571197330951691,-0.0512961708009243,3
2638440.7349806,1118272.1641621,1,2822.55297851562,67.9927597045898,14.6942281723022,-3.17499995231628,1813.48303222656,1591.96923828125,0.523735702037811,-0.0120229087769985,3
2638505.62203283,1118420.25213386,1,2764.62744140625,65.7472152709961,18.0328674316406,-3.40671873092651,1826.45776367188,1565.29931640625,0.509569764137268,0.00408050464466214,3
2638964.61306153,1118672.89634771,0,2702.19580078125,118.905960083008,16.5826435089111,-2.84999990463257,1796.87292480469,1601.27685546875,0.453640103340149,0.0257732570171356,3
2639139.1713515,1118796.65187561,0,2737.58813476562,153.443511962891,13.1717205047607,-2.54999995231628,1776.64794921875,1632.58264160156,0.42962521314621,0.00159530167002231,3
2639286.70257217,1118801.52894068,0,2682.9921875,120.974990844727,20.6021709442139,-2.42499995231628,1785.53845214844,1637.78283691406,0.41428616642952,0.0276643224060535,3
2639501.49221738,1118806.22990282,0,2573.37548828125,106.916770935059,20.8148555755615,-2.18624997138977,1801.31298828125,1647.30285644531,0.386885523796082,0.0976654216647148,3
2638847.36028725,1118141.49945828,0,2812.05200195312,12.6112289428711,12.576849937439,-2.92249989509583,1799.84716796875,1602.80261230469,0.474227875471115,-0.0483369268476963,3
2639115.59887023,1118273.18021699,0,2694.0947265625,31.5221061706543,19.3032627105713,-2.79062509536743,1802.10498046875,1609.99877929688,0.395428121089935,-0.00158937554806471,3
2639479.34664573,1118267.08388537,1,2584.86279296875,25.4100570678711,19.6167278289795,-2.51937508583069,1760.107421875,1671.22485351562,0.468517243862152,-0.0205807089805603,3
2639063.98326359,1119233.75883905,1,2640.30297851562,29.8330535888672,13.4138879776001,-2.20000004768372,1764.13134765625,1630.18017578125,0.406355917453766,-0.0238129869103432,3
2639097.30987678,1116656.22991119,1,3016.60083007812,5.90328979492188,4.42769813537598,-3.85999989509583,1772.61181640625,1458.39196777344,0.455627977848053,-0.0420517809689045,3
2639181.03282841,1116747.26846048,1,2974.99731445312,359.228698730469,14.7339191436768,-3.75624990463257,1746.99243164062,1492.35168457031,0.495077282190323,-0.0361891910433769,3
2639315.96496382,1117335.76765427,1,2743.01147460938,83.9397659301758,16.9457683563232,-2.81937503814697,1653.48449707031,1633.73547363281,0.490050375461578,-0.0438778884708881,3
2639563.88244193,1117642.20991393,1,2659.68188476562,358.700073242188,25.0858535766602,-2.39687490463257,1639.95092773438,1726.88012695312,0.433778256177902,-0.026938995346427,3
2639858.94488348,1117277.24287228,1,2759.35302734375,8.11609649658203,8.67406558990479,-2.59999990463257,1496.74914550781,1866.94848632812,0.497790545225143,-0.0388038232922554,3
2640319.01469574,1117061.83916158,1,2742.75952148438,72.099983215332,15.4926795959473,-2.57500004768372,1447.04614257812,1926.052734375,0.539552807807922,-0.038027249276638,3
2640391.17124509,1117129.49303979,0,2693.90869140625,66.2430114746094,27.1252288818359,-2.34999990463257,1428.58874511719,1945.75610351562,0.463371634483337,-0.0134147042408586,3
2640659.59641166,1117314.63370462,0,2505.09008789062,19.0826797485352,20.0431442260742,-1.82375001907349,1422.546875,1961.05334472656,0.452144414186478,0.0156304277479649,3
2640777.45881939,1117269.1144299,0,2489.51196289062,12.8978500366211,11.453483581543,-1.88812494277954,1398.17529296875,1982.27453613281,0.510159552097321,0.0174114294350147,3
2640894.50838298,1117112.23550108,0,2523.26635742188,18.0156173706055,12.5025081634521,-2.14000010490417,1373.96752929688,2002.47241210938,0.504410207271576,0.0321788638830185,3
2641177.17555439,1116852.9305265,1,2582.1611328125,349.567687988281,12.657021522522,-2.36124992370605,1324.14538574219,2038.85534667969,0.642425000667572,-0.0462040826678276,3
2641906.49940003,1118689.15322998,0,2615.91674804688,205.063323974609,24.1179237365723,-1.5,1683.03576660156,1673.14050292969,0.357058256864548,0.0954359024763107,3
2638607.97767221,1119605.22863432,1,2571.17333984375,344.173034667969,28.306999206543,-2.28500008583069,1881.28051757812,1405.75634765625,0.278234660625458,-0.00666833436116576,3
2638460.04002943,1119619.04698563,1,2546.7548828125,345.303619384766,35.3493995666504,-2.27187490463257,1905.17272949219,1351.61828613281,0.0982052981853485,-0.0664813593029976,3
2638282.02715144,1119896.22685466,0,2402.50732421875,314.966796875,15.3165550231934,-1.60500001907349,1906.25439453125,1307.8046875,0.247965842485428,0.0150090185925364,3
2637984.52617739,1120118.94616299,0,2256.19091796875,310.169799804688,19.3512496948242,-0.660937488079071,1903.31042480469,1280.06591796875,0.1326062977314,0.0746963992714882,3
2638085.31885719,1119925.48924561,1,2329.68432617188,328.398193359375,27.3354721069336,-1.13468754291534,1905.91003417969,1304.56005859375,0.0619081072509289,-0.0407098829746246,3
2638488.28636469,1120339.12533281,0,2447.30834960938,304.182861328125,15.3556070327759,-1.62062501907349,1924.64624023438,1262.47033691406,0.150262489914894,0.177380830049515,1
2638634.59831908,1120354.56937235,0,2478.71240234375,275.687133789062,16.1421585083008,-1.36562502384186,1919.16552734375,1300.17443847656,0.149853408336639,0.135383263230324,1
2638290.76522637,1120130.22437597,0,2365.05297851562,275.917816162109,23.8500900268555,-1.41250002384186,1903.34411621094,1280.3828125,0.160807862877846,0.0914175435900688,1
2639287.31220484,1119715.67383833,0,2493.66748046875,59.5976829528809,21.1671180725098,-1.23843741416931,1848.935546875,1547.10705566406,0.383327186107635,0.0848525986075401,3
2641684.44052684,1120097.60900106,0,2464.68188476562,222.311538696289,22.5425815582275,-1.39499998092651,1907.21740722656,1409.20349121094,0.239444464445114,0.101822882890701,3
2639377.18229075,1119640.79056725,0,2481.6083984375,49.9454956054688,23.0845165252686,-1.27812504768372,1862.17626953125,1553.07067871094,0.332172304391861,0.0538070499897003,3
2641354.83220751,1119825.30619744,0,2373.130859375,301.739105224609,25.2607231140137,-1.125,1970.60327148438,1418.46374511719,-0.0214146003127098,0.22474330663681,3
2641836.44239143,1118466.6371329,0,2553.52368164062,255.957000732422,20.37841796875,-1.50812494754791,1648.97985839844,1724.3056640625,0.466556042432785,0.0316772013902664,3
2641814.90202042,1118367.47014167,1,2554.86328125,286.848175048828,28.9859848022461,-1.54062497615814,1629.59155273438,1748.00830078125,0.397513121366501,-0.00879756920039654,3
2641668.18364394,1118343.89766023,0,2525.67700195312,311.395690917969,10.492000579834,-1.52625000476837,1629.35266113281,1752.39270019531,0.398475557565689,0.0390483066439629,3
2641484.48085683,1118222.37745386,0,2478.12939453125,298.292175292969,11.2641010284424,-1.45468747615814,1600.84155273438,1782.947265625,0.414809107780457,0.053038876503706,3
2642117.68648219,1117224.61120978,1,2663.33862304688,293.682159423828,32.8908081054688,-2.57187485694885,1301.99560546875,2030.81958007812,0.507529318332672,-0.076421894133091,3
2640579.37885092,1116614.97806776,1,2799.46948242188,359.506988525391,27.5677146911621,-3.18437504768372,1450.68591308594,1935.33935546875,0.560267150402069,-0.0599682219326496,3
2640733.006403,1116676.75422615,1,2724.99633789062,27.8077926635742,30.2233028411865,-2.96437501907349,1412.6357421875,1964.99499511719,0.588423788547516,-0.0473144389688969,3
2640750.88897512,1116832.00746651,1,2639.20361328125,7.11081695556641,27.1657867431641,-2.68125009536743,1401.13732910156,1975.51208496094,0.568157434463501,-0.0456417724490166,3
2640895.57524147,1116188.23486762,1,3000.3740234375,6.12037658691406,33.5210227966309,-3.34000015258789,1376.00048828125,1987.10656738281,0.559917628765106,-0.0340884104371071,3
2635819.29278434,1108174.58738957,1,2794.10668945312,121.941040039062,32.9819717407227,-3.30562496185303,1188.1259765625,1740.39685058594,0.486636400222778,-0.015166224911809,3
2641765.66528589,1108460.32349415,1,2945.16772460938,256.777221679688,26.6796207427979,-4.08624982833862,1522.23498535156,1685.45532226562,0.444245368242264,-0.0142903504893184,0
2641601.02686147,1109178.06538365,1,2774.87524414062,321.821746826172,7.74511194229126,-3.02500009536743,1672.22937011719,1551.41101074219,0.383648455142975,-0.0449997410178185,1
2641684.02639703,1110184.60483895,1,2709.552734375,277.825561523438,25.5159015655518,-2.84999990463257,1778.95922851562,1482.0244140625,0.116225264966488,0.0245563685894012,3
2641866.35324678,1110232.90784752,1,2780.4501953125,292.117095947266,20.7647094726562,-3.25,1704.0595703125,1553.50256347656,0.0869852900505066,0.0464752577245235,3
2641788.11597926,1110037.65484069,1,2794.34130859375,313.702880859375,34.7365531921387,-3.09999990463257,1704.84790039062,1550.71179199219,0.0744951739907265,-0.0528588071465492,3
2640557.19168399,1110180.78746511,0,2470.46948242188,201.270202636719,24.4495372772217,-1.8824999332428,1957.70971679688,1311.37609863281,0.0490967258810997,0.154528826475143,3
2640729.19156989,1110298.8992825,0,2517.77661132812,170.476318359375,28.718692779541,-2.19000005722046,1939.00158691406,1334.59582519531,0.0850604623556137,0.0848442390561104,3
2641402.03207118,1110886.01895094,1,2726.8046875,137.961761474609,19.3964900970459,-3.21249985694885,1704.30285644531,1549.5595703125,0.319770246744156,0.0167971979826689,3
2640437.6727058,1113498.12320205,1,2823.5078125,268.322143554688,6.73363590240479,-3.44374990463257,1778.17834472656,1552.755859375,0.611003756523132,-0.0493062175810337,1
2640683.26969423,1112563.35793552,1,2758.59252929688,270.856140136719,20.858039855957,-3.07375001907349,1833.97058105469,1474.14819335938,0.297065138816833,-0.000800870067905635,1
2641015.26783848,1112772.21742355,1,2947.16088867188,270.837341308594,28.7355613708496,-4.06125020980835,1584.92736816406,1725.70825195312,0.4544737637043,-0.0486681833863258,1
2640551.28682595,1111445.24533346,1,2862.1923828125,277.604858398438,16.2599601745605,-3.49749994277954,1725.82409667969,1548.82629394531,0.0438903197646141,0.00370808248408139,3
2639906.6797731,1111464.9747317,1,2601.88159179688,275.093994140625,21.1282024383545,-1.69000005722046,1948.25598144531,1304.87719726562,0.133102580904961,0.0416525267064571,3
2639856.33579231,1111236.38584562,1,2569.07543945312,264.467834472656,32.8329849243164,-1.45375001430511,1964.32312011719,1266.86413574219,0.256925255060196,-0.0102229909971356,3
2640706.74087479,1112036.44694655,1,2837.68139648438,251.964706420898,8.01397800445557,-3.38499999046326,1824.26794433594,1476.5390625,0.383465856313705,-0.0458420589566231,3
2639886.27998232,1110393.0131578,0,2391.06323242188,219.051696777344,20.6872673034668,-1.08124995231628,2068.25927734375,1135.5185546875,0.0933954790234566,0.0840376242995262,1
2639897.1552353,1113128.36707257,0,2618.06274414062,222.541000366211,18.2391033172607,-2.52500009536743,1838.08703613281,1465.65197753906,0.208501949906349,0.0387913957238197,3
2639948.85986422,1113354.23466239,1,2729.9326171875,171.797607421875,14.8074083328247,-2.79999995231628,1831.66589355469,1482.59619140625,0.240210264921188,0.00210371753200889,3
2639806.19804722,1113183.84265083,0,2630.21606445312,174.222625732422,27.2217330932617,-2.47499990463257,1850.6298828125,1450.65551757812,0.183788135647774,0.0382544696331024,3
2639210.0279281,1113538.94264663,1,2627.42822265625,257.618469238281,13.8108825683594,-2.20000004768372,2030.93151855469,1281.7734375,0.207245901226997,0.0286212135106325,3
2639427.05130504,1113959.38291918,1,2787.5927734375,257.660461425781,24.1209735870361,-2.42499995231628,1943.71228027344,1415.99938964844,0.203372955322266,-0.00539891934022307,3
2639256.28996455,1113663.44195065,1,2660.66870117188,255.02507019043,23.2627544403076,-2.25,2000.24426269531,1327.53234863281,0.131050243973732,0.0662103146314621,3
2640822.58467417,1108534.16943643,1,2569.0888671875,311.800476074219,14.2451181411743,-2.125,1831.60510253906,1398.59619140625,0.230626732110977,0.0290164537727833,1
2640722.42271403,1108461.26567246,0,2561.75317382812,309.721618652344,28.0666408538818,-1.9612500667572,1880.90649414062,1358.97705078125,0.11477729678154,0.0602018497884274,3
2639990.42808858,1110453.47507753,1,2453.40112304688,260.761901855469,24.1811389923096,-1.41250002384186,2030.61071777344,1187.07763671875,0.109722726047039,0.0748637989163399,1
2640689.31959161,1115677.44918276,1,2857.70385742188,279.625183105469,12.0839262008667,-3.63000011444092,1528.9091796875,1898.81079101562,0.620048820972443,-0.0393617451190948,1
2644885.59562047,1106991.540535,1,3160.05029296875,239.981689453125,14.7261562347412,-5.1875,1367.43444824219,1798.35192871094,0.82904464006424,-0.0736604407429695,2
2633669.61383653,1113483.36444439,1,2591.86328125,27.1319961547852,30.064826965332,-2.15437507629395,1616.48327636719,1603.16455078125,0.453379690647125,-0.0952074378728867,3
2638864.27044935,1119094.61933572,1,2696.26977539062,34.7653045654297,29.4006309509277,-2.52500009536743,1808.966796875,1564.30920410156,0.39228093624115,-0.124290190637112,3
2642989.26085902,1100913.51621352,1,2522.24243164062,29.2400131225586,33.5688323974609,-2.07500004768372,1673.57055664062,1653.84313964844,0.17421267926693,-0.025357561185956,3
2642902.82087511,1100164.72546558,1,2783.10083007812,52.5145492553711,33.3351097106934,-3.15499997138977,1492.87353515625,1773.05969238281,0.597697496414185,-0.0586710050702095,3
2643404.02205146,1099798.05973254,1,2737.14135742188,17.0554656982422,26.548526763916,-3.02999997138977,1382.84130859375,1859.5361328125,0.821794450283051,-0.112161360681057,3
2643454.26362889,1104713.16787492,1,2624.50830078125,340.455871582031,25.6539993286133,-2.30250000953674,1659.09497070312,1633.80310058594,0.578377425670624,-0.0979934260249138,3
2642604.75881134,1103470.18670677,1,2796.58081054688,247.061904907227,37.4124641418457,-2.65000009536743,1935.29333496094,1401.17785644531,0.231555834412575,-0.00681973993778229,3
2645379.14895784,1106043.24383709,1,3328.75512695312,248.681640625,18.5606727600098,-5.31874990463257,1327.41223144531,1888.3388671875,0.715557336807251,-0.0543841160833836,3
2643536.26894734,1106592.39635254,1,2903.47412109375,225.043762207031,25.6019535064697,-3.72249984741211,1948.57800292969,1480.35583496094,0.37623918056488,-0.00996177177876234,3
2642821.52337559,1106625.4119064,1,2805.52563476562,150.639953613281,18.0773620605469,-3.15937495231628,2100.2548828125,1341.81884765625,0.0348068550229073,0.041672769933939,3
2642098.20832523,1107262.92822086,1,3084.74145507812,184.358764648438,22.4174270629883,-4.5149998664856,1962.16857910156,1335.53698730469,0.410188347101212,-0.0210727825760841,3
2642203.88131515,1106350.53703767,0,2647.1806640625,182.888626098633,17.6153106689453,-2.19999980926514,2254.150390625,1242.80578613281,0.0881608948111534,0.0712821930646896,3
2640857.0956665,1110853.08579474,1,2878.51245117188,186.675231933594,29.4216785430908,-2.97249984741211,1772.49438476562,1496.10009765625,0.175231948494911,0.0148187037557364,3
2638800.95886414,1110522.6378595,0,2008.54150390625,262.705902099609,18.4640808105469,1.95000004768372,2401.67602539062,877.015991210938,-0.347060263156891,0.72398442029953,1
2641223.7729152,1112717.24350534,1,3067.09130859375,267.81787109375,21.9644756317139,-4.57375001907349,1465.08557128906,1847.62463378906,0.381790935993195,-0.0545495375990868,3
2638273.76319345,1113684.70017615,1,2399.740234375,241.516265869141,32.1828956604004,-0.9375,2303.54418945312,944.341247558594,-0.0087870117276907,0.136129662394524,3
2633605.54449337,1114513.00372224,0,2598.72998046875,125.751037597656,14.8054466247559,-2.26874995231628,1769.51184082031,1455.30346679688,0.0135660646483302,0.0845200195908546,3
2639858.20375769,1115615.00655889,1,2894.423828125,187.644683837891,23.5049591064453,-3.58124995231628,1849.69604492188,1591.88098144531,0.30580073595047,0.0157754942774773,1
2640848.74139049,1116505.6135586,1,2794.783203125,294.565856933594,31.3540344238281,-3.14406251907349,1386.69519042969,1982.46557617188,0.551849722862244,-0.0468197502195835,3
2641543.54185048,1119007.93328292,1,2608.08251953125,286.696838378906,35.8223037719727,-1.5,1801.96716308594,1584.75915527344,0.0188914556056261,0.0218488778918982,3
2565205.93296767,1111444.93921739,0,2064.8505859375,323.042846679688,22.967529296875,1.10000002384186,2120.5546875,941.213745117188,-0.147972896695137,0.271295189857483,3
2563421.04818743,1105732.67757752,1,2236.46435546875,54.3553924560547,6.73020315170288,1.32906246185303,1882.70703125,1223.9072265625,0.244749426841736,0.0367585122585297,3
2562955.52678499,1105937.7218398,1,2250.57470703125,359.646331787109,18.2561511993408,0.951250016689301,1705.90051269531,1379.35778808594,0.159246146678925,-0.0257927868515253,3
2603774.61800449,1118019.66883953,0,2332.44775390625,159.549194335938,7.81320905685425,0.48343750834465,2123.56787109375,1255.39990234375,0.0302217602729797,0.228135511279106,4
2604170.20222348,1118031.35655489,0,2258.69165039062,68.5576934814453,12.1803045272827,0.768437504768372,2134.6630859375,1288.63684082031,0.181933373212814,0.110416240990162,3
2604065.06897439,1117980.12446526,0,2273.97729492188,29.1399879455566,7.64891386032104,0.665312528610229,2138.65625,1281.63366699219,-0.0295372977852821,0.247952282428741,3
2604415.82054936,1117978.05172179,0,2177.59423828125,68.4680557250977,18.9211711883545,0.940937519073486,2147.06640625,1315.0361328125,0.046617180109024,0.278161644935608,3
2603139.69884443,1113504.96964116,0,2412.23559570312,280.319396972656,12.6780481338501,-0.616562485694885,2295.20703125,1196.50122070312,0.0159446112811565,0.357905507087708,3
2603702.70799911,1113686.24449377,0,2548.41015625,240.597045898438,14.0616750717163,-1.66499996185303,2108.91650390625,1548.22314453125,0.170985028147697,0.109577968716621,4
2602711.13554866,1114394.98496821,0,2390.09008789062,204.743927001953,31.0216846466064,0.5,2322.0068359375,1059.21594238281,0.134761855006218,0.121253840625286,3
2602505.19478687,1114457.04126245,0,2321.43920898438,277.955932617188,18.5023994445801,0.996874988079071,2402.12963867188,929.251159667969,0.122056618332863,0.167382255196571,3
2602575.47305053,1114659.84984511,0,2299.58666992188,295.069885253906,16.9861850738525,0.823750019073486,2350.4560546875,975.915466308594,0.0157478842884302,0.00736502138897777,1
2603312.91137196,1113790.91791404,0,2466.01489257812,211.727630615234,28.6076698303223,-1.0625,2190.61181640625,1364.66455078125,0.0374902784824371,0.132292732596397,3
2603510.25575717,1116576.22190031,0,2341.06323242188,222.372314453125,10.1575946807861,-0.495703101158142,2275.34350585938,1182.76782226562,0.129337385296822,0.266624510288239,1
2607929.20210039,1118920.2051727,0,2247.98583984375,41.732795715332,13.9979982376099,0.865312516689301,2154.33178710938,1145.39819335938,0.147059187293053,0.143597483634949,3
2607436.98679925,1119175.21803428,0,2291.708984375,61.3116912841797,11.8565673828125,0.549062490463257,2026.81860351562,1125.0625,0.0459601022303104,0.334485828876495,3
2607663.22721769,1118945.84837214,0,2308.9033203125,42.3151588439941,24.040901184082,0.476875007152557,2080.32690429688,1159.22790527344,0.0313666164875031,0.32969456911087,3
2608045.37462626,1118789.86526574,0,2247.55859375,44.8433036804199,12.1820087432861,0.857500016689301,2140.58227539062,1179.35998535156,0.149990394711494,0.215392559766769,3
2607596.06625141,1118296.03083607,0,2487.92041015625,178.522491455078,20.4299602508545,-0.529999971389771,2004.44995117188,1334.08032226562,0.0743739455938339,0.273485481739044,3
2607405.81856111,1118175.00092261,0,2515.47680664062,94.636589050293,19.5692691802979,-0.691249966621399,1947.03625488281,1377.07397460938,0.220418393611908,0.0735365524888039,3
2607517.53848138,1118226.00349482,0,2491.84252929688,90.6475067138672,15.3654813766479,-0.730625033378601,1980.29284667969,1357.64367675781,0.149605214595795,0.258558809757233,3
2607431.35467248,1117614.56575051,0,2496.607421875,91.3295974731445,10.2695360183716,-1.29531252384186,1937.79321289062,1487.37170410156,0.205263733863831,0.121099263429642,3
2607328.90992052,1117781.14772569,0,2531.6357421875,39.9882164001465,9.43135356903076,-1.02593755722046,1923.69189453125,1463.12731933594,0.20806060731411,0.175764411687851,3
2607489.20371944,1117312.40979954,0,2443.36572265625,89.6540145874023,23.1589107513428,-1.48000001907349,1937.62158203125,1546.88659667969,0.139155775308609,0.215727299451828,3
2607413.91420805,1117081.68387741,0,2455.13427734375,113.816413879395,23.6781215667725,-1.42499995231628,1925.64001464844,1593.51513671875,0.21628911793232,0.163173601031303,3
2608235.62231747,1117091.39865267,1,2280.84912109375,337.960205078125,28.9769840240479,-0.122500002384186,2003.21032714844,1475.28540039062,0.0301161352545023,-0.0270863380283117,3
2608585.35424179,1117244.40636931,0,2192.67895507812,347.954406738281,22.2600250244141,0.765625,2062.80883789062,1368.859375,0.0353094153106213,0.162356808781624,3
2607663.66489956,1116831.52840379,0,2412.65209960938,337.625793457031,28.0555686950684,-1.23968744277954,1910.06982421875,1617.38745117188,-0.0597815103828907,-0.0088497893884778,3
2607590.80408226,1116255.52316306,1,2641.48266601562,358.418121337891,20.4306259155273,-1.625,1852.26159667969,1708.5732421875,0.334192991256714,-0.148376822471619,4
2607147.56744177,1116636.01854368,0,2528.81176757812,28.0177612304688,17.1466903686523,-1.15000009536743,1921.07739257812,1672.57336425781,0.322586238384247,0.00896900333464146,4
2608750.5054288,1116283.85792485,0,2348.17456054688,71.1937713623047,27.2128810882568,-0.125,2015.28308105469,1436.41198730469,0.200859934091568,0.148958414793015,3
2608920.5013941,1116168.93523153,0,2312.19970703125,16.1491088867188,19.2094173431396,0.137500002980232,2008.47814941406,1446.49633789062,0.090924471616745,0.147346377372742,3
2608563.4959971,1116096.03892866,0,2422.21801757812,20.4031982421875,15.7898397445679,-0.387499988079071,1990.1162109375,1469.95861816406,0.205942764878273,0.115436464548111,3
2608353.00919056,1116447.38998216,0,2437.22705078125,129.537857055664,15.8647165298462,-0.657500028610229,1961.48400878906,1507.34887695312,0.219977855682373,0.156051218509674,3
2608482.53953282,1116690.25937386,1,2423.74194335938,108.591064453125,15.4883937835693,-0.232500001788139,2012.75891113281,1440.30712890625,0.259976774454117,0.063240110874176,3
2608952.08702433,1115862.88431239,1,2387.50341796875,6.04062652587891,16.0199146270752,0.174999997019768,2052.79638671875,1413.46179199219,0.179295912384987,0.0856200978159904,3
2608592.64032455,1115256.52039783,0,2421.59008789062,155.935150146484,7.72817611694336,-0.0125000001862645,2095.2568359375,1426.31860351562,0.211452439427376,0.0757429301738739,1
2608225.09797793,1115539.05845708,0,2507.45971679688,148.093307495117,18.0570697784424,-1.03624999523163,1934.34191894531,1571.58093261719,0.229141518473625,0.0849964022636414,1
2607768.50352102,1115632.96795545,0,2602.2939453125,164.622253417969,19.97119140625,-1.859375,1831.69067382812,1709.634765625,0.260221838951111,0.0929383188486099,4
2608657.00071379,1114489.8626845,0,2205.09106445312,73.2694473266602,12.3116025924683,0.985937476158142,2095.98828125,1416.62463378906,0.0674318298697472,0.285190522670746,1
2608498.32604442,1114426.71664273,1,2266.056640625,54.7447166442871,22.670581817627,0.874218761920929,2035.20690917969,1483.61547851562,0.173186615109444,0.134069070219994,3
2608480.51562238,1114348.18887274,1,2303.92163085938,41.0268058776855,29.516902923584,0.718124985694885,2021.39379882812,1497.49890136719,0.0764261707663536,0.0716702491044998,3
2607809.38653597,1114334.4262742,1,2466.94677734375,321.73291015625,20.3059825897217,-0.828750014305115,1796.34704589844,1773.78857421875,0.0868576020002365,-0.0126164006069303,3
2607750.28831731,1114238.89764681,1,2486.45239257812,2.29123687744141,25.7143688201904,-0.96875,1783.27404785156,1795.20886230469,0.118465632200241,-0.0378555320203304,3
2607090.6447557,1115194.16244159,0,2671.76489257812,141.823608398438,7.79697370529175,-2.3199999332428,1805.00573730469,1856.37780761719,0.258255809545517,0.182175949215889,2
2607126.92354431,1114926.21802577,0,2624.27319335938,146.006652832031,7.00138187408447,-2.140625,1772.77905273438,1882.81823730469,0.207777351140976,0.214618593454361,2
2606909.55543849,1114980.66124786,0,2684.91845703125,112.879699707031,26.2076969146729,-2.28999996185303,1778.2978515625,1878.21557617188,0.18674173951149,0.243489116430283,2
2606850.0524376,1114697.92079766,0,2671.87817382812,156.111557006836,5.80461359024048,-2.22000002861023,1747.94982910156,1903.52612304688,0.30003359913826,0.148463949561119,2
2607461.67852315,1114365.18973065,0,2506.13818359375,37.1455612182617,25.9725379943848,-1.55624997615814,1745.11584472656,1871.41845703125,0.334232270717621,0.0473475158214569,3
2606472.79531609,1113389.25955862,1,2856.94677734375,10.5375061035156,21.2939300537109,-3.47749996185303,1604.25927734375,2000.41479492188,0.530210614204407,0.0148231107741594,2
2606470.36662205,1113630.91460341,1,2793.17529296875,46.7747688293457,24.4635906219482,-3.34999990463257,1632.18566894531,1987.81750488281,0.493333548307419,0.00703372061252594,2
2607037.46665216,1113814.28099391,1,2695.77075195312,30.8340530395508,26.740119934082,-2.29562497138977,1647.7626953125,1973.93249511719,0.503822207450867,-0.0683760866522789,4
2615972.94767389,1120320.62003962,0,2607.5576171875,227.682601928711,6.16819047927856,-2.3668749332428,2196.6005859375,1606.72937011719,0.321509033441544,0.135640487074852,3
2616597.70966318,1120625.89515849,1,2879.07446289062,192.274810791016,20.1109008789062,-3.28749990463257,2035.82531738281,1706.01721191406,0.493104994297028,-0.00769993616268039,4
2616357.77839045,1120256.49001191,1,2671.12866210938,265.954956054688,13.2696971893311,-2.98749995231628,2186.19995117188,1622.66552734375,0.497637122869492,-0.00300381355918944,3
2616532.16351479,1119883.44341241,1,2722.1064453125,219.996185302734,19.1408653259277,-2.86562490463257,2173.83129882812,1660.19006347656,0.378779798746109,0.00587330292910337,3
2615224.88199258,1119474.38689245,0,2456.36010742188,279.322937011719,8.46553611755371,-0.794375002384186,2292.97534179688,1359.43225097656,0.129528850317001,0.0453070066869259,3
2614987.78296069,1119408.03153215,0,2400.81420898438,273.290802001953,15.6252393722534,-0.200000002980232,2317.51245117188,1238.99487304688,0.0560903809964657,0.111195422708988,1
2615713.88079255,1118066.13529357,0,2411.05615234375,173.2099609375,6.67089414596558,-0.820625007152557,1992.24047851562,1576.20751953125,0.0413252599537373,0.29098454117775,1
2616747.82262022,1117603.65096817,1,2704.92578125,21.0445556640625,15.6054821014404,-2.42499995231628,1860.80554199219,1776.728515625,0.913014471530914,-0.201206147670746,1
2616284.29924149,1117841.81491413,0,2536.76538085938,353.751739501953,15.8181600570679,-1.77874994277954,1901.71594238281,1767.23364257812,0.299619734287262,-0.0903386250138283,1
2614630.19871779,1116523.34867744,0,2403.59057617188,16.3290481567383,9.32314014434814,-0.589062511920929,2027.19079589844,1290.49108886719,0.383404701948166,0.0512119010090828,1
2614512.88629961,1114900.0694656,0,2487.15502929688,240.023361206055,16.1897087097168,-0.0375000014901161,2259.33422851562,1107.52563476562,0.181430533528328,0.118792057037354,3
2614988.48250512,1114611.78499649,0,2488.65405273438,221.447280883789,13.9133224487305,-0.375,2199.662109375,1217.37976074219,0.252668470144272,0.0725778192281723,4
2614613.31026706,1115947.84448944,0,2480.28369140625,58.2757530212402,19.9492111206055,-1.10625004768372,2068.97705078125,1264.71215820312,0.252366364002228,-0.0507271997630596,1
2614968.90989235,1114008.87534588,0,2244.23583984375,319.805969238281,18.3870143890381,-0.1875,2175.84350585938,1245.78210449219,-0.00414703693240881,0.206759288907051,3
2614746.02831734,1113838.20991293,0,2214.51391601562,326.787231445312,22.4214248657227,0.375,2211.77099609375,1173.11669921875,-0.066049687564373,0.291803151369095,3
2614570.26174094,1113034.47377731,0,2205.78515625,263.961303710938,13.4006633758545,0.848124980926514,2269.61987304688,1013.16705322266,0.0688869208097458,0.275036603212357,3
2613586.22094226,1120286.72777974,0,2367.38427734375,197.714111328125,21.1736183166504,-0.162499994039536,2528.19482421875,826.818054199219,0.0175461694598198,0.227071285247803,1
2614214.86251312,1117309.07638104,0,2325.97973632812,40.3420181274414,6.77449321746826,0.782500028610229,2107.4931640625,1195.89343261719,0.145048692822456,0.232666775584221,4
2614398.91745743,1116763.93435622,0,2377.9365234375,358.065155029297,4.0863881111145,0.0212500002235174,2020.79724121094,1290.45141601562,0.320893883705139,0.0512050464749336,1
2614161.6117331,1115288.28325612,0,2428.74536132812,263.907501220703,25.0091495513916,-0.159999996423721,2222.2705078125,1136.63366699219,0.0687956139445305,0.285972505807877,4
2607995.1991923,1114370.49994116,1,2492.34838867188,359.527404785156,10.6940450668335,-0.34375,1845.60852050781,1701.28076171875,0.107117809355259,-0.00923007447272539,3
2607630.14046533,1116511.09163357,0,2548.5751953125,286.765869140625,29.9045677185059,-1.37929689884186,1876.18408203125,1668.71545410156,0.174800843000412,0.00591804040595889,3
2607493.6854647,1117466.53011912,0,2471.41137695312,108.790435791016,10.2139177322388,-1.4783593416214,1943.56225585938,1512.912109375,0.193145483732224,0.124994739890099,3
2612318.42558062,1111431.44499117,0,2422.47412109375,44.6857643127441,19.7080078125,0.394687503576279,1972.67272949219,1380.82604980469,0.13759508728981,0.249226152896881,2
2613825.16018353,1105100.17781224,0,2439.76440429688,46.8050155639648,12.96910572052,-1.1525000333786,1649.93444824219,1820.3896484375,0.221155107021332,0.173664659261703,2
2613774.96717608,1104646.82161432,0,2571.48193359375,53.4139595031738,17.268087387085,-1.77937507629395,1399.05847167969,1969.34301757812,0.489792972803116,-0.035859502851963,4
2613883.44883784,1104599.05730055,1,2557.94555664062,36.6272201538086,30.8733444213867,-1.63125002384186,1421.78112792969,1947.83154296875,0.333925366401672,-0.0930483862757683,4
2614268.80160636,1104682.44245821,0,2420.14916992188,13.2581939697266,22.6299304962158,-0.707187533378601,1648.86303710938,1787.263671875,0.25268942117691,0.0383999720215797,2
2613944.2868724,1104894.39367859,0,2448.93041992188,78.2473678588867,11.6937198638916,-1.11000001430511,1606.57312011719,1838.94812011719,0.315469682216644,0.159064516425133,2
2614589.79398586,1105075.48609037,0,2298.06665039062,55.0530548095703,14.7290096282959,0.426249980926514,1967.18090820312,1602.63879394531,0.10248889029026,0.312473952770233,2
2614681.27479024,1104898.19143435,0,2303.30126953125,66.6030426025391,18.2917613983154,0.257499992847443,1926.36328125,1613.62646484375,0.0500094927847385,0.301422208547592,2
2614032.81351391,1104571.12732044,1,2521.1552734375,14.3819732666016,27.3990020751953,-1.3553124666214,1481.70581054688,1899.60986328125,0.225516051054001,-0.00694944988936186,2
2613204.62888698,1105336.97546951,0,2612.81640625,115.717323303223,21.93874168396,-2.22250008583069,1538.68518066406,1886.26965332031,0.314546942710876,0.19560532271862,2
2613233.77321418,1105009.91135526,0,2572.93359375,57.4001388549805,16.7259426116943,-2.41249990463257,1396.91955566406,1971.85021972656,0.43543142080307,-0.0621691308915615,4
2614547.93525854,1105668.39013119,0,2239.21826171875,37.7907371520996,20.5338459014893,1,2152.12524414062,1504.00415039062,0.0665739849209785,0.313432186841965,2
2615965.28394395,1111312.9765496,0,2599.54833984375,244.061386108398,17.1176719665527,-2.13718748092651,1953.13427734375,1365.6025390625,0.191936686635017,0.228215456008911,1
2616413.07606335,1111529.55574426,1,2871.78857421875,254.194793701172,21.7452735900879,-3.30187511444092,1875.80676269531,1489.99426269531,0.377101838588715,0.0131624666973948,4
2616011.24489097,1110672.5368996,0,2460.5537109375,275.950561523438,17.9399375915527,-1.05624997615814,2035.34265136719,1260.69995117188,0.0989992618560791,0.250987887382507,1
2616984.66306807,1109219.09771549,1,2900.01147460938,288.582092285156,10.8250541687012,-3.13875007629395,1927.43371582031,1464.28820800781,0.405370593070984,-0.0300113055855036,5
2618168.39190582,1108665.00321643,1,3081.7880859375,218.944137573242,12.0398874282837,-4.96374988555908,1554.58142089844,2059.63110351562,0.593664824962616,-0.0358209423720837,5
2617645.9677665,1108448.4240218,0,2916.1552734375,203.614593505859,9.71612739562988,-3.75,1740.96264648438,1825.10375976562,0.278514415025711,0.104864053428173,5
2618505.33352602,1106955.41778095,1,3028.57153320312,288.010650634766,27.0698986053467,-4.50281238555908,1443.26184082031,2044.49304199219,0.713787734508514,-0.108394578099251,5
2618148.27052865,1107170.53360308,1,2785.783203125,311.711669921875,32.2246742248535,-3.9137499332428,1561.34033203125,1937.73889160156,0.548218429088593,-0.130853414535522,5
2617631.69988077,1107572.9611614,1,2648.25854492188,293.007202148438,18.4299049377441,-2.82500004768372,1836.41687011719,1757.96923828125,0.452498942613602,-0.0432837158441544,5
2616840.93772459,1107324.61492527,1,2599.46557617188,290.748809814453,14.7233428955078,-1.91124999523163,1962.53186035156,1617.91455078125,0.0907710194587708,0.057827565819025,2
2615995.6489346,1107005.17246211,0,2466.64770507812,249.194931030273,20.7480754852295,-0.25,2285.35034179688,1341.57116699219,0.113168500363827,0.167188763618469,5
2616236.37378319,1106962.73464677,0,2601.96166992188,235.339538574219,25.4669723510742,-0.8125,2236.43286132812,1385.16198730469,0.130279257893562,0.13657408952713,2
2616834.89331559,1106730.79003573,1,2660.1982421875,250.499526977539,19.6826953887939,-2.07687497138977,2057.75634765625,1549.52282714844,0.189118623733521,0.0611232332885265,4
2616995.86433904,1106553.7219101,1,2713.50561523438,291.709533691406,13.5140409469604,-2.47499990463257,2059.41064453125,1548.62353515625,0.35502102971077,-0.00886527821421623,4
2616034.42831774,1106533.23468944,0,2374.6650390625,235.884384155273,26.6051216125488,-0.3125,2326.73291015625,1327.46057128906,0.0461387299001217,0.174762696027756,2
2616621.24086657,1106407.38461645,1,2565.69116210938,255.163223266602,9.6403923034668,-1.49374997615814,2212.2236328125,1425.84216308594,0.159082233905792,0.0626343861222267,4
2616154.42489898,1106148.36760658,0,2293.11352539062,264.3779296875,17.3726806640625,-0.0562499985098839,2360.68334960938,1316.64038085938,-0.00385495508089662,0.180577099323273,2
2616539.65782506,1106681.76704244,1,2590.2275390625,192.880599975586,20.7963352203369,-1.59124994277954,2172.8701171875,1452.79992675781,0.120801165699959,0.0789605379104614,4
2616889.15965767,1110835.27296966,1,2954.76586914062,228.343536376953,33.4089317321777,-4.03499984741211,1640.37268066406,1709.79309082031,0.39724937081337,-0.0569712668657303,5
2616131.33455812,1103331.96277141,1,2727.33984375,286.518341064453,17.3955821990967,-2.54999995231628,1427.58044433594,1868.24157714844,0.694085121154785,-0.0445269048213959,4
2616169.28204426,1103924.2735375,1,2586.26684570312,284.569976806641,15.151665687561,-1.4571875333786,1576.96765136719,1815.37731933594,0.448788225650787,-0.0230329390615225,4
2615781.55772654,1103457.35446581,1,2560.1123046875,268.715209960938,20.9376373291016,-1.375,1512.41625976562,1773.91479492188,0.33946281671524,0.0175813231617212,4
2616699.3094365,1103627.29320882,1,2851.16967773438,264.121795654297,29.7111129760742,-3.32500004768372,1284.55725097656,2073.40942382812,0.519596576690674,-0.126474469900131,4
2615721.33671531,1103754.33479424,1,2449.42431640625,331.194610595703,21.6530895233154,-0.715624988079071,1602.22509765625,1736.67700195312,0.393144547939301,-0.0609210878610611,4
2617590.60395389,1108925.72237222,1,3044.54248046875,273.184204101562,24.402795791626,-4.46500015258789,1714.01733398438,1783.68115234375,0.466457843780518,-0.0464307628571987,5
2617908.64479793,1108576.09979895,0,2998.38745117188,212.347961425781,21.0287494659424,-4.3899998664856,1641.46569824219,1935.15698242188,0.39215299487114,-0.00187240110244602,5
2616449.33795582,1106391.44425007,0,2491.12353515625,263.147094726562,27.383602142334,-1.13750004768372,2265.01977539062,1384.41430664062,0.0874970480799675,0.164454817771912,4
2616269.92320618,1106782.4201052,1,2533.669921875,203.873062133789,23.0096225738525,-0.9375,2257.24829101562,1376.97912597656,0.0424074344336987,0.112304128706455,4
2616448.47232533,1104028.70689447,1,2683.34130859375,274.822998046875,22.7992458343506,-1.81437504291534,1501.45751953125,1903.10668945312,0.205963850021362,-0.0484757721424103,4
2614386.13413872,1103369.87623188,0,2536.1630859375,78.2058029174805,21.5351963043213,-1.109375,1259.23840332031,1950.32788085938,0.248109981417656,0.0872149989008904,4
2614116.52828903,1104723.06970247,0,2429.75854492188,61.6735687255859,21.2895030975342,-0.954687476158142,1602.51232910156,1826.09826660156,0.163158655166626,0.174956083297729,2
2611813.25113611,1109576.24842117,1,2741.03833007812,66.0199890136719,32.1069984436035,-2.17499995231628,1855.80041503906,1682.80834960938,0.48527929186821,-0.0708436891436577,2
2612471.29945343,1109005.23442337,1,2653.12133789062,30.6789321899414,14.9400272369385,-2.02500009536743,1683.2548828125,1839.67810058594,0.461866468191147,0.023242698982358,5
2611889.34110524,1109051.58936279,1,2832.69482421875,43.8251914978027,26.2311935424805,-2.54999995231628,1721.85229492188,1788.21899414062,0.529086828231812,-0.0872728601098061,2
2612086.46091569,1108663.33015502,1,2902.6865234375,88.6887664794922,25.2269535064697,-2.75,1690.69982910156,1844.70092773438,0.552273571491241,-0.0778248757123947,5
2611895.04882341,1108777.57626326,1,2935.70336914062,20.0811309814453,15.8836755752563,-2.82500004768372,1753.08630371094,1788.56713867188,0.720209896564484,-0.0688937529921532,5
2612534.68248917,1108674.07782695,1,2676.61499023438,99.2267074584961,26.8561038970947,-2.2418749332428,1681.99536132812,1850.58483886719,0.33683905005455,-0.00947496574372053,2
2614546.53907302,1123652.4006935,0,2193.86791992188,131.741012573242,2.61150932312012,1.22124993801117,2036.57373046875,1105.71496582031,0.170556291937828,0.260305434465408,4
2614773.52295577,1123514.0254923,0,2104.23901367188,61.9514541625977,11.6526575088501,0.634062469005585,2024.81433105469,1163.537109375,-0.0664825215935707,0.261628419160843,3
2614261.29194759,1123935.22018358,0,2236.25390625,53.7829399108887,10.5407381057739,1.49062502384186,2056.40234375,998.715759277344,0.196250513195992,0.136204123497009,4
2612695.84972305,1123104.09302121,0,2307.80908203125,261.607849121094,15.5333671569824,0.580000042915344,2378.38842773438,753.481384277344,0.16748920083046,0.17471219599247,1
2613011.236217,1122872.55252503,0,2375.9892578125,213.943771362305,29.9637298583984,0.0625,2272.84033203125,880.126892089844,0.132023364305496,0.118459679186344,1
2613500.84089077,1122755.40700734,0,2411.10864257812,241.452590942383,13.9807147979736,-0.735156238079071,2121.49975585938,1048.73767089844,0.143489703536034,0.159057557582855,1
2614107.27474485,1122925.44524817,0,2436.28076171875,44.0655517578125,17.0986881256104,-0.287499994039536,2005.21789550781,1272.46301269531,0.251223385334015,0.127771839499474,3
2614538.82749635,1123088.75729285,0,2415.865234375,149.76530456543,23.2109317779541,0.33500000834465,1971.67419433594,1308.35400390625,0.136580169200897,0.210355535149574,4
2614394.07975328,1122510.30441564,0,2445.609375,98.7013397216797,12.5726823806763,-0.496874988079071,2024.70642089844,1394.84338378906,0.239193096756935,0.212993785738945,3
2615364.80439636,1122789.57608335,1,2482.7021484375,334.123291015625,14.794150352478,-1.05624997615814,1963.94226074219,1432.19934082031,0.393497616052628,-0.133513271808624,3
2615296.73529021,1122928.13572607,0,2412.3291015625,289.258850097656,23.3230113983154,-0.832499980926514,1964.06896972656,1391.93957519531,0.25641867518425,-0.0270466357469559,3
2615294.15819855,1121721.65632733,1,2624.580078125,340.5390625,18.8232765197754,-2.07500004768372,2001.79321289062,1648.28857421875,0.248530074954033,-0.0751444101333618,3
2614292.70511842,1121580.83264883,0,2427.4150390625,330.640899658203,19.3264389038086,-0.962499976158142,2123.46533203125,1372.40600585938,0.0795704200863838,-0.0373564548790455,1
2613577.2764269,1121217.22660694,0,2332.34301757812,330.575775146484,20.4897651672363,0.451562494039536,2250.77612304688,967.872192382812,-0.030775211751461,0.164947420358658,1
2615862.08567036,1120758.40357061,1,2693.0458984375,199.240875244141,5.84169960021973,-2.27500009536743,2103.65478515625,1648.40234375,0.203221336007118,0.102329581975937,3
2615296.29492546,1121054.87851817,1,2600.3466796875,262.580505371094,9.89231967926025,-1.85000002384186,2078.44921875,1617.76000976562,0.279428392648697,0.0430184677243233,3
2614054.96415782,1120731.19383384,0,2494.7412109375,187.577941894531,14.6991996765137,-0.471875011920929,2292.34594726562,1126.73034667969,0.139079108834267,0.105877168476582,3
2614403.12749733,1120768.11411804,0,2538.5390625,129.636260986328,26.1229972839355,-0.706250011920929,2242.79638671875,1283.27490234375,0.125647261738777,0.0828511416912079,3
2615615.32664357,1120567.83421861,0,2577.86279296875,195.964538574219,30.0477676391602,-1.80624997615814,2141.92456054688,1631.24389648438,0.231516599655151,0.101905561983585,3
2615513.77057354,1120660.08435388,1,2588.1416015625,210.705718994141,22.8474655151367,-1.69249999523163,2128.88256835938,1632.37243652344,0.0847283080220222,0.0785949677228928,3
2615303.2667346,1121841.72339374,0,2588.2412109375,318.863220214844,14.4129066467285,-1.95000004768372,1988.38122558594,1653.25170898438,0.281394779682159,-0.0480156987905502,3
2613278.63396049,1121294.06368747,0,2212.18603515625,256.765625,21.7304306030273,1.12750005722046,2272.287109375,909.8447265625,-0.100886903703213,0.370955377817154,1
2615429.76201232,1121922.1709924,0,2634.9873046875,241.49382019043,25.0627422332764,-2,1977.03076171875,1661.03137207031,0.22199310362339,-0.0490780919790268,3
2614234.34610395,1120699.76843752,0,2500.50268554688,214.44792175293,24.805456161499,-0.5625,2276.66381835938,1196.58349609375,0.117065116763115,0.154801517724991,3
2615203.10324026,1121194.47233428,1,2614.2783203125,162.675277709961,27.243143081665,-1.89999997615814,2072.92114257812,1605.93518066406,0.209991574287415,0.0488130077719688,3
2587347.07943291,1105591.1850289,1,2669.11108398438,307.479309082031,21.1295394897461,-2.33500003814697,1931.58703613281,1605.20568847656,0.633639514446259,-0.0821892395615578,3
2587423.17780801,1105349.05383592,1,2734.015625,320.063293457031,28.6280536651611,-2.41375017166138,1950.86755371094,1572.90246582031,0.587652802467346,-0.0917478874325752,3
2587366.57571093,1105306.91671926,1,2734.580078125,298.847229003906,23.5656814575195,-2.34999990463257,1954.72351074219,1566.44213867188,0.823528647422791,-0.148576214909554,3
2586723.19854013,1106258.77531831,1,2504.30102539062,53.884952545166,23.2574195861816,-1.14374995231628,2044.50146484375,1499.91333007812,0.458579659461975,0.0107697760686278,3
2586099.55644851,1106556.5657058,0,2284.0537109375,26.4792709350586,17.9415016174316,0.144999995827675,2313.84887695312,1261.62451171875,-0.0189495999366045,0.249143362045288,3
2586214.67819791,1106613.65433682,0,2237.23120117188,19.5782012939453,19.7916698455811,0.0484374985098839,2236.6357421875,1324.7216796875,0.104072667658329,0.17155896127224,3
2586417.15710429,1106903.72523422,0,2143.35595703125,354.935791015625,12.4400663375854,0.167500004172325,2124.1728515625,1425.40942382812,0.0276144836097956,0.226469278335571,3
2585871.18632052,1106015.32681857,0,2223.73486328125,247.254684448242,19.4111270904541,0.259375005960464,2504.22827148438,1101.14147949219,0.112487256526947,0.273145824670792,3
2585115.80444716,1107991.27756877,0,2091.91821289062,21.3093490600586,25.2990398406982,1.625,2491.52368164062,1120.31909179688,-0.0185500271618366,0.0180459320545197,2
2584831.5361374,1107751.66202472,0,2177.6435546875,338.471923828125,21.1550197601318,1.16250002384186,2681.59057617188,1044.27026367188,-0.0380195416510105,0.160644859075546,2
2584936.56447313,1107754.80658562,0,2209.60302734375,325.256652832031,28.4744052886963,1.21249997615814,2661.47436523438,1053.208984375,-0.0458808094263077,0.105060987174511,2
2587531.81460746,1103662.11824058,0,2390.7470703125,272.333618164062,13.882363319397,-0.824999988079071,2194.37866210938,1336.447265625,0.20830312371254,0.196706354618073,1
2587314.69357877,1104265.28089531,0,2486.96069335938,205.913909912109,18.0504264831543,-1.77874994277954,2159.14575195312,1391.31896972656,0.287123441696167,0.0871100202202797,3
2582076.71334406,1106714.22626217,0,2038.9814453125,131.666259765625,23.107292175293,1.89125001430511,2962.93627929688,615.636596679688,0.0672776028513908,0.370925009250641,1
2584630.00045316,1107265.67745468,0,2096.11987304688,234.960968017578,22.2193698883057,1.39374995231628,2978.39282226562,916.207641601562,0.0795546025037766,0.279950737953186,2
2586064.31820198,1105489.32380633,0,2270.05615234375,242.367691040039,26.1613388061523,-0.430312514305115,2351.73901367188,1161.30920410156,0.132536932826042,0.296971172094345,3
2586540.60864165,1103668.64982174,0,2368.64672851562,130.380767822266,16.8355140686035,-0.517499983310699,2364.45141601562,1053.85314941406,0.128126114606857,0.281476765871048,3
2586127.23901976,1104757.40012073,0,2227.53173828125,238.67301940918,22.3789100646973,-0.09375,2337.830078125,1096.69421386719,0.121708139777184,0.286929816007614,3
2587101.59096491,1104855.65135488,1,2603.19506835938,244.954803466797,27.6633110046387,-1.83999991416931,2028.34729003906,1494.80712890625,0.450674533843994,0.00252983346581459,3
2586109.61255225,1105097.19924106,0,2225.30590820312,283.989379882812,27.8542976379395,-0.259999990463257,2324.2119140625,1141.75659179688,0.081297442317009,0.173570051789284,3
2587400.41455792,1106605.10568605,0,2594.25341796875,260.666839599609,15.3526744842529,-2.1949999332428,1979.63403320312,1593.79956054688,0.308482319116592,0.136610627174377,3
2587460.75743775,1106448.12651475,0,2602.02075195312,279.61962890625,17.9335327148438,-2.40249991416931,1950.22106933594,1621.75073242188,0.412816196680069,0.0825002044439316,3
2586046.02018595,1104286.71398669,1,2277.52075195312,340.190124511719,15.6897945404053,0.377499997615814,2418.708984375,984.251708984375,0.154558703303337,0.092715248465538,1
2586835.90244073,1104999.80470839,0,2564.11962890625,204.487289428711,7.27650213241577,-1.48749995231628,2060.46240234375,1423.21044921875,0.292128443717957,0.133408010005951,4
2587279.03260413,1104912.72727864,1,2704.37036132812,292.904663085938,26.4061374664307,-2.14562511444092,2011.09118652344,1508.64416503906,0.401471942663193,-0.107305526733398,3
2587927.43106327,1104764.77881224,1,2799.81201171875,118.56714630127,19.5270881652832,-2.80812501907349,2016.14758300781,1509.42700195312,0.379315197467804,0.0224404651671648,3
2586816.18586018,1104585.74556139,0,2494.77221679688,200.484405517578,7.4484658241272,-1.20062494277954,2130.5908203125,1348.37683105469,0.332422822713852,0.105156362056732,4
2586643.07190524,1103894.18463637,0,2407.85717773438,138.643112182617,18.6461734771729,-0.620000004768372,2279.32006835938,1150.0751953125,0.165941119194031,0.254490315914154,3
2587752.09888318,1105747.1552517,1,2760.4326171875,346.317108154297,28.3000316619873,-2.375,1920.02001953125,1624.58557128906,0.54185688495636,-0.0442638546228409,3
2588025.78115118,1105873.57299744,1,2623.26586914062,6.30754089355469,31.3939075469971,-2.10625004768372,1883.908203125,1669.89965820312,0.338572978973389,-0.141948029398918,3
2588803.11661765,1106599.6521198,0,2283.04370117188,22.8216400146484,11.8658275604248,-0.119999997317791,2045.85485839844,1643.166015625,0.208279892802238,0.181640759110451,1
2588973.00746704,1105860.71513024,1,2361.54638671875,28.8342971801758,23.3022861480713,-0.933125019073486,1863.40087890625,1740.7998046875,0.41142413020134,-0.0221092998981476,1
2588838.96043208,1108148.99611774,1,2395.73828125,35.989086151123,13.9973812103271,-0.625,2265.72534179688,1425.63342285156,0.213922724127769,0.156331419944763,3
2589257.0036172,1109142.68808847,1,2273.40795898438,33.4551696777344,15.0500459671021,0.537500023841858,2113.65600585938,1367.90515136719,0.115749761462212,0.138312950730324,3
2594381.42699734,1104844.2881742,1,2679.00122070312,86.957405090332,10.9441156387329,-2.89374995231628,1682.55310058594,1965.93249511719,0.350314289331436,0.0630883425474167,3
2595096.70952399,1107514.61774817,0,2218.0185546875,56.5428848266602,16.3014698028564,0.0399999991059303,1736.03881835938,1663.61096191406,0.0375859402120113,0.198940634727478,1
2594085.9627538,1104860.01762693,1,2817.34155273438,83.6592559814453,15.6278352737427,-2.99874997138977,1694.52856445312,1994.0888671875,0.549169361591339,-0.0191857162863016,3
2593823.24084231,1104374.60505745,1,2805.2216796875,286.393798828125,27.9458751678467,-2.625,1587.12072753906,2087.55810546875,0.326725602149963,-0.0618267729878426,3
2592611.54174895,1108036.4980731,1,2596.23095703125,0.588768005371094,23.0623550415039,-2.54749989509583,1923.83520507812,1641.353515625,0.245969831943512,0.00242071109823883,3
2593125.5753964,1107630.03817681,1,2808.83642578125,312.330139160156,12.2814321517944,-3.046875,1796.17260742188,1785.11999511719,0.500333070755005,-0.0473229475319386,3
2589293.99159203,1108753.98547345,1,2313.74609375,75.2302932739258,12.5587606430054,0.550000011920929,2210.34423828125,1360.4365234375,0.141641765832901,0.0932681038975716,3
2593562.06125913,1106439.58944935,1,2997.32861328125,277.299865722656,13.07373046875,-3.5,1812.56030273438,1837.21887207031,0.657638370990753,-0.102999344468117,3
2591560.41861817,1104983.5411575,1,2536.25927734375,61.1834335327148,13.8329811096191,-1.54750001430511,1547.49084472656,2026.77233886719,0.394300132989883,-0.0213667266070843,3
2589934.32048221,1104658.6320484,1,2715.17163085938,271.105102539062,27.062520980835,-3.53875017166138,1445.03991699219,2064.39233398438,0.51337605714798,-0.0764105468988419,0
2589421.14358598,1108967.5332999,0,2251.6748046875,46.7340698242188,17.8950881958008,0.848124980926514,2196.75317382812,1350.14013671875,0.0173279419541359,0.236142724752426,3
2588761.13030848,1109092.87706793,0,2381.55151367188,119.869773864746,21.6411113739014,-0.425000011920929,2076.40966796875,1393.83508300781,0.0158833488821983,0.225341573357582,3
2588453.75258362,1106203.44761245,0,2393.91357421875,21.8615798950195,15.1695566177368,-1.17000007629395,1863.98620605469,1727.62170410156,0.17105670273304,-0.00874001253396273,1
2588293.27800751,1106826.90390719,0,2373.73315429688,89.1982574462891,24.8473358154297,-1.09500002861023,2028.02893066406,1646.53918457031,0.244659900665283,0.154677107930183,1
2595578.19025901,1105106.01817972,1,2561.18090820312,127.336486816406,21.7624034881592,-1.2224999666214,1897.95971679688,1675.13317871094,0.206215441226959,0.123680144548416,3
2590213.88304665,1105092.37548845,1,2816.86059570312,301.78857421875,35.1140632629395,-2.85999989509583,1492.40441894531,2028.96984863281,0.418650895357132,-0.107028819620609,3
2592455.71364713,1108439.3111497,0,2550.16552734375,265.673156738281,19.2008419036865,-2.3287501335144,1949.65625,1586.31787109375,0.250501424074173,0.14223812520504,3
2588267.9123447,1105080.67195446,1,2688.34057617188,34.9507942199707,17.3505306243896,-2.82937502861023,1872.1279296875,1633.88903808594,0.457598984241486,-0.0738260298967361,3
2588193.45389234,1105185.78113733,1,2700.05786132812,97.6899108886719,14.5659847259521,-2.72749996185303,1879.89929199219,1629.91613769531,0.413379549980164,-0.0351003035902977,3
2588669.47277818,1104710.55713077,1,2700.75024414062,65.6697845458984,16.7453517913818,-3.23000001907349,1835.30920410156,1680.22045898438,0.55612587928772,-0.0751518756151199,3
2594593.52883193,1105503.0205702,1,2863.90258789062,111.747520446777,9.89815521240234,-3.28812503814697,1702.47595214844,1870.59887695312,0.529484808444977,-0.0155246136710048,3
2594350.66249978,1104972.82838198,1,2708.58471679688,155.780731201172,18.6219367980957,-3.04625010490417,1711.78588867188,1943.47277832031,0.271733999252319,0.0434513613581657,3
2595313.81554531,1105166.5558033,0,2649.45703125,172.513122558594,13.6732997894287,-1.7931250333786,1856.69946289062,1714.33898925781,0.153202474117279,0.141133114695549,3
2594392.89844338,1107012.12489408,1,2708.09619140625,114.777931213379,19.9927158355713,-2.15000009536743,1602.29064941406,1843.21875,0.380907148122787,0.0465650372207165,3
2593711.54784149,1108008.80690098,1,2707.56494140625,52.3175163269043,24.8480854034424,-2.59999990463257,1631.14916992188,1858.46411132812,0.525213003158569,0.00117541197687387,3
2593370.39592999,1108012.52315124,1,2775.87817382812,22.0754013061523,20.9573440551758,-2.91562509536743,1674.84643554688,1865.60888671875,0.432252407073975,-0.0962904989719391,3
2594055.69125369,1108863.82987487,1,2444.41918945312,123.321762084961,14.8889493942261,-0.921875,1713.61755371094,1701.79235839844,0.154930174350739,0.170323923230171,3
2594275.51619327,1108762.45429594,0,2387.099609375,53.856071472168,18.4636535644531,-0.603124976158142,1718.99938964844,1693.20300292969,0.200578048825264,0.171533450484276,3
2593587.22936797,1108919.58644345,1,2567.74194335938,35.3592834472656,23.305721282959,-1.90906250476837,1687.62585449219,1770.6748046875,0.315374881029129,0.0132580026984215,3
2593912.43155378,1109372.04165827,1,2479.92114257812,30.8868942260742,27.1344108581543,-0.650000035762787,1765.060546875,1643.66784667969,0.147245183587074,0.028392618522048,3
2594244.30318577,1109408.32344422,1,2383.1337890625,21.3637466430664,31.9009952545166,0.237499997019768,1790.72399902344,1612.87573242188,0.104588985443115,0.0704453662037849,3
2593768.90507625,1109413.65900122,1,2513.32861328125,93.6115264892578,24.9209365844727,-0.897812485694885,1751.896484375,1656.74963378906,0.284884929656982,0.100545667111874,3
2594071.73765976,1109466.34824394,0,2399.74389648438,80.2314987182617,20.5379981994629,-0.0946874991059303,1800.8896484375,1600.82922363281,0.108996137976646,0.131670936942101,3
2594704.71513388,1108313.1372931,0,2224.09765625,45.9380226135254,12.5211143493652,-0.00999999977648258,1788.169921875,1603.31628417969,0.103219456970692,0.269872516393661,1
2592880.38709026,1108905.58765658,1,2759.01489257812,51.9295959472656,16.2542152404785,-2.09999990463257,1822.7021484375,1662.58361816406,0.200495883822441,0.0986089929938316,3
2594361.9913763,1108735.21861679,0,2378.54565429688,29.5905075073242,13.035683631897,-0.479375004768372,1725.93005371094,1684.46325683594,0.166500627994537,0.247112721204758,3
2593897.89611229,1108435.0047993,1,2507.76049804688,62.5125503540039,21.8627662658691,-1.77499997615814,1647.64025878906,1795.466796875,0.322757184505463,0.0357412099838257,3
2593711.73428832,1107734.63211623,0,2756.6904296875,69.6493988037109,19.3554420471191,-2.875,1634.46276855469,1871.3408203125,0.493783950805664,0.000852793804369867,3
2594134.60376946,1106984.31394775,1,2835.88012695312,101.860832214355,20.8893203735352,-2.578125,1545.83972167969,1924.87451171875,0.569990694522858,-0.00820036884397268,3
2593403.88593011,1105921.16913619,1,2910.3759765625,317.860687255859,22.8496532440186,-3.8600001335144,1915.20703125,1807.53063964844,0.40587443113327,-0.0278209429234266,3
2593566.66021157,1105577.11612225,1,2981.67797851562,306.536376953125,24.7023830413818,-4.34999990463257,1830.33386230469,1880.82604980469,0.494499355554581,-0.106318056583405,3
2592634.18263472,1106077.5598919,1,2597.57421875,288.497619628906,29.2001037597656,-2.30625009536743,2013.51892089844,1689.21069335938,0.285800158977509,0.0331247933208942,3
2593023.46959789,1107850.72242689,1,2745.61401367188,271.610412597656,32.9182014465332,-2.84124994277954,1810.43603515625,1756.00695800781,0.24924311041832,0.0289517268538475,3
2592809.17004502,1107781.25501348,1,2691.8974609375,4.89239501953125,23.4156112670898,-2.71749997138977,1894.50830078125,1682.03088378906,0.0672334656119347,0.0207273531705141,3
2593316.43746304,1106946.32374406,1,2847.28588867188,306.385437011719,19.62815284729,-3.32500004768372,1807.82336425781,1830.72839355469,0.5713210105896,-0.0303033459931612,3
2593177.92804343,1107083.4892856,1,2797.8076171875,308.344024658203,14.8770427703857,-3.17499995231628,1832.08081054688,1792.41784667969,0.486950695514679,-0.0095706433057785,3
2592945.64300554,1106833.99104843,1,2857.31616210938,26.2819900512695,22.8640079498291,-2.95000004768372,1925.29309082031,1720.1474609375,0.446410804986954,-0.0619682110846043,3
2592751.64124991,1105781.42404315,1,2684.75634765625,279.757598876953,25.5274105072021,-2.38750004768372,1949.47814941406,1771.01293945312,0.348149448633194,0.0326603837311268,3
2592826.13619577,1105670.05041136,1,2729.87329101562,289.933166503906,31.3216209411621,-2.53624987602234,1926.80615234375,1800.03625488281,0.236962780356407,-0.0100889764726162,3
2594854.76368439,1104416.20607105,1,2739.86499023438,347.448028564453,30.2995452880859,-2.22499990463257,1601.17614746094,1982.22888183594,0.344299077987671,-0.0576457306742668,1
2592990.06107165,1109038.47074595,1,2739.20825195312,66.7245254516602,12.5005903244019,-1.95000004768372,1781.13659667969,1690.54541015625,0.242427885532379,0.0539806336164474,3
2593065.65552548,1106649.2422599,1,2889.35522460938,57.155590057373,26.3833484649658,-3.07500004768372,1914.90283203125,1749.12707519531,0.496917486190796,-0.0469602532684803,3
2590644.5351551,1106471.68859276,0,2228.03540039062,76.2983703613281,27.2235355377197,0.700625002384186,2037.84533691406,1611.46362304688,0.200867161154747,0.28639218211174,3
2589561.91544171,1103053.49571105,1,2836.5478515625,256.536865234375,31.9033794403076,-3.52749991416931,1415.6962890625,1873.39721679688,0.878735661506653,-0.0728003531694412,3
2592175.81610658,1107927.5546405,1,2586.4521484375,333.281494140625,25.5756225585938,-1.64281249046326,1931.0625,1639.80725097656,0.0301857385784388,0.0620181486010551,3
2593754.39633512,1107585.30830366,1,2760.17431640625,66.0398635864258,31.1297740936279,-2.92499995231628,1623.64575195312,1881.12719726562,0.624246656894684,-0.0264156349003315,3
2588708.41178398,1102919.09436444,1,2705.609375,328.638336181641,21.3573417663574,-2.3600001335144,1950.16125488281,1482.96154785156,0.138422310352325,-0.076395608484745,1
2591889.20584855,1104937.53091286,0,2506.04711914062,348.233123779297,17.0930309295654,-1.55999994277954,1630.10461425781,1993.26159667969,0.429295867681503,0.0793674737215042,3
2593318.61909385,1105595.79088875,1,2893.61865234375,29.1759376525879,21.9000759124756,-3.91000008583069,1890.44030761719,1848.47973632812,0.465734779834747,-0.0809216424822807,3
2593358.18290464,1108320.00946535,1,2685.9345703125,12.3263626098633,12.3767280578613,-2.6487500667572,1672.67211914062,1848.36511230469,0.420047372579575,-0.0437830910086632,3
2594559.81968428,1109356.60735466,0,2254.22534179688,47.2152252197266,20.3484535217285,0.886250019073486,1783.94592285156,1620.90771484375,0.160440251231194,0.153819680213928,3
2592414.91891171,1106222.06441144,1,2569.70190429688,189.965362548828,25.0510845184326,-2.09562492370605,2016.26306152344,1675.01904296875,0.0756404548883438,0.124906070530415,3
2594187.33305853,1108559.13201907,0,2454.353515625,56.9642868041992,16.8555488586426,-1.08312499523163,1683.36083984375,1733.16357421875,0.156828075647354,0.245165064930916,3
2592077.64555631,1106431.57641917,1,2572.31713867188,246.758636474609,10.8900537490845,-1.60687494277954,2010.37365722656,1664.12780761719,0.0454577878117561,0.0735249519348145,3
2592864.31738925,1106013.93945439,1,2750.787109375,302.863220214844,21.3445301055908,-2.75624990463257,1985.65612792969,1726.70251464844,0.14999121427536,-0.00686735985800624,3
2590166.81575302,1104941.62372182,1,2881.5029296875,314.324584960938,19.425329208374,-3.12875008583069,1476.61596679688,2040.77746582031,0.405372083187103,-0.04042699187994,3
2588455.11454978,1105077.21738088,1,2621.96484375,26.012077331543,25.530855178833,-2.90374994277954,1833.83483886719,1669.76037597656,0.388635724782944,-0.0583285391330719,3
2593306.04586562,1104304.49035939,0,2609.3369140625,243.027954101562,11.7229347229004,-2.5,1566.25732421875,2093.45043945312,0.34283921122551,0.0510811805725098,3
2593668.78754619,1104275.60980404,1,2735.30322265625,296.318054199219,29.8940200805664,-2.72499990463257,1560.22326660156,2104.83959960938,0.287762075662613,-0.0254285726696253,3
2593086.96513215,1103614.69115118,1,2714.44506835938,349.279113769531,23.536096572876,-2.95000004768372,1341.76623535156,2229.27563476562,0.683034300804138,-0.11419901996851,3
2593996.48653907,1103651.81160357,1,2909.26684570312,276.434814453125,13.9701290130615,-3.34999990463257,1357.35009765625,2238.20483398438,0.814615368843079,-0.0671433955430984,3
2594615.00735335,1104648.4254157,1,2661.0068359375,75.8073120117188,19.3573513031006,-2.50624990463257,1628.42541503906,1981.72546386719,0.358428657054901,-0.0706248730421066,1
2587405.39471136,1103235.38640441,0,2261.42114257812,246.06266784668,15.2196464538574,-0.458750009536743,2242.70532226562,1263.23486328125,0.13705675303936,0.285984992980957,1
2589258.92130023,1104852.97624072,1,2624.52465820312,343.085906982422,27.1398544311523,-2.625,1634.18798828125,1870.52026367188,0.799314439296722,-0.137186929583549,3
2587956.9549647,1105283.55162463,1,2805.81982421875,118.859024047852,35.7731475830078,-2.6012499332428,1926.56579589844,1591.97937011719,0.366969734430313,0.0685747191309929,3
2588613.32194108,1108200.99519008,1,2488.34545898438,165.961639404297,14.3845205307007,-1.1875,2195.28369140625,1479.22680664062,0.211295828223228,0.0721395090222359,4
2593229.16620594,1108853.37337092,1,2742.943359375,29.1861114501953,15.1902952194214,-2.15000009536743,1713.74291992188,1771.50622558594,0.376246333122253,-0.013046502135694,3
2593716.50985929,1108881.42435752,1,2541.98681640625,24.6852035522461,25.3030776977539,-1.6328125,1694.03576660156,1752.57800292969,0.00592760276049376,0.0536089204251766,3
2595481.98872141,1107567.67915322,1,2086.79833984375,34.6596336364746,28.6548080444336,1.0856249332428,1760.154296875,1637.60693359375,-0.00232143374159932,0.316988945007324,1
2595301.41149863,1107448.92514722,1,2208.90356445312,27.4234085083008,20.1624450683594,0.430000007152557,1725.93981933594,1675.89331054688,0.0655302256345749,0.134949877858162,1
2592672.26045576,1108127.83154641,0,2595.73120117188,247.133773803711,17.7433414459229,-2.56562495231628,1913.05090332031,1645.28173828125,0.239791572093964,0.0690711736679077,3
2592764.82595786,1108064.03141951,0,2637.03100585938,277.094055175781,30.3898010253906,-2.6168749332428,1880.1611328125,1678.41455078125,0.204484537243843,0.00152854167390615,3
2589259.68028449,1108486.27635761,0,2281.3154296875,159.161315917969,13.8682641983032,0.375,2273.50561523438,1352.67248535156,0.119505606591702,0.248647764325142,4
2591818.78637364,1108334.73238119,0,2319.46264648438,329.012939453125,26.842981338501,-0.314687490463257,2041.61706542969,1506.51989746094,-0.0636533126235008,0.180304870009422,1
2591782.11373469,1108105.25606543,0,2391.04248046875,319.161987304688,23.3784503936768,-0.39750000834465,1986.30700683594,1562.56860351562,-0.0626152232289314,0.164999529719353,3
2589273.91653608,1105248.09592704,0,2496.59765625,154.617141723633,22.3985195159912,-1.58749997615814,1687.90588378906,1855.83361816406,0.62137097120285,-0.0296358913183212,3
2593610.6653946,1108422.41073776,1,2617.82177734375,0.668876647949219,23.4283123016357,-2.375,1660.23767089844,1821.93627929688,0.183439061045647,-0.0357286110520363,3
2593866.77030941,1107706.22181481,0,2667.59545898438,99.3914566040039,24.5256462097168,-2.54999995231628,1596.31188964844,1878.22314453125,0.411395370960236,0.0560867302119732,3
2593487.63818788,1107751.64935752,1,2855.99072265625,85.8287124633789,31.2004642486572,-3.23281240463257,1675.51110839844,1865.43432617188,0.530449867248535,-0.00263157533481717,3
2593133.24974548,1104740.4623546,0,2633.85083007812,237.165283203125,16.0248031616211,-2.4375,1710.20092773438,2001.45703125,0.31625634431839,0.125970095396042,3
2594734.50414025,1104776.40382203,0,2595.11572265625,74.8618392944336,23.5242576599121,-2.48812508583069,1652.16613769531,1947.74572753906,0.276500880718231,-0.000902374740689993,1
2595185.42497844,1105883.97942212,1,2469.41870117188,12.6480407714844,16.8760929107666,-1.77499997615814,1699.02282714844,1795.94873046875,0.271230310201645,-0.00967464502900839,1
2592659.60728586,1108260.86723333,0,2612.7978515625,252.760543823242,17.3674278259277,-2.53749990463257,1913.87182617188,1633.57702636719,0.287561446428299,0.108896799385548,3
2594424.68400312,1106151.93987736,1,2800.54711914062,79.3826599121094,12.5543174743652,-2.92499995231628,1657.17431640625,1863.18090820312,0.68438857793808,-0.0352757908403873,3
2594892.0902382,1105846.36753876,1,2612.97534179688,42.9472618103027,34.779899597168,-2.34999990463257,1685.56469726562,1815.58312988281,0.381233543157578,-0.0784424766898155,3
2593122.84641856,1108378.205786,1,2731.455078125,72.5939483642578,24.8223171234131,-2.578125,1749.904296875,1773.57482910156,0.434337347745895,0.00627659959718585,3
2593152.22610861,1108409.86760885,1,2716.64013671875,78.3754119873047,26.6012210845947,-2.56500005722046,1741.13220214844,1779.75256347656,0.443920701742172,0.00573534844443202,3
2593481.95505536,1106382.59782318,1,2976.67236328125,315.98291015625,17.5676689147949,-3.59375,1856.48181152344,1816.95227050781,0.504759252071381,-0.0765072405338287,3
2588637.89329655,1106571.1080151,0,2298.408203125,359.482849121094,18.5698356628418,-0.338750004768372,2006.99780273438,1664.88647460938,0.0868243500590324,0.160192385315895,1
2589797.23482416,1101566.71408814,1,2774.44750976562,100.188125610352,16.6955337524414,-3.22250008583069,1759.84497070312,1525.82153320312,0.459593117237091,-0.00660101184621453,3
2587264.60389201,1094716.17284292,1,2576.904296875,316.702453613281,30.7829895019531,-2.22437500953674,1373.78112792969,2206.53491210938,0.381939202547073,-0.15931810438633,3
2587262.4091038,1095414.11538999,0,2441.33618164062,278.759216308594,25.5409641265869,-1.34375,1656.58447265625,2004.05310058594,0.151225015521049,0.079476423561573,3
2587553.87693511,1095199.90409239,1,2581.76025390625,334.992218017578,18.4539241790771,-1.75,1596.86779785156,2040.779296875,0.336324453353882,-0.0769063904881477,3
2587472.23082545,1095877.65459097,1,2484.57788085938,315.97509765625,20.0519104003906,-0.560937523841858,1788.44201660156,1897.53735351562,0.282128363847733,-0.0266445223242044,3
2585509.65149716,1097892.90882684,0,2200.64331054688,16.0780792236328,21.0235118865967,1.79999995231628,2131.83520507812,1147.32702636719,0.00505701126530766,0.262624114751816,3
2591471.29818356,1098485.26721337,1,2513.09936523438,10.1415023803711,32.9492568969727,-1.37531244754791,2078.13916015625,1342.70471191406,-0.155270516872406,0.0766541585326195,3
2590811.88739437,1102074.73555663,0,2718.09814453125,235.824340820312,12.3568658828735,-3.20250010490417,1484.60021972656,1795.79296875,0.482035040855408,0.00538037065416574,3
2587132.36536512,1095526.10741237,0,2379.88745117188,274.088317871094,23.2961254119873,-1.0859375,1680.82666015625,1993.84411621094,0.124538317322731,0.17057466506958,3
2589221.75032066,1096710.12218319,0,2206.46752929688,328.854217529297,11.2697629928589,0.529999971389771,2153.4375,1231.578125,0.0734395235776901,0.165990501642227,3
2591292.16340477,1099331.22966087,1,2452.72412109375,245.822525024414,13.8002529144287,-1.24749994277954,1909.54638671875,1504.09838867188,0.0447509847581387,0.0827807113528252,3
2589720.55232144,1102085.52599016,1,2888.97924804688,192.402038574219,25.1576080322266,-3.40437507629395,1596.0390625,1659.4658203125,0.699343740940094,-0.0373829118907452,3
2591039.49136411,1101536.91745804,1,2732.69995117188,275.875671386719,20.6948547363281,-3.06124997138977,1644.39929199219,1652.09875488281,0.215531453490257,-0.0965128019452095,3
2591253.32600012,1100370.46704996,1,2607.99340820312,293.212890625,18.4756889343262,-2.125,1768.84094238281,1615.60620117188,0.179547905921936,-0.0284355692565441,3
2591030.72765019,1100175.47440109,1,2573.21899414062,291.214508056641,13.5277709960938,-1.70000004768372,1844.02282714844,1560.41394042969,0.213151782751083,0.0766065642237663,3
2590934.40998565,1100811.27178282,1,2562.03247070312,148.237121582031,21.3163833618164,-2.22499990463257,1801.87341308594,1538.58337402344,0.193077594041824,0.108072333037853,3
2591591.7323141,1101829.43871257,1,2910.35034179688,235.393798828125,15.6789903640747,-3.56750011444092,1470.30200195312,1845.99829101562,0.749617338180542,-0.0496610477566719,3
2591448.36972893,1101993.2816669,1,2870.89990234375,277.378082275391,14.3374376296997,-3.47499990463257,1460.61279296875,1837.54846191406,0.75407212972641,-0.0603845156729221,3
2591515.17474301,1102126.89169504,1,2895.994140625,289.341491699219,20.8716087341309,-3.50937485694885,1408.00305175781,1892.31701660156,0.716942965984344,-0.0804182961583138,3
2591015.84383423,1102428.24570044,1,2791.38061523438,230.328903198242,19.6561946868896,-3.46437501907349,1367.134765625,1887.73229980469,0.663765668869019,-0.035870648920536,3
2590905.81061189,1102728.62444998,1,2927.89379882812,170.612426757812,22.2522354125977,-3.63499999046326,1264.87573242188,1966.59033203125,0.688389837741852,-0.0225166231393814,3
2590728.16867444,1102746.23427854,1,2945.609375,177.063415527344,37.2489280700684,-3.69374990463257,1256.35217285156,1973.16345214844,0.458961635828018,0.0392517447471619,3
2588428.53520644,1102259.69557756,1,2708.89135742188,208.814315795898,29.7104911804199,-2.09062504768372,2237.27563476562,1201.23181152344,0.28434231877327,0.0640934556722641,3
2590579.58044637,1100635.3994377,1,2526.8759765625,166.518707275391,11.7018136978149,-1.70000004768372,1882.81030273438,1475.01831054688,0.0701747387647629,0.114873707294464,3
2588291.46564553,1102134.93012134,1,2595.24951171875,198.826324462891,33.3463668823242,-1.6875,2262.00463867188,1168.00891113281,0.156422585248947,0.182165011763573,3
2589522.01931211,1100964.49655931,1,2664.24682617188,140.876770019531,26.0035285949707,-2.43812489509583,2078.60009765625,1262.53234863281,0.265092939138412,0.0926745906472206,3
2590725.00090005,1100057.82220114,1,2487.56420898438,305.654327392578,26.2125205993652,-1.27499997615814,1971.26745605469,1442.14770507812,-0.119906701147556,0.0445562042295933,3
2590539.95838832,1099872.77968956,1,2445.0185546875,297.997833251953,27.1968250274658,-0.925000011920929,2084.26489257812,1342.69836425781,-0.126401677727699,0.0300661623477936,3
2591019.87516914,1100578.69828654,1,2549.31225585938,290.256164550781,26.7046852111816,-2.09999990463257,1810.07238769531,1553.47204589844,0.149502649903297,0.0263088811188936,3
2590999.19468806,1100464.36427549,1,2532.24584960938,247.966598510742,23.4380741119385,-1.97500002384186,1824.16857910156,1549.55505371094,0.256870716810226,0.0588575564324856,3
2591863.44125384,1100855.28189907,1,2896.9345703125,295.811370849609,30.8150997161865,-3.22499990463257,1626.27502441406,1749.69140625,0.331896394491196,-0.0881427004933357,3
2591832.80507635,1100929.42144846,1,2882.86401367188,246.480773925781,22.6486206054688,-3.25,1624.52905273438,1744.19067382812,0.461056143045425,-0.0651286691427231,3
2591070.21113467,1100922.64041809,1,2582.42407226562,166.253479003906,15.7224798202515,-2.5,1776.93481445312,1550.85583496094,0.264431416988373,0.0587021335959435,3
2590043.34595193,1099595.21592229,0,2259.69580078125,310.993804931641,34.2859153747559,0.00750000029802322,2329.6796875,1131.45935058594,-0.182571098208427,0.187715664505959,3
2592097.85909727,1100512.33675075,1,2823.71020507812,219.391067504883,8.60955238342285,-3.10374999046326,1647.77404785156,1769.23852539062,0.488050282001495,-0.0122233172878623,3
2592507.72006568,1100850.0737486,1,2862.7998046875,193.477920532227,15.7588300704956,-3.84999990463257,1526.83605957031,1992.21923828125,0.676743686199188,-0.0312586165964603,3
2592716.65879583,1101028.98902468,1,2948.43872070312,238.970352172852,11.8827342987061,-4.25,1470.57543945312,2103.4384765625,0.845497190952301,-0.0571961887180805,3
2592897.41224286,1100902.15525004,1,2967.56860351562,198.067199707031,31.2461109161377,-4.30000019073486,1400.95129394531,2124.22192382812,0.859013915061951,-0.0572284571826458,3
2591758.35916614,1098832.3751035,1,2650.69848632812,250.944320678711,27.3105869293213,-1.83124995231628,1972.01513671875,1445.06616210938,0.315268576145172,0.0222045294940472,3
2591636.12081826,1098496.90896072,1,2502.85668945312,318.431823730469,18.6809959411621,-1.611328125,2032.74072265625,1387.65234375,-0.034571897238493,0.0396016761660576,3
2591629.5851002,1098910.29311483,1,2589.88623046875,241.155883789062,25.7066555023193,-1.67499995231628,1977.50122070312,1438.90979003906,0.0964635610580444,0.0850670263171196,3
2592025.25084731,1099423.35364846,1,2758.74096679688,351.471038818359,23.688684463501,-2.51062488555908,1856.68811035156,1553.89733886719,0.460714757442474,-0.140968546271324,3
2592000.07860577,1099814.36671057,1,2607.94067382812,280.971130371094,19.7096500396729,-2.66249990463257,1800.70764160156,1611.63256835938,0.25346913933754,-0.0436530336737633,3
2593397.08829814,1098772.73667734,1,2870.6201171875,194.764831542969,18.4004402160645,-3.67499995231628,1511.94714355469,2010.05981445312,0.852044820785522,-0.0591190122067928,3
2593354.60613214,1098633.85267301,1,2850.3173828125,83.1874008178711,6.13669300079346,-3.47499990463257,1554.00463867188,1950.3330078125,0.688892662525177,-0.0409283004701138,3
2593959.97699866,1098533.63833234,1,3038.89672851562,237.915130615234,31.0250015258789,-4.40250015258789,1318.56372070312,2151.41479492188,0.861387968063354,-0.0638319104909897,3
2593558.43883317,1097850.24733468,1,2917.31176757812,300.181030273438,31.3655204772949,-3.59999990463257,1611.75720214844,1828.337890625,0.882791638374329,-0.152459606528282,3
2593083.782324,1097495.2761591,1,2725.51171875,281.036437988281,35.110710144043,-2.63882827758789,1970.46533203125,1479.89428710938,0.28857609629631,-0.0246505178511143,3
2592639.35350976,1097456.47033456,1,2494.74536132812,236.512802124023,12.924991607666,-1.67875003814697,2204.84057617188,1263.85168457031,0.0660073533654213,0.170923590660095,3
2592707.24092094,1098806.66365616,1,2890.4052734375,196.637084960938,29.9600296020508,-3,1661.06652832031,1730.92822265625,0.47006556391716,-0.00358681264333427,3
2589977.93527504,1102083.14869315,1,2876.07763671875,179.637588500977,7.47637796401978,-3.29812502861023,1541.19506835938,1718.74365234375,0.701703667640686,-0.0429911203682423,3
2593801.11743332,1098425.98937086,1,2947.798828125,248.235366821289,23.7165870666504,-4.09999990463257,1396.33190917969,2079.4462890625,0.90373569726944,-0.0808667689561844,3
2593669.89817634,1098497.47448845,1,2889.88159179688,268.450408935547,21.3065624237061,-3.85406255722046,1436.59851074219,2040.91540527344,0.913073182106018,-0.0869467854499817,3
2592731.28878997,1098437.2507255,0,2646.23876953125,203.156524658203,18.3084182739258,-2.66687488555908,1794.31396484375,1617.44091796875,0.424840718507767,0.076043613255024,3
2592350.85086851,1100857.95223982,1,2918.7412109375,145.177581787109,23.4965343475342,-3.70000004768372,1549.14147949219,1931.7890625,0.476862579584122,-0.00659331493079662,3
2589649.10512254,1101838.91411075,1,2810.30322265625,180.019836425781,20.1483058929443,-3.40249991416931,1705.0419921875,1564.88720703125,0.592910408973694,-0.0235209167003632,3
2588179.09038687,1102393.49500039,1,2742.6796875,219.804580688477,21.8451633453369,-1.73374998569489,2207.59790039062,1241.10290527344,0.2355996966362,0.0849014073610306,3
2591446.85321114,1101093.49453306,1,2696.150390625,298.691436767578,30.3901500701904,-3.04999995231628,1707.77270507812,1618.56750488281,0.243332087993622,-0.0410676747560501,3
2591516.02580293,1100601.60499828,1,2735.40698242188,289.502014160156,23.2108879089355,-2.625,1725.98217773438,1646.75280761719,0.184044614434242,-0.0665270239114761,3
2591853.28009035,1100333.57650678,1,2732.71142578125,173.003631591797,22.9397563934326,-2.73624992370605,1727.52709960938,1673.19653320312,0.286649733781815,0.0436883047223091,3
2592609.08532836,1100228.30038582,1,2790.99609375,242.425064086914,17.8875598907471,-3.59999990463257,1533.77307128906,1917.48193359375,0.882345259189606,-0.127424940466881,3
2591443.08976219,1101269.35161357,1,2739.4404296875,183.968566894531,22.2543277740479,-3.22499990463257,1661.98461914062,1658.30004882812,0.45663446187973,0.0416350737214088,3
2589673.36202905,1100300.61059436,0,2361.99853515625,108.869354248047,20.3068962097168,-1.05250000953674,2236.69604492188,1182.28234863281,0.108806468546391,0.242305487394333,3
2590251.97889872,1099834.79193157,1,2322.33447265625,282.317352294922,22.8821334838867,-0.571874976158142,2193.97485351562,1245.44982910156,0.0471760220825672,0.135540962219238,3
2593298.27407129,1098489.64160362,1,2843.79345703125,249.671936035156,18.6358432769775,-3.3050000667572,1587.32727050781,1891.455078125,0.799800395965576,-0.0515847243368626,3
2591136.02557683,1098676.41054271,0,2394.29858398438,325.678833007812,24.5489063262939,-0.660937488079071,2140.90991210938,1289.76452636719,-0.18527689576149,0.164214998483658,3
2590777.42738159,1099021.86214714,0,2152.8759765625,165.749755859375,14.8289995193481,-0.258437514305115,2215.80444335938,1244.89990234375,-0.111214973032475,0.280571967363358,3
2604981.62152197,1110324.32856142,1,2486.67797851562,304.787170410156,9.20827960968018,-1.22906243801117,2023.84167480469,1463.14343261719,0.160757794976234,0.0987230911850929,2
2604434.96719133,1110196.8812104,0,2390.6455078125,213.120971679688,9.307448387146,0.17875000834465,2185.76391601562,1153.01123046875,0.00337411253713071,0.314962148666382,1
2605885.29388845,1110818.21130313,1,2696.26342773438,317.790405273438,26.3631916046143,-2.54999995231628,2014.19702148438,1644.19201660156,0.307048827409744,-0.0530926957726479,2
2606338.0455031,1109690.57527179,1,3013.11987304688,247.838302612305,26.4750843048096,-3.90999984741211,1948.10424804688,1578.63610839844,0.691397249698639,-0.0436842292547226,2
2606416.67207424,1109841.35328468,1,3111.33203125,244.519622802734,35.1502532958984,-3.97749996185303,1832.58996582031,1713.23840332031,0.880276441574097,-0.0584914349019527,2
2606960.07701384,1108530.36129175,0,2731.701171875,232.137405395508,23.266149520874,-2.44125008583069,2387.55932617188,1246.08972167969,0.300721168518066,0.175297498703003,1
2605433.51414118,1109524.40003456,0,2537.94946289062,189.224716186523,17.0663642883301,-1.33843743801117,2203.65893554688,1252.40295410156,0.0749418064951897,0.273096084594727,1
2605533.05008956,1111188.38271049,0,2502.623046875,273.936004638672,18.7499351501465,-1.82500004768372,2127.64086914062,1494.23889160156,0.11568359285593,0.105902150273323,2
2606475.22401016,1113082.43456038,1,2933.77197265625,38.2711372375488,24.3772926330566,-3.48562502861023,1571.00842285156,2013.91918945312,0.63685142993927,-0.0590674467384815,2
2606658.18561869,1113214.79837879,1,2846.58935546875,92.4778442382812,12.9745817184448,-3.24125003814697,1573.51281738281,2006.69445800781,0.494213193655014,0.0206937491893768,2
2606804.71681862,1112976.7863748,1,2788.83325195312,80.6343612670898,24.1839904785156,-3.05749988555908,1583.42846679688,1991.71643066406,0.507019758224487,-0.0278696194291115,2
2607415.53333909,1113541.05292801,0,2589.97412109375,71.18701171875,15.1630373001099,-1.64625000953674,1651.60180664062,1937.17895507812,0.330798387527466,0.117124475538731,3
2608445.70434304,1114006.95737734,1,2412.81689453125,101.173789978027,12.3878564834595,0.162499994039536,1988.81298828125,1527.80114746094,0.191213935613632,0.0645322650671005,3
2608175.18773634,1113849.85682288,0,2468.04711914062,139.79508972168,11.7457237243652,-0.470624983310699,1873.26135253906,1664.48510742188,0.178306236863136,0.0589212849736214,3
2607882.24735384,1113764.89755051,0,2511.25170898438,143.102554321289,14.6822862625122,-0.970312476158142,1764.49487304688,1795.92980957031,0.279419273138046,0.120147064328194,3
2608911.20401135,1113175.53449269,0,2169.12646484375,49.5602951049805,16.7530822753906,0.899999976158142,2089.96215820312,1371.54614257812,0.0731119960546494,0.323715209960938,3
2608493.46865725,1113080.00586547,0,2321.09594726562,94.1888275146484,16.0229148864746,-0.487031280994415,1930.91711425781,1582.09204101562,0.195555537939072,0.159260049462318,3
2608716.09893322,1113044.38502124,0,2268.07592773438,55.2281532287598,19.112943649292,0.287500023841858,2016.16162109375,1474.64599609375,0.0859815329313278,0.217596262693405,3
2608763.86324737,1112237.24907596,0,2259.82104492188,89.94873046875,6.84580993652344,0.111875005066395,2026.02978515625,1491.9013671875,0.247434735298157,0.247360393404961,3
2608435.18000346,1112512.50105343,0,2436.88012695312,107.169288635254,23.3347454071045,-0.648124992847443,1912.13269042969,1624.1953125,0.23309651017189,0.0819528475403786,3
2606917.24630454,1110988.09083862,1,2660.69995117188,4.29958343505859,10.7497110366821,-2.57500004768372,1815.5205078125,1887.39428710938,0.677668988704681,-0.0577951073646545,2
2607288.83647447,1110477.25555111,1,2745.67626953125,33.354907989502,15.8825588226318,-2.72499990463257,1643.44274902344,2009.29760742188,0.832597494125366,-0.0739471316337585,2
2607215.82551597,1109880.44213032,1,2943.86962890625,50.6184005737305,22.0913066864014,-3.40000009536743,1665.49096679688,1952.15698242188,0.684207737445831,-0.0542250163853168,2
2607161.73482625,1110022.68500628,1,2915.27978515625,115.415802001953,11.2319488525391,-3.32500004768372,1587.54699707031,2019.66064453125,0.699911713600159,-0.0464525073766708,2
2607371.41206786,1110231.55268308,0,2794.66162109375,104.66397857666,23.0580978393555,-2.90000009536743,1583.23095703125,2045.68933105469,0.712220966815948,-0.0144922723993659,2
2607819.10131374,1110127.92840905,1,2829.35620117188,316.870544433594,14.9423637390137,-2.75312495231628,1628.04650878906,2009.42602539062,0.652854204177856,-0.0796107798814774,2
2606888.1019773,1111398.54011069,0,2665.7666015625,130.93913269043,17.9841175079346,-2.20000004768372,1823.24133300781,1856.208984375,0.210505247116089,0.231214061379433,2
2608584.13989817,1110546.87810945,1,2739.47583007812,20.8507537841797,19.1074924468994,-2.29812502861023,1729.99389648438,1900.70983886719,0.443940192461014,0.0367205031216145,2
2609212.76684126,1110008.11284176,0,2568.77514648438,92.0730972290039,16.9078750610352,-1.04999995231628,1918.25415039062,1752.74633789062,0.240298718214035,0.187155500054359,2
2609598.92917451,1109905.2981324,0,2455.60546875,87.9286499023438,17.9358940124512,-0.350000023841858,2045.34362792969,1632.07092285156,0.167060181498528,0.264861762523651,2
2609390.06149743,1109907.72682642,0,2508.85375976562,92.486198425293,20.4571151733398,-0.700000047683716,2002.65319824219,1688.82666015625,0.181656464934349,0.252818048000336,2
2609411.91974276,1109801.67385867,0,2515.5205078125,45.5191078186035,15.2418575286865,-0.700000047683716,2029.90612792969,1683.00988769531,0.235396504402161,0.192008465528488,2
2609591.62016211,1109580.89623961,0,2467.3984375,55.4801826477051,11.46617603302,-0.350000023841858,2120.31884765625,1619.78649902344,0.211934968829155,0.23163677752018,2
2609017.66176311,1109914.60812604,1,2685.1328125,48.8718566894531,35.3596420288086,-1.45000004768372,1864.81958007812,1811.8486328125,0.371785700321198,-0.0369036793708801,2
2608935.28856138,1109159.48670888,0,2596.18798828125,196.941101074219,21.5862674713135,-1.44875001907349,2105.70629882812,1682.94677734375,0.207577988505363,0.224767833948135,2
2608077.95960775,1109273.63532342,0,2736.77783203125,194.850128173828,29.0451927185059,-2.79562497138977,1983.04333496094,1738.75256347656,0.240454539656639,0.212686166167259,2
2608179.9647524,1109209.67971688,0,2692.546875,158.581695556641,19.2274494171143,-2.62249994277954,2014.04187011719,1715.15612792969,0.284809023141861,0.191947162151337,2
2607186.6458811,1109252.57078559,1,2939.66235351562,65.3684768676758,26.900562286377,-3.58124995231628,2047.81872558594,1583.11755371094,0.625882089138031,-0.042618989944458,2
2608972.93331837,1106666.83718483,1,2699.8310546875,24.3102569580078,29.5225524902344,-2.84999990463257,2019.37182617188,1669.18041992188,0.564997911453247,-0.0984961688518524,5
2609049.84195927,1106432.87300406,1,2787.91381835938,16.5797500610352,21.0590515136719,-2.95749998092651,2022.36206054688,1642.48205566406,0.539562880992889,-0.0388996079564095,5
2610431.36401705,1106611.78678864,0,2294.21704101562,47.5735778808594,18.0891742706299,-0.642499983310699,1970.17639160156,1742.54748535156,0.252669095993042,0.211408153176308,5
2611750.95437953,1107490.46800825,1,2960.25219726562,275.84521484375,28.7424449920654,-3.73593759536743,1947.44165039062,1713.35900878906,0.693965017795563,-0.129661098122597,2
2611577.30276441,1107239.09818786,1,2919.25952148438,292.819763183594,24.5121841430664,-3.09375,1982.92590332031,1691.58117675781,0.645003020763397,-0.130122885107994,2
2611798.31391102,1107361.7472306,1,2990.61767578125,291.19091796875,28.9480457305908,-3.54500007629395,1958.78735351562,1707.49536132812,0.663860261440277,-0.17913144826889,2
2612053.02318564,1107727.72104517,1,3153.56518554688,257.669921875,29.8074150085449,-3.80250000953674,1856.21313476562,1775.90368652344,0.792822301387787,-0.0628747045993805,2
2611485.31598191,1107848.24498111,1,2797.61987304688,306.823364257812,27.2415752410889,-3.41187500953674,1984.83264160156,1680.78503417969,0.356483787298203,-0.129405274987221,2
2611667.77161225,1108564.40609995,1,3009.85961914062,262.828125,22.3068943023682,-3.25,1868.27111816406,1719.10034179688,0.484983116388321,-0.11695297062397,5
2611231.82105357,1108822.15124216,1,2734.78149414062,276.807250976562,26.5717830657959,-2.02687501907349,1961.47888183594,1624.28247070312,0.410247266292572,-0.0931771844625473,5
2610838.67622461,1110310.33344032,0,2489.06640625,252.02734375,25.8264179229736,-0.225000008940697,1978.40356445312,1544.83642578125,0.225413277745247,0.235832005739212,4
2611907.30154918,1110321.46495359,0,2589.5791015625,78.7974319458008,9.91375923156738,-2.09999990463257,1945.05407714844,1588.27429199219,0.340727359056473,0.168147206306458,5
2611997.16322412,1110487.42570458,0,2584.56884765625,161.037567138672,13.1779546737671,-2,1926.56713867188,1587.14526367188,0.215965241193771,0.231083512306213,2
2611297.69937456,1111996.45419234,1,2440.9384765625,82.5607833862305,16.3538856506348,-0.150000005960464,1923.50561523438,1306.30847167969,0.234981954097748,0.0276984740048647,1
2611143.88209302,1111939.78466767,0,2511.67578125,68.7780609130859,30.700891494751,-0.182500004768372,1960.35583496094,1289.7666015625,0.162030383944511,0.124407447874546,1
2611413.06233552,1112423.90432177,1,2349.01928710938,38.1550025939941,27.2950992584229,0.818125009536743,2042.12756347656,1182.08166503906,0.24135847389698,0.104407794773579,1
2610641.31977129,1111312.17359481,0,2456.77514648438,240.273666381836,26.809232711792,-0.425000011920929,2011.07263183594,1368.29565429688,0.126641094684601,0.198733240365982,3
2608268.11963162,1104627.82333955,1,2568.22680664062,319.656005859375,8.53187656402588,-1.07656252384186,2293.24072265625,1270.06323242188,0.30587238073349,0.0287238694727421,5
2608902.58598112,1107107.27750605,0,2672.91748046875,75.9211196899414,19.4582118988037,-2.5,2014.28857421875,1714.5673828125,0.42363104224205,0.127525210380554,2
2606252.9879408,1112743.7530075,1,2965.23852539062,179.359344482422,20.5182132720947,-3.4375,1670.98486328125,1964.04174804688,0.481373846530914,-0.00565729849040508,2
2604535.86758333,1112605.05549501,0,2767.01220703125,242.024032592773,25.1999969482422,-2.52250003814697,2113.90161132812,1549.1572265625,0.292339682579041,0.128042325377464,2
2603492.85201412,1112916.12001089,0,2500.96264648438,247.125259399414,15.3858995437622,-0.915624976158142,2279.79345703125,1266.98400878906,0.122344300150871,0.258915781974792,3
2600348.05252025,1108547.56253307,0,2200.90087890625,353.066955566406,17.3658275604248,0.717499971389771,1954.76086425781,1492.17785644531,0.0600894913077354,0.334499806165695,4
2599366.42417083,1109278.40657651,0,2421.67260742188,46.0440292358398,13.3154611587524,-0.551562488079071,1910.97338867188,1377.89538574219,0.168208166956902,0.191772818565369,4
2599501.06930515,1109400.38636106,0,2385.03100585938,100.087387084961,7.70641613006592,-0.569687485694885,1965.876953125,1307.4296875,0.132535144686699,0.200775057077408,4
2599494.33331953,1108899.94194055,0,2477.92919921875,44.3311614990234,27.1121425628662,-1.0743750333786,1842.17321777344,1527.93444824219,0.295657426118851,0.0935184210538864,4
2599233.93866649,1109060.57203403,0,2501.65380859375,43.7692794799805,23.5317649841309,-0.599375009536743,1836.46447753906,1473.55810546875,0.168217986822128,0.0622380524873734,4
2599648.09887866,1109806.06041579,0,2287.45385742188,46.9822692871094,12.0685176849365,1.00750005245209,2110.11596679688,1055.322265625,0.191726550459862,0.191757157444954,2
2599497.50330167,1109925.3151758,0,2288.46337890625,9.43392944335938,15.049783706665,1.00546872615814,2129.14672851562,986.841918945312,0.117771089076996,0.226438000798225,2
2598916.79719936,1110102.60828079,0,2256.84228515625,25.5207672119141,14.2457284927368,1.25499999523163,2057.90234375,961.791931152344,0.119438655674458,0.114680573344231,4
2599357.04264197,1107609.40956668,1,2659.185546875,92.4455490112305,15.7160224914551,-2.25,1782.67065429688,1601.93176269531,0.464632213115692,0.00162986665964127,2
2599571.2161,1107494.08539699,1,2624.72192382812,53.1978912353516,16.157096862793,-2.34351563453674,1792.56909179688,1647.85241699219,0.479704350233078,0.00219685421325266,2
2599736.05376836,1107452.53453824,1,2579.40551757812,48.7242698669434,9.94021415710449,-2.05000019073486,1840.77905273438,1625.40368652344,0.469870984554291,0.0140264024958014,2
2600401.82470333,1106929.82070969,0,2407.13500976562,85.5546798706055,26.476095199585,-0.700000047683716,2084.54956054688,1504.28454589844,0.295285254716873,0.167930006980896,2
2600279.26291658,1106995.39390445,1,2446.00146484375,74.8894958496094,8.27330207824707,-0.950000047683716,2073.1484375,1505.03259277344,0.446180075407028,0.0302156656980515,2
2598754.09363315,1107226.43642267,1,2757.60766601562,320.835571289062,21.8447666168213,-1.75,1892.50952148438,1391.19079589844,0.360000491142273,0.0186838936060667,2
2598819.18742592,1107233.90620214,1,2788.55883789062,287.201904296875,27.7425098419189,-1.82500004768372,1870.27575683594,1421.50122070312,-0.00167685584165156,-0.0179000496864319,2
2598616.08056418,1107526.29471379,1,2644.28369140625,311.573547363281,26.1260318756104,-1.60000002384186,1890.42443847656,1360.7265625,0.308795273303986,0.0302789267152548,2
2599708.63885553,1105959.4744578,0,2570.27661132812,173.177230834961,17.0723171234131,-1.49500000476837,1992.14038085938,1613.36462402344,0.239671662449837,0.224184140563011,3
2599933.60506696,1106632.96667803,0,2672.84326171875,113.324020385742,13.3768978118896,-1.64999997615814,1999.80920410156,1569.21862792969,0.275316268205643,0.117287069559097,2
2599437.76008922,1106049.76737994,0,2670.2451171875,95.9953765869141,13.5898132324219,-2,2003.81518554688,1557.31811523438,0.326981455087662,0.131580010056496,2
2599756.03118957,1105332.77539408,0,2518.31860351562,334.225708007812,5.47718048095703,-1.07187497615814,1885.12084960938,1705.40100097656,0.316256999969482,0.194634646177292,3
2599856.27946196,1105360.66252514,0,2505.41455078125,119.234268188477,7.41104030609131,-0.801249980926514,1897.54956054688,1702.35864257812,0.239666044712067,0.224141150712967,3
2599308.65116125,1105721.73437844,0,2670.99609375,72.4900817871094,17.3822021484375,-1.52499997615814,1976.31652832031,1547.724609375,0.306445777416229,0.13195127248764,3
2599828.39427531,1106179.67193384,0,2576.13525390625,85.0939712524414,15.9537267684937,-1.47218751907349,2031.1650390625,1581.35546875,0.300812274217606,0.152494236826897,3
2600154.71481336,1106430.41676311,0,2514.06884765625,143.142593383789,23.0579490661621,-1.10062503814697,2070.71704101562,1546.24499511719,0.203375741839409,0.18937012553215,3
2600007.0405746,1107440.7565588,0,2513.13110351562,126.987747192383,6.95688390731812,-1.5,1940.31384277344,1564.51574707031,0.315475851297379,0.115568175911903,2
2598999.60072437,1108516.73546509,1,2635.9931640625,280.59765625,24.9831981658936,-0.96875,1755.96130371094,1517.70861816406,0.382576823234558,0.0501737222075462,2
2598662.68366092,1106955.79493562,1,2755.37915039062,245.251022338867,33.648494720459,-1.67499995231628,1955.82104492188,1346.66320800781,0.396715015172958,0.00987379532307386,2
2599460.94133808,1107508.58044485,0,2646.94775390625,52.4986152648926,17.5489311218262,-2.44374990463257,1794.32861328125,1617.35827636719,0.432618767023087,0.0846660360693932,2
2598774.13003327,1107133.0039137,1,2811.26220703125,332.130126953125,33.4609336853027,-1.77500009536743,1899.4072265625,1392.51354980469,0.34548082947731,0.0129965152591467,2
2595346.49404522,1107078.38060873,1,2410.0712890625,52.4530029296875,24.1630382537842,0.0193750001490116,1678.83508300781,1734.71118164062,0.0871228277683258,0.113243758678436,3
2600162.76735686,1106835.33547087,1,2527.45776367188,44.9521598815918,32.1514930725098,-1.14999997615814,2051.44165039062,1528.84509277344,0.382352620363235,-0.00175366888288409,2
2605264.28549737,1099421.8322022,1,2517.63720703125,281.421569824219,28.3787860870361,-0.995625019073486,1895.98474121094,1441.00830078125,0.192364633083344,-0.060469277203083,4
2605683.60594538,1100155.15358312,1,2690.943359375,290.530334472656,13.5343713760376,-1.9724999666214,1873.3984375,1434.55676269531,0.235605373978615,-0.0286916233599186,4
2608212.2913868,1104290.17860204,1,2524.50390625,256.330413818359,9.19781112670898,-0.400000005960464,2360.46069335938,1180.52587890625,0.243630900979042,0.0331760533154011,2
2608003.60955599,1104204.14311053,0,2462.33544921875,209.211944580078,14.1711912155151,0.125,2431.978515625,1095.33520507812,0.0838416442275047,0.139144584536552,1
2605880.56064947,1099451.12632331,1,2764.4296875,317.281402587891,29.7812538146973,-3.04999995231628,1888.49499511719,1446.25903320312,-0.0730909034609795,-0.0983186438679695,4
2605878.44098226,1100255.27492085,1,2744.80737304688,244.574188232422,17.8153648376465,-2.4375,1858.34204101562,1438.52294921875,0.0687663555145264,-0.0677181705832481,4
2606369.02998223,1108526.49451099,0,2601.2607421875,228.301239013672,19.8405952453613,-1.44374990463257,2518.36669921875,1016.22613525391,0.213652402162552,0.233358070254326,1
2605585.95623762,1101446.40557489,0,2372.8056640625,300.754425048828,28.3392715454102,0.760625004768372,2063.14599609375,1219.31567382812,0.105254590511322,0.00424972362816334,2
2601080.64301032,1102316.05899748,1,3194.1591796875,145.066223144531,21.2820167541504,-4.75,1004.04730224609,2204.56176757812,0.646792650222778,-0.0337185375392437,2
2603020.98027217,1102428.1246799,0,2334.24975585938,63.4595489501953,23.1335678100586,-0.223124995827675,1743.53161621094,1617.03125,0.126371666789055,0.285057365894318,2
2602525.97013871,1103055.05213159,0,2454.5771484375,125.915496826172,17.4912872314453,-1.4375,1463.77185058594,1845.18420410156,0.163249462842941,0.305815130472183,2
2602068.1243887,1102016.20038878,1,2747.14526367188,64.4038696289062,22.9242477416992,-2.84625005722046,1286.00219726562,1931.77404785156,0.38880643248558,-0.106185905635357,2
2601837.57558053,1101847.18068394,1,2865.88623046875,167.568283081055,10.2745351791382,-3.25500011444092,1313.79174804688,1905.8515625,0.441474258899689,-0.00986805371940136,5
2602616.75143216,1103523.46534571,0,2464.57788085938,49.1158294677734,14.3395490646362,-1.20937502384186,1617.65625,1751.76062011719,0.242665812373161,0.235758617520332,5
2602301.82831825,1098813.76721394,0,2539.73583984375,68.750244140625,13.0897121429443,-0.444999992847443,2067.68774414062,1482.97509765625,0.289792537689209,0.175225540995598,2
2600489.51708707,1096415.56322141,0,2621.07153320312,171.991729736328,8.47814559936523,-2.5,1251.60534667969,2037.28381347656,0.32085508108139,0.124209970235825,2
2600447.5568553,1096279.74273574,1,2610.4365234375,89.8457870483398,24.2231693267822,-2.54999995231628,1164.3662109375,2104.93090820312,0.329936593770981,0.0251211374998093,2
2600482.46186015,1095885.59134142,0,2609.00537109375,47.3620262145996,9.23122882843018,-2.52500009536743,967.972839355469,2272.66284179688,0.519424498081207,-0.0193526688963175,4
2600624.02380389,1095885.59134136,0,2573.23901367188,74.6106185913086,16.885929107666,-2.375,975.70166015625,2262.49096679688,0.378265380859375,-0.0073765623383224,4
2601052.77750682,1096328.98938296,0,2520.44921875,171.974060058594,16.1436824798584,-1.95000004768372,1209.228515625,2068.67749023438,0.294366180896759,0.187390431761742,1
2601815.91028379,1096683.70781604,0,2513.86303710938,134.808471679688,14.3673000335693,-0.890937507152557,1674.21276855469,1706.76733398438,0.173757180571556,0.221343502402306,4
2600854.31085833,1097040.30807941,1,2750.32055664062,213.789276123047,12.7378616333008,-2.70000004768372,1615.09899902344,1755.42321777344,0.490049809217453,0.0164685565978289,4
2600754.44795657,1097695.0065356,1,2891.80200195312,205.618698120117,14.6981639862061,-3.40000009536743,1509.79345703125,1825.1123046875,0.403899341821671,-0.0084114782512188,4
2600689.79031511,1098024.56953458,1,3053.08715820312,225.824249267578,35.0611839294434,-3.72000002861023,1428.63269042969,1881.35681152344,0.31890881061554,-0.0162331890314817,4
2600253.2289776,1098073.44403337,1,3012.5009765625,117.225135803223,17.1196060180664,-4.32499980926514,1421.37121582031,1888.75085449219,0.438137203454971,-0.0204704254865646,4
2600332.56077783,1098156.27746018,1,3003.37573242188,158.142196655273,17.870454788208,-4.32499980926514,1400.693359375,1899.85241699219,0.452727138996124,-0.0209613665938377,4
2600317.1028644,1098229.90594237,1,3030.71899414062,176.584533691406,31.0476093292236,-4.40000009536743,1389.46398925781,1905.65307617188,0.175495833158493,0.00365657242946327,4
2600916.70719033,1096098.95122464,0,2523.99047851562,44.5971374511719,7.8839635848999,-2.07500004768372,1067.41711425781,2180.34399414062,0.31682938337326,0.0719496309757233,1
2600282.52595392,1096023.2888068,0,2629.17919921875,139.116027832031,16.4191341400146,-2.72499990463257,1025.00500488281,2222.4091796875,0.500898063182831,0.052243497222662,2
2604740.87278932,1097565.75234018,1,2441.03149414062,268.997375488281,26.4008903503418,0.125,2054.919921875,1380.63525390625,0.110862173140049,0.129336655139923,1
2600423.08427273,1099903.51608182,1,2995.66040039062,187.522064208984,28.5913639068604,-4.01999998092651,1140.67626953125,2018.65734863281,0.53004002571106,-0.0585768334567547,5
2600580.189688,1099903.80069301,1,3011.54077148438,191.267456054688,33.9458885192871,-3.75,1156.69445800781,1989.48498535156,0.560070812702179,-0.0559378303587437,5
2601960.00576834,1101357.34660104,1,2770.45751953125,27.4065246582031,4.49747514724731,-2.90000009536743,1393.19458007812,1831.78344726562,0.406182795763016,-0.0160950887948275,5
2601952.19384042,1101110.8726195,1,2771.50927734375,142.071212768555,6.40113925933838,-2.65000009536743,1435.708984375,1793.0546875,0.388304173946381,0.0216870475560427,5
2599287.35193648,1098151.91166333,1,3051.0888671875,250.475112915039,26.4250984191895,-4.62125015258789,1586.96630859375,1812.84313964844,0.619371294975281,-0.0438194796442986,2
2599152.33302963,1097788.53231878,1,2956.38134765625,239.998794555664,35.7370529174805,-3.85500001907349,1633.04711914062,1817.84204101562,0.417664289474487,-0.0302598252892494,2
2599179.28274535,1097677.86646499,1,2945.19091796875,260.504821777344,30.6938457489014,-3.75687503814697,1626.39489746094,1832.642578125,0.467924982309341,-0.0325178094208241,2
2599004.14594523,1097760.00195939,1,2862.17529296875,253.928970336914,25.9920139312744,-3.375,1668.29907226562,1808.84631347656,0.410831212997437,-0.0150348991155624,2
2599436.70436786,1097547.82820697,1,3045.50927734375,183.759887695312,18.6358890533447,-4.32874965667725,1580.08422851562,1854.68774414062,0.518089950084686,-0.0248359516263008,2
2599765.87240586,1095933.81160183,1,2731.94970703125,103.793586730957,20.6249198913574,-3.22499990463257,898.579406738281,2359.4169921875,0.366552710533142,0.0121120410040021,4
2599539.81991317,1095518.20801052,1,2966.4306640625,337.040283203125,8.5276927947998,-3.45000004768372,719.585205078125,2555.56689453125,0.741860628128052,-0.0679705962538719,4
2599418.78897532,1094963.00259647,1,3046.62646484375,252.581237792969,30.3715476989746,-4.02499961853027,557.72998046875,2750.18530273438,0.420785456895828,-0.0279034115374088,4
2597701.94270496,1094950.19509061,1,2965.48486328125,348.177734375,6.89385604858398,-4.40999984741211,607.24609375,2709.90112304688,0.827434659004211,-0.117216825485229,2
2598258.10868209,1095830.71117387,1,2855.39135742188,68.8113250732422,19.2079181671143,-3.50624990463257,850.259399414062,2573.5986328125,0.537995219230652,-0.0930703356862068,5
2595728.40282131,1097335.44800359,1,2941.32373046875,62.9835586547852,29.6780853271484,-4.22499990463257,1198.50561523438,2200.26928710938,0.756331741809845,-0.0613947585225105,2
2600782.54260255,1096827.07753902,0,2700.27075195312,206.06298828125,14.7166843414307,-2.54999995231628,1484.24011230469,1856.89392089844,0.381177753210068,0.0543817542493343,2
2601929.29755713,1097020.88785996,0,2535.62353515625,110.287338256836,26.8483753204346,-1.07406258583069,1958.43933105469,1517.82897949219,0.283609062433243,0.138213187456131,2
2600469.09444676,1097113.41427681,0,2725.64282226562,247.038467407227,15.0068016052246,-3.15000009536743,1653.38232421875,1725.60510253906,0.333937227725983,0.0759897530078888,4
2599077.12483169,1097368.81928181,1,2845.49365234375,284.090576171875,31.1056880950928,-3.20624995231628,1639.1669921875,1862.47338867188,0.499638885259628,-0.0379834659397602,2
2598535.38784147,1099020.04775434,1,2931.11938476562,281.864837646484,19.8846664428711,-3.55000019073486,1660.59814453125,1730.638671875,0.289821684360504,-0.0641243755817413,2
2597694.74856356,1097302.52844256,1,2712.4482421875,2.3643798828125,21.681037902832,-2.01999998092651,1675.13696289062,1932.90869140625,0.363467901945114,-0.0391457937657833,5
2602112.18674505,1097293.90702302,0,2488.40258789062,102.72346496582,18.6570777893066,-1.03999996185303,2094.623046875,1456.23913574219,0.187887743115425,0.191768988966942,4
2602160.28895252,1097919.37366894,1,2511.00830078125,41.7274703979492,18.6180400848389,-1.20000004768372,2011.38732910156,1537.04064941406,0.0825945064425468,-0.0392280332744122,4
2599201.70439639,1097286.57320217,1,2920.6904296875,252.843780517578,25.2066097259521,-3.50999999046326,1622.537109375,1870.45593261719,0.468884170055389,-0.0290977787226439,2
2599981.53784011,1096323.02948523,1,2805.34838867188,251.684753417969,26.6492462158203,-3.02500009536743,1140.47119140625,2145.97607421875,0.510282576084137,-0.0110470680519938,2
2598688.36801874,1099423.87561259,1,2993.76171875,325.245483398438,12.2881355285645,-3.90000009536743,1563.87561035156,1806.84020996094,0.552569270133972,-0.0723403170704842,2
2602142.82116791,1095609.53282191,1,2476.00732421875,354.478088378906,27.3397960662842,-0.752499997615814,1102.83154296875,2102.6357421875,0.498526275157928,-0.111456453800201,4
2604870.80437062,1098506.81475817,1,2398.94604492188,285.359802246094,28.1899852752686,-0.310156255960464,2062.71459960938,1379.41430664062,-0.0688831359148026,0.0659954994916916,4
2605484.44791371,1098600.0800977,1,2761.66455078125,272.536926269531,30.2471218109131,-2.31500005722046,1794.26586914062,1559.53039550781,0.225508898496628,-0.0854857638478279,4
2605023.68533956,1098797.47406997,1,2543.05981445312,318.609313964844,29.8493518829346,-0.680000007152557,1984.05895996094,1414.6923828125,0.016725167632103,-0.00393762439489365,4
2605315.66944345,1098733.35414871,0,2666.6474609375,310.127319335938,31.8457584381104,-1.70187497138977,1856.36096191406,1503.41711425781,0.0968734994530678,0.0109455278143287,4
2605148.34824465,1097779.37160332,1,2570.642578125,314.992736816406,28.5725574493408,-1.27500009536743,1836.92724609375,1547.94665527344,0.385786294937134,-0.0367717556655407,4
2605421.25534734,1097433.60095416,1,2748.99975585938,229.829055786133,24.0498085021973,-2.31531238555908,1624.87377929688,1714.32360839844,0.48797932267189,8.81712476257235e-05,4
2605614.14502757,1097424.85732846,1,2791.32055664062,208.444717407227,25.2053890228271,-2.95000004768372,1504.60815429688,1812.42224121094,0.346550107002258,0.0180841963738203,4
2604634.59417539,1096541.57791771,1,2503.45629882812,337.432525634766,30.0226287841797,-0.803125023841858,1895.96508789062,1428.80834960938,0.179383933544159,-0.067168265581131,1
2604412.4816414,1096485.39134799,0,2441.02124023438,314.155944824219,30.4886665344238,-0.372500002384186,1945.92407226562,1389.169921875,-0.024180956184864,0.0655720978975296,4
2604538.35272709,1095541.24846999,0,2625.16528320312,244.513168334961,22.6507415771484,-1.60000002384186,1683.12561035156,1591.43371582031,0.103046074509621,0.108891867101192,4
2605626.41882204,1094158.36749355,1,2798.86987304688,313.038208007812,27.7704753875732,-2.70624995231628,1346.99145507812,1859.11437988281,0.659026384353638,-0.101145818829536,4
2605872.67402277,1094221.57738449,1,2880.68627929688,315.599975585938,29.6016082763672,-3.14687490463257,1300.48864746094,1884.27905273438,0.457732796669006,-0.116844169795513,4
2605625.43116759,1093951.61847489,1,2824.02734375,291.116394042969,20.9497032165527,-2.68125009536743,1276.25659179688,1902.16833496094,0.848762214183807,-0.104651063680649,4
2605022.44886851,1094425.75723262,1,2746.375,191.488616943359,19.4341640472412,-1.54999995231628,1439.74560546875,1785.93115234375,0.146820247173309,0.0534581318497658,4
2609005.63167578,1097356.89754097,1,2667.75317382812,261.435119628906,31.0542411804199,-1.375,1227.28759765625,1773.06689453125,0.437479019165039,-0.0885396152734756,4
2608865.17601939,1096978.43571897,1,2657.0830078125,326.558349609375,31.2285499572754,-2.25312495231628,1003.29888916016,1937.73474121094,0.624586999416351,-0.197492837905884,4
2608879.69119388,1096446.07035842,1,3111.92553710938,252.511657714844,31.1066970825195,-3.56874990463257,598.017456054688,2300.8125,0.85599958896637,-0.0787025541067123,5
2606587.40839344,1093400.82475526,1,2830.97241210938,226.118408203125,24.8404579162598,-3.6175000667572,971.086486816406,2064.53149414062,0.775518000125885,-0.0522621087729931,5
2606558.69525834,1093651.69555434,1,2922.97900390625,243.756591796875,19.9664783477783,-3.78500008583069,992.298583984375,2055.42309570312,0.728692293167114,-0.0615006536245346,5
2606538.47570888,1093785.32040239,1,2954.34985351562,247.462371826172,21.313928604126,-3.89750003814697,1001.45324707031,2052.37084960938,0.741430699825287,-0.065596915781498,5
2605131.4588036,1095758.48468877,1,2848.123046875,187.362365722656,10.4534950256348,-3.125,1574.05310058594,1660.58837890625,0.37311851978302,0.0181321855634451,4
2604540.25676032,1098479.33274619,1,2201.88134765625,290.265869140625,29.8659172058105,0.824999988079071,2258.01635742188,1255.14819335938,0.133290559053421,0.231821686029434,4
2596346.94041725,1090349.24837928,1,3000.03051757812,177.142028808594,31.1251316070557,-4.07249975204468,1457.78186035156,1790.07849121094,0.4198297560215,-0.0239059180021286,2
2593925.18620316,1086332.61115878,1,2584.548828125,338.835021972656,31.9808464050293,-1.42499995231628,1388.44152832031,1829.29821777344,0.248116508126259,-0.159373342990875,2
2593153.10649672,1087540.81968579,0,2672.02197265625,52.2802467346191,24.2287082672119,-2.1012499332428,1143.9384765625,1969.7890625,0.487542301416397,0.00605293409898877,3
2593000.3140004,1087866.72032334,1,2663.85766601562,33.9748764038086,26.947395324707,-1.84375,1081.1826171875,2020.33471679688,0.463699907064438,-0.0578971989452839,3
2598571.3381131,1099935.88082317,1,2934.53784179688,307.321350097656,25.1022129058838,-3.65000009536743,1559.65515136719,1797.82678222656,0.896929681301117,-0.211562812328339,2
2597986.39027691,1101703.40317038,1,2815.60327148438,328.145935058594,22.9360656738281,-3.34500002861023,1534.32141113281,1797.08801269531,0.329176813364029,-0.0208870060741901,2
2598089.74877513,1101648.90992363,1,2863.45678710938,315.735717773438,23.1221122741699,-3.64000010490417,1502.51049804688,1844.75170898438,0.462910711765289,-0.0404703170061111,2
2598262.38396703,1101631.0634347,1,2935.05102539062,292.127075195312,27.3691005706787,-3.96875,1462.86254882812,1905.03833007812,0.488582342863083,-0.115943789482117,2
2598331.49213108,1101676.7967785,1,2962.34619140625,294.789428710938,28.2896633148193,-4.11937522888184,1434.89208984375,1944.22631835938,0.378820866346359,-0.112675897777081,2
2598846.9839004,1101025.86139511,1,3129.00830078125,238.584381103516,15.7267599105835,-4.72499990463257,1348.51977539062,2090.02661132812,0.636536359786987,-0.0326674170792103,2
2599051.61465661,1105264.24742159,1,2656.71411132812,297.883911132812,26.2288055419922,-1.17375004291534,1977.17016601562,1505.72204589844,0.426406890153885,-0.00759447133168578,2
2596039.57314041,1098944.5741252,0,2618.28002929688,95.1524887084961,23.4993515014648,-2.40000009536743,1566.62219238281,1878.44091796875,0.133917063474655,0.260084748268127,1
2598917.63165811,1101308.62015153,1,3214.76684570312,125.560089111328,12.9908466339111,-5.15000009536743,1304.97351074219,2159.4580078125,0.692974865436554,-0.0322420969605446,2
2595742.11713566,1105286.13863095,1,2429.36987304688,84.2650833129883,36.261890411377,-0.487500011920929,1885.68286132812,1673.54968261719,0.275577545166016,0.0512303709983826,1
2595565.99608544,1102542.92362514,1,2632.68994140625,322.168853759766,25.6575222015381,-2.42125010490417,1590.3251953125,1858.85656738281,0.294797867536545,-0.0498165003955364,3
2595735.10915241,1102531.24918901,1,2698.91479492188,318.600646972656,29.1070671081543,-2.26937484741211,1639.40966796875,1803.4482421875,0.211016565561295,-0.0823633000254631,3
2593861.77350074,1100176.25891637,1,2877.8134765625,99.5278854370117,24.5795249938965,-4.26375007629395,1203.90417480469,2129.53198242188,0.809050679206848,-0.0539291352033615,3
2594253.18755478,1100463.14762595,1,2799.3935546875,63.6892166137695,7.89990997314453,-3.76874995231628,1185.16149902344,2153.22216796875,0.701406478881836,-0.0434045866131783,3
2594390.33073632,1100937.9595604,1,2948.61401367188,128.349182128906,23.0017375946045,-3.64499998092651,1182.25598144531,2176.30395507812,0.54848575592041,-0.017730075865984,3
2595251.36752443,1100614.00512513,1,2656.31884765625,327.786560058594,30.2048587799072,-2.75,1365.4921875,1993.75048828125,0.185982599854469,-0.0973819196224213,3
2594798.79502383,1101154.79405013,1,2752.26171875,97.3542327880859,34.7764511108398,-3.20000004768372,1191.61267089844,2100.34936523438,0.358657747507095,0.0131012797355652,2
2595104.30984429,1100143.26342689,1,2802.48413085938,302.343383789062,27.8904438018799,-3.25,1269.60534667969,2057.42016601562,0.244447588920593,-0.0914852917194366,3
2595140.91166471,1100231.11618814,1,2809.05151367188,300.043151855469,26.8265132904053,-3.125,1289.07287597656,2044.34094238281,0.277189970016479,-0.108634680509567,3
2595315.77096777,1103303.10014674,1,2783.31225585938,196.870529174805,14.2974720001221,-2.67499995231628,1576.20251464844,1941.57971191406,0.257409304380417,0.0825240761041641,3
2596364.08058148,1104009.96682947,0,2366.13012695312,36.2500686645508,17.2846546173096,-0.03125,1784.04382324219,1766.32556152344,0.160677596926689,0.255867481231689,3
2594930.32317789,1102360.88926176,1,2741.26196289062,54.147289276123,26.3928203582764,-3.07500004768372,1240.13818359375,2114.80126953125,0.454298883676529,-0.0336680561304092,3
2595348.44079644,1102417.27288092,1,2671.01611328125,237.930679321289,7.81645202636719,-2.65000009536743,1482.05090332031,1944.30493164062,0.425958931446075,-0.0303030498325825,3
2595504.96572436,1101782.55712066,0,2715.62915039062,162.769256591797,20.045337677002,-2.5,1539.69226074219,1867.57690429688,0.191856876015663,0.084529846906662,3
2595092.53700977,1100408.41683525,1,2762.90356445312,52.9045448303223,6.17294883728027,-3,1290.23913574219,2042.87353515625,0.27512663602829,0.00740043586120009,3
2593935.01874319,1111392.79486287,0,2389.44091796875,49.0439720153809,9.6989860534668,0.0162499994039536,1783.09094238281,1431.21044921875,0.146897628903389,0.155695125460625,3
2593820.1264205,1111239.48653143,0,2446.23779296875,120.430168151855,30.5160388946533,-0.303124994039536,1773.70263671875,1469.20361328125,0.0693764463067055,0.142545983195305,3
2594263.59134047,1111262.488879,0,2347.05444335938,61.9406814575195,14.4353666305542,0.315625011920929,1814.87109375,1449.44750976562,0.146123856306076,0.274399369955063,3
2594004.9608732,1111243.56986365,0,2389.455078125,19.5265808105469,11.7794523239136,-0.0625,1773.70227050781,1469.20520019531,-0.0767300650477409,0.184070900082588,3
2593205.32563431,1111744.54188881,0,2294.48559570312,310.785278320312,20.9788646697998,0.362500011920929,1846.45617675781,1289.29431152344,0.141935870051384,0.159119352698326,1
2594708.61052215,1110438.72770231,0,2245.25732421875,130.257278442383,10.6749000549316,0.259999990463257,1887.8662109375,1480.16857910156,0.0383114665746689,0.355172485113144,3
2594094.25723208,1110541.95577234,0,2414.24829101562,34.1331214904785,26.1626129150391,-0.834999978542328,1835.12158203125,1501.45422363281,0.134482651948929,0.209846019744873,3
2593915.27981863,1112399.85206395,0,2193.74096679688,312.005157470703,26.5467147827148,0.913749992847443,1910.15856933594,1141.50305175781,-0.0126774413511157,0.202732086181641,3
2592676.89125748,1109462.74776327,1,2490.34008789062,341.418640136719,28.9092025756836,-1.52500009536743,1875.67211914062,1515.6064453125,0.14648999273777,0.00647815642878413,1
2592884.03720315,1111198.34394812,0,2349.21850585938,358.281219482422,10.3241872787476,0.324999988079071,1873.31115722656,1301.38330078125,0.111037582159042,0.153271198272705,1
2592784.91214896,1111274.59398977,0,2333.388671875,13.1913223266602,15.6444072723389,0.525624990463257,1902.80908203125,1248.50463867188,0.0844945162534714,0.1472989320755,1
2594172.8664688,1111924.4171972,0,2389.02514648438,154.516754150391,16.6638164520264,0.719687521457672,1832.56958007812,1293.12719726562,0.0378143265843391,0.308995842933655,2
2593992.4935357,1111791.46082099,0,2376.89575195312,144.351821899414,17.9691600799561,0.474999994039536,1808.12683105469,1329.89379882812,0.0322976671159267,0.319670855998993,2
2594374.74460257,1112115.55420226,0,2376.34692382812,95.3570938110352,23.0069675445557,0.9296875,1872.47546386719,1236.63916015625,0.143663540482521,0.206389158964157,2
2593686.2641488,1111119.98003278,0,2487.3349609375,44.1888771057129,9.57989978790283,-0.645312488079071,1765.87915039062,1500.86389160156,0.160507380962372,0.239391580224037,3
2594171.9923095,1110509.35854097,0,2416.0625,16.1084136962891,20.4165992736816,-0.810312509536743,1846.67858886719,1498.32373046875,0.166259899735451,0.179125815629959,3
2594633.0707216,1112434.95907319,0,2339.4560546875,96.0009460449219,25.1229209899902,1.25,1940.67309570312,1160.43383789062,0.0942066609859467,0.292122930288315,2
2594230.81559017,1113381.5646527,0,2175.23388671875,273.757263183594,23.9209003448486,1.48125004768372,2195.3564453125,858.404418945312,0.156364932656288,0.150059774518013,3
2594851.2201099,1113508.00047503,0,2174.505859375,63.0684776306152,20.0329647064209,1.70000004768372,2134.26318359375,958.83251953125,0.102620609104633,0.250286519527435,3
2608676.41106442,1104184.57693111,0,2570.64868164062,197.995056152344,27.2692375183105,-0.947812497615814,2233.3505859375,1318.77026367188,0.311344295740128,0.0212749000638723,1
2608798.84830206,1104211.8671587,0,2598.94970703125,190.148895263672,27.9667015075684,-1.18499994277954,2163.39233398438,1383.46899414062,0.286790311336517,0.0379473902285099,1
2609773.7363678,1103823.35020107,0,2621.35131835938,254.615310668945,20.0394420623779,-2.47125005722046,1844.33410644531,1604.16882324219,0.317562609910965,0.0416067279875278,2
2610173.50132572,1101353.95338541,1,2745.99975585938,295.342163085938,10.7187004089355,-2.62687492370605,1559.48461914062,1624.18640136719,0.379375249147415,0.000281277752947062,4
2610751.5747293,1101625.74930105,1,2980.88549804688,245.595642089844,19.5440273284912,-4.4375,1465.8818359375,1716.90380859375,0.60953688621521,-0.0391438081860542,4
2609572.47093836,1104553.45598752,0,2707.57250976562,184.444946289062,16.855842590332,-2.61374998092651,1879.95812988281,1667.58239746094,0.322541147470474,0.187198653817177,5
2609455.74989811,1102364.52157924,1,2704.96875,256.305358886719,16.8219184875488,-2.19374990463257,1793.4365234375,1471.15881347656,0.132446557283401,0.0708855837583542,4
2609131.03306782,1101720.06654131,1,2401.82055664062,311.262176513672,33.6952056884766,-0.121875002980232,2016.49963378906,1281.79797363281,-0.152652889490128,0.0548444204032421,4
2608474.40806242,1102543.4754036,0,2255.78125,275.76708984375,25.7199249267578,1.04750001430511,2274.07690429688,1100.07421875,0.0543247722089291,0.192145779728889,4
2608805.20987615,1102694.21703253,0,2404.53198242188,315.266876220703,24.2962265014648,0.00999999977648258,2152.91455078125,1195.783203125,0.0569507479667664,0.0333690941333771,4
2608946.27085011,1103018.65727266,1,2346.79052734375,310.995178222656,24.8008995056152,-0.338750004768372,2048.98120117188,1296.77978515625,0.00371068040840328,0.113372877240181,2
2610208.07509429,1100521.04826177,1,2651.17553710938,276.310913085938,30.2560787200928,-1.48625004291534,1716.34741210938,1549.87866210938,0.101045429706573,-0.0247112810611725,4
2610142.79982,1100505.00603338,0,2624.18481445312,279.710815429688,29.1703948974609,-1.28046882152557,1744.01013183594,1533.16540527344,0.0564818754792213,-0.0135374395176768,4
2610635.26857353,1100952.66718299,1,2899.54760742188,256.417541503906,25.8003883361816,-3.25624990463257,1600.24401855469,1592.76416015625,0.733719289302826,-0.0865721702575684,4
2610418.97507994,1100835.39296158,1,2776.12377929688,297.075622558594,34.7023887634277,-2.59906244277954,1621.92163085938,1588.64477539062,0.0487038865685463,-0.136667534708977,4
2611608.58929498,1100812.15938881,1,3240.978515625,214.179397583008,31.3908882141113,-5.26999998092651,1184.29382324219,2094.564453125,0.586408674716949,-0.0332361124455929,4
2610928.17753693,1101955.58304899,1,3128.12426757812,200.724761962891,32.9752731323242,-5.29250001907349,1308.89196777344,1935.36254882812,0.835633158683777,-0.0555588789284229,4
2609449.27320278,1098533.48904696,1,2424.25268554688,3.97127532958984,14.635627746582,-0.389375001192093,1743.47534179688,1499.41955566406,0.311866581439972,0.00529977073892951,1
2609467.87258118,1097442.95944446,1,2632.00439453125,68.7691192626953,19.3194561004639,-1.57624995708466,1267.85546875,1753.07287597656,0.580786228179932,-0.0261883195489645,4
2608241.43025451,1099132.00983654,1,2564.36352539062,99.0926742553711,28.9510021209717,-0.125,1706.44934082031,1538.12377929688,0.199285566806793,0.0947889015078545,4
2610469.90213499,1101313.54763573,1,2826.25146484375,306.725921630859,21.6612586975098,-3.26843738555908,1567.05200195312,1617.17272949219,0.422244876623154,-0.0475429557263851,4
2610694.47252597,1104643.33036833,1,2713.5234375,65.8335266113281,14.4312782287598,-2.82999992370605,1569.97985839844,1927.02648925781,0.607769012451172,-0.0407242514193058,5
2610994.82100744,1104454.70180726,0,2693.26123046875,70.3314437866211,28.7774658203125,-2.57500004768372,1407.18762207031,2021.64929199219,0.64198237657547,-0.0463588684797287,5
2610916.38015796,1104554.18144915,1,2686.72021484375,33.6080322265625,16.8393878936768,-2.57124996185303,1462.64880371094,1989.39599609375,0.578287839889526,-0.0546675361692905,5
2610977.83390088,1104314.52637202,1,2715.41772460938,36.4813423156738,28.3567733764648,-2.80812501907349,1382.98999023438,2035.00244140625,0.683927834033966,-0.0629915967583656,5
2611038.13271576,1104266.88281094,0,2708.97778320312,41.4762115478516,22.20361328125,-2.74874997138977,1337.3564453125,2063.42846679688,0.80765038728714,-0.0634023994207382,5
2611210.16520193,1103858.45745039,1,2789.703125,78.6490783691406,25.5392990112305,-3.20499992370605,1156.98376464844,2191.67358398438,0.893848657608032,-0.0852680578827858,5
2610537.82176797,1105032.73095985,1,2714.51733398438,34.7429733276367,28.3781909942627,-2.37625002861023,1701.693359375,1851.5966796875,0.617827594280243,-0.0854736045002937,2
2610802.54940515,1105107.21090654,0,2564.85571289062,357.234802246094,22.1800651550293,-1.87999999523163,1638.52368164062,1897.90832519531,0.272551327943802,-0.110786750912666,1
2610212.37678274,1105061.06572239,1,2815.11499023438,19.9112854003906,29.0051803588867,-2.59500002861023,1824.60693359375,1758.81396484375,0.434793055057526,-0.106529571115971,2
2610120.89597838,1105173.59520728,1,2766.59814453125,33.2247123718262,25.0814590454102,-2.53437495231628,1855.22387695312,1743.79211425781,0.501968383789062,-0.0392992421984673,2
2611638.02011618,1099596.90918947,1,3044.712890625,305.949768066406,18.1545543670654,-4.80000019073486,1423.53784179688,1926.41821289062,0.836896121501923,-0.0931893363595009,4
2614303.82210421,1102485.66172425,0,2602.54321289062,90.722526550293,21.3019828796387,-2.10500001907349,1008.62939453125,2136.98388671875,0.744987666606903,-0.0249499306082726,4
2610799.47413878,1104550.90371032,1,2724.71728515625,31.0866546630859,22.0978298187256,-2.81500005722046,1508.90905761719,1962.30224609375,0.611842334270477,-0.0612362883985043,5
2596363.861704,1087339.31896036,1,2792.02099609375,276.865295410156,14.7603464126587,-2.94062495231628,1947.96313476562,1593.63354492188,0.290988624095917,0.0535543784499168,4
2596460.74429669,1087050.94186836,1,2780.16870117188,243.453796386719,25.5524311065674,-2.48874998092651,1977.44250488281,1589.58386230469,0.252688378095627,0.0144893787801266,4
2591623.23585671,1093320.27506801,1,2590.63110351562,348.049163818359,27.0052032470703,-1.6484375,1169.79443359375,1978.06262207031,0.257067918777466,-0.0126799931749701,2
2589986.55378309,1093784.2626235,1,2844.93774414062,256.486511230469,27.349573135376,-3.31937503814697,928.915100097656,2133.4619140625,0.597059786319733,-0.038073793053627,3
2589612.42024505,1094387.29152412,1,2593.9345703125,285.472503662109,12.8628854751587,-2.61249995231628,1164.74060058594,2031.50720214844,0.412409365177155,-0.020973851904273,3
2589323.10580112,1094684.73930558,0,2430.9951171875,354.887329101562,19.6924648284912,-2.00562500953674,1306.16479492188,1971.03698730469,0.235152199864388,0.0870177075266838,3
2589786.41557816,1094507.25825615,1,2664.66259765625,305.385620117188,29.108081817627,-2.76421880722046,1230.60632324219,2005.81921386719,0.480830252170563,-0.0774541795253754,3
2589825.33940908,1094231.01524827,1,2700.4677734375,302.410034179688,36.0891304016113,-2.9143750667572,1104.59387207031,2055.18481445312,0.424570351839066,-0.081046923995018,3
2589952.56804962,1095092.56809922,0,2612.89282226562,285.747253417969,32.3977127075195,-1.75,1509.49426269531,1898.36877441406,0.379788756370544,0.0023220838047564,3
2590026.51862509,1095155.35188073,0,2660.19189453125,274.826477050781,34.6737289428711,-1.72500002384186,1529.11413574219,1886.90893554688,0.473924160003662,-0.0328690931200981,3
2587936.25672994,1094585.75949031,0,2548.4619140625,56.2791595458984,19.6998291015625,-2,1296.53295898438,2225.20043945312,0.736789166927338,-0.0228720065206289,3
2587928.02656662,1094780.86277137,0,2509.28491210938,89.0411376953125,26.3424205780029,-1.79999995231628,1397.96069335938,2153.50244140625,0.676759123802185,0.00264468882232904,3
2594087.20898553,1097219.7275003,1,2875.73974609375,253.835861206055,31.2050933837891,-4.57437515258789,1382.03137207031,1974.35925292969,0.678302466869354,-0.118496246635914,2
2593780.59352862,1097267.06476482,1,2790.044921875,208.321975708008,15.235445022583,-3.78562498092651,1588.97314453125,1805.70764160156,0.760755181312561,-0.0419413074851036,2
2593050.69583426,1097028.58615605,1,2571.66088867188,200.965515136719,17.4127063751221,-1.54312491416931,2128.81689453125,1335.16284179688,0.179054349660873,0.085354819893837,2
2593275.19939498,1096863.12268179,0,2505.21533203125,159.228668212891,13.2155237197876,-1.72968745231628,2046.96789550781,1397.88464355469,0.258392125368118,0.0892141088843346,3
2587437.63610277,1107906.37095017,1,2503.99096679688,87.1768569946289,7.94070720672607,-0.425000011920929,2065.70654296875,1437.16967773438,0.297609686851501,0.080854594707489,3
2588976.41420132,1112073.68635874,0,2162.5673828125,18.0547332763672,29.9871463775635,1.54624998569489,2370.0419921875,869.958740234375,-0.0415171980857849,0.319232136011124,3
2589407.61020414,1112006.55404678,0,2089.3994140625,87.9309921264648,10.7815713882446,1.89999997615814,2421.93920898438,874.016052246094,0.0806655287742615,0.217362970113754,3
2589192.01220265,1112198.91394018,0,2074.8037109375,21.9009170532227,24.5773658752441,1.98000001907349,2396.802734375,883.817993164062,-0.0344016216695309,0.280728787183762,1
2588373.40201911,1111815.66836425,0,2257.48999023438,299.169830322266,18.6840133666992,1.25,2417.61254882812,830.586853027344,0.0131328096613288,0.153069630265236,3
2588919.06007952,1112478.70953204,0,2052.60498046875,50.7177276611328,17.9620304107666,1.82875001430511,2533.6259765625,786.109680175781,-0.0881606563925743,0.543601512908936,1
2589204.68019947,1111198.46498168,0,2180.11743164062,89.8484878540039,11.7858457565308,1,2381.74829101562,986.11865234375,-0.0202941857278347,0.322523444890976,3
2589148.2708011,1111410.76488514,0,2225.99487304688,153.902969360352,18.5876407623291,1,2375.27905273438,966.318725585938,0.083044171333313,0.293987244367599,3
2589153.84683865,1110601.53608462,0,2229.10913085938,109.876258850098,14.823055267334,1,2389.79150390625,1028.23156738281,0.128552004694939,0.228286892175674,3
2588021.32262083,1108121.11763643,1,2341.64453125,345.425903320312,22.9283885955811,-0.7578125,2082.8134765625,1511.32482910156,0.033073864877224,0.185461446642876,3
2588131.36491984,1108280.10107442,0,2345.51513671875,318.400268554688,26.1279697418213,-0.7734375,2090.06396484375,1486.58605957031,0.0428555235266685,0.188524812459946,3
2588233.84810849,1111704.76298525,0,2258.59838867188,10.8424530029297,27.0680370330811,1.54999995231628,2437.21948242188,834.468811035156,-0.0621431022882462,0.200588807463646,1
2589084.61147681,1110490.87660591,0,2244.21142578125,17.7577819824219,11.4408121109009,0.996015608310699,2390.75244140625,1034.77124023438,0.00920536648482084,0.339258134365082,3
2588150.66541306,1109836.37811129,0,2127.0732421875,335.0126953125,13.5854587554932,1.04187500476837,2367.53588867188,1047.04821777344,-0.0788044929504395,0.369523465633392,1
2592518.94474271,1109248.15836056,1,2561.83837890625,341.336242675781,27.2156562805176,-1.75,1962.13537597656,1488.259765625,0.0838584303855896,-0.00650106649845839,3
2589419.98218303,1110522.06455566,0,2168.56005859375,64.1261367797852,13.3795900344849,1,2403.548828125,1015.79119873047,-0.17587910592556,0.524974226951599,3
2589347.1416373,1111783.16732253,0,2163.01171875,68.6695709228516,21.280330657959,1.46749997138977,2403.89184570312,906.848937988281,0.109548047184944,0.236221671104431,3
2588512.77177603,1110940.22372501,0,2220.36279296875,242.445434570312,25.7172679901123,1,2386.427734375,1005.34039306641,0.0695888251066208,0.235884189605713,1
2589173.61763424,1110792.22175462,0,2231.69067382812,105.877250671387,25.66282081604,1,2387.86938476562,1015.15179443359,0.0578845888376236,0.353046208620071,3
2583572.96132829,1108133.10567246,0,2217.72729492188,32.2824630737305,19.6923122406006,1,2543.17749023438,1083.75073242188,0.130687490105629,0.281354397535324,2
2599924.314799,1105076.70970969,0,2489.48120117188,43.6063652038574,13.6064729690552,-0.952812492847443,1844.17028808594,1751.0546875,0.262134671211243,0.197160214185715,3
2617604.17187677,1107244.01762516,1,2774.97729492188,17.9670486450195,17.7110290527344,-2.92499995231628,1868.24523925781,1715.96423339844,0.603838264942169,-0.0933701619505882,5
2605692.79561158,1101353.59405763,1,2462.67749023438,303.334533691406,25.074535369873,0.310000002384186,1973.90930175781,1281.015625,0.116240598261356,-0.0857505053281784,2
2608505.65066793,1104438.10197036,1,2586.3515625,265.905090332031,22.0211353302002,-1.3668749332428,2255.43432617188,1316.89709472656,0.349940180778503,-0.00425254181027412,5
2607666.87325082,1116678.88815864,1,2500.02392578125,324.744934082031,34.5087738037109,-1.27906250953674,1893.71228027344,1638.78930664062,0.0863012745976448,-0.0531699284911156,3
2607261.72074674,1116626.63094268,0,2494.037109375,48.7001419067383,19.9456653594971,-1.25,1894.21850585938,1683.21496582031,0.36333754658699,-0.0841912254691124,4
2606274.57210388,1112701.95301595,0,2948.015625,174.501022338867,16.8339405059814,-3.45499992370605,1677.86975097656,1954.63208007812,0.414900183677673,0.046405054628849,4
2606129.43153505,1112714.10164075,1,2968.84790039062,131.075241088867,23.5612106323242,-3.41562509536743,1696.23046875,1959.80432128906,0.45195147395134,-0.00337242940440774,2
2607521.7104521,1114356.29350365,0,2493.73315429688,37.3326148986816,21.5988368988037,-1.44312500953674,1754.61145019531,1851.81420898438,0.258055806159973,0.0925737842917442,3
2588747.74674583,1108021.89308699,0,2444.04248046875,12.9256896972656,27.9344329833984,-0.875,2241.59594726562,1463.11657714844,0.0347873158752918,0.0662018805742264,3
2588398.22830256,1102174.97769832,1,2649.85205078125,207.496032714844,28.2380390167236,-1.95875000953674,2252.11352539062,1181.29760742188,0.232494071125984,0.104767292737961,3
2594280.40158096,1107015.03513891,1,2773.5830078125,109.030769348145,24.5904769897461,-2.31812500953674,1572.74182128906,1880.158203125,0.430387884378433,0.0346409268677235,3
2594331.46531543,1110525.96903146,0,2359.41796875,58.5361709594727,30.4046421051025,-0.639687478542328,1856.83459472656,1491.80895996094,0.109082877635956,0.188591167330742,3
2605324.6345115,1112734.12803558,1,2823.0703125,287.181030273438,21.8540458679199,-3.13937497138977,1909.078125,1805.00366210938,0.466773927211761,-0.0178590156137943,4
2605520.78561379,1113593.52838728,1,2666.80444335938,333.283203125,9.8682804107666,-2.42499995231628,1797.71203613281,1940.34228515625,0.447496205568314,-0.0106973340734839,4
2604478.06245443,1113437.33128643,0,2687.56665039062,28.4804878234863,15.6705160140991,-2.47312498092651,2109.20361328125,1547.48876953125,0.313179731369019,0.0945763140916824,2
2605831.01653314,1114890.07694064,1,2572.84887695312,320.891510009766,10.7197246551514,-1.55499994754791,1961.59484863281,1887.88256835938,0.167142137885094,0.086932435631752,2
2606179.55623824,1115227.9078188,1,2625.50439453125,246.959289550781,29.5152111053467,-1.93937504291534,1932.31066894531,1846.08654785156,0.308497279882431,0.060925118625164,2
2606091.54221355,1116082.59062802,0,2386.32202148438,335.065490722656,18.0998363494873,-0.665000021457672,2125.0234375,1698.85571289062,0.169306248426437,0.149676561355591,4
2604663.37749742,1116953.08208961,0,2445.47875976562,141.937561035156,22.9559288024902,0.0231250002980232,2238.01245117188,1435.39819335938,0.156076148152351,0.149726659059525,3
2604707.83530307,1116809.51015185,0,2418.0087890625,96.9391784667969,19.9698600769043,-0.280000001192093,2241.11791992188,1448.80163574219,0.203688114881516,0.105653993785381,3
2604816.31385747,1116506.88701114,0,2418.22875976562,69.7056884765625,18.4706707000732,-0.675937473773956,2252.48364257812,1484.87878417969,0.176263034343719,0.211577177047729,4
2604639.77222771,1115695.96117565,0,2456.12353515625,123.702911376953,8.25042915344238,-1.3050000667572,2184.75903320312,1570.130859375,0.141943261027336,0.258932024240494,4
2604642.37788193,1115564.06842832,0,2445.32592773438,40.7372970581055,12.9060611724854,-1.33312499523163,2162.81689453125,1591.32299804688,0.16893957555294,0.221156120300293,4
2604375.5385563,1113716.54717496,0,2639.09375,30.4955215454102,2.41157865524292,-2.17812490463257,2085.17114257812,1596.48974609375,0.284180343151093,0.177552834153175,4
2604709.32026423,1114958.56726412,0,2481.52978515625,38.2329254150391,6.74778699874878,-1.4099999666214,2071.30151367188,1688.19799804688,0.253581613302231,0.196916371583939,4
2606665.01894402,1116501.89040517,0,2448.39404296875,257.252014160156,10.2794418334961,-0.686406254768372,2072.201171875,1630.62524414062,0.317681461572647,0.0419213846325874,4
2606566.58534702,1116749.20524057,0,2426.12036132812,258.787445068359,19.3129577636719,-0.574999988079071,2098.189453125,1566.0244140625,0.260755509138107,0.122377425432205,4
2606340.58381255,1117113.05460762,0,2363.83276367188,300.355590820312,7.86489343643188,-0.0875000059604645,2097.21069335938,1481.63757324219,0.239355579018593,0.106645323336124,3
2606613.84894991,1117275.4805564,0,2426.00952148438,307.868469238281,20.9797039031982,-0.625,2065.23779296875,1458.05590820312,0.0477913059294224,0.0725117325782776,3
2606758.1804095,1117363.6935082,0,2419.26904296875,320.390350341797,15.9575653076172,-0.75,2029.50988769531,1455.82666015625,0.0571278668940067,0.1189786195755,3
2606959.11626527,1117453.15804423,0,2466.271484375,289.053955078125,5.78620958328247,-0.949999988079071,1979.00158691406,1476.04992675781,0.10028425604105,0.0907929614186287,3
2604789.05697441,1112756.54074927,1,2791.75268554688,49.5910453796387,12.6447019577026,-2.72499990463257,2046.76196289062,1636.20202636719,0.395982801914215,0.0807880610227585,2
2606000.82230096,1113712.32536728,0,2746.39282226562,275.115509033203,18.5085411071777,-2.79999995231628,1704.28527832031,2003.1533203125,0.235104322433472,0.148166984319687,2
2604475.39758942,1114287.81573434,0,2549.12719726562,88.7798843383789,8.47765636444092,-1.6949999332428,2051.58813476562,1661.68896484375,0.253437578678131,0.193048879504204,4
2604591.61476988,1115888.17864661,0,2480.99267578125,87.844352722168,10.9900407791138,-1.33999991416931,2215.76538085938,1528.90454101562,0.161693751811981,0.259663462638855,4
2604575.88878197,1115197.67803296,0,2487.6435546875,99.6240615844727,25.3892230987549,-1.44749999046326,2090.62036132812,1642.13977050781,0.192368656396866,0.244201421737671,4
2605018.3548033,1116865.47006303,0,2328.24609375,154.115280151367,24.6740608215332,0.651562511920929,2236.50048828125,1449.74169921875,0.0511354990303516,0.337601661682129,3
2606700.91738091,1116636.33369086,0,2457.28369140625,246.492523193359,20.0277976989746,-0.699999988079071,2062.3701171875,1609.10559082031,0.260089129209518,0.122354052960873,4
2604426.45881869,1113345.18148429,1,2706.3349609375,26.437629699707,7.27424907684326,-2.41375017166138,2119.82934570312,1528.7705078125,0.371328055858612,0.0744892433285713,2
2604447.52128979,1113111.17879072,1,2754.60375976562,338.892181396484,12.934100151062,-2.4300000667572,2142.9345703125,1483.62438964844,0.293667405843735,0.0825655832886696,2
2604335.92276818,1113656.54877003,0,2659.65380859375,29.1761436462402,16.0172672271729,-2.20125007629395,2092.1025390625,1582.9462890625,0.302076816558838,0.0923265963792801,2
2604085.00371352,1113942.55038764,0,2671.40747070312,58.0413131713867,16.1840343475342,-1.8162499666214,2064.37524414062,1637.12316894531,0.371829807758331,0.127432733774185,4
2611492.64584108,1107123.08954447,1,2913.49145507812,294.071960449219,25.7631855010986,-2.74453115463257,1988.63452148438,1689.40795898438,0.63774174451828,-0.0979863032698631,2
2608538.00687971,1110230.53361979,1,2871.72192382812,49.7361526489258,27.7953929901123,-2.40000009536743,1665.9306640625,1972.19421386719,0.565836548805237,-0.053162083029747,2
2587645.84846301,1104229.69933524,0,2525.57446289062,175.210113525391,26.8948402404785,-2.09999990463257,2170.53735351562,1382.29187011719,0.277297675609589,0.0722344592213631,3
2606129.70905994,1110294.10862767,1,2982.81323242188,35.3887100219727,25.3285026550293,-3.17499995231628,1833.75964355469,1748.42126464844,0.529089450836182,-0.0364361330866814,2
2607509.54331746,1109844.52912065,1,2835.220703125,351.910308837891,14.8063287734985,-3.15218734741211,1702.66979980469,1934.158203125,0.591481804847717,-0.0543603152036667,2
2615284.34398796,1122174.90299138,1,2687.16284179688,220.064315795898,23.9929008483887,-1.60000002384186,1963.30871582031,1633.49267578125,0.256073147058487,0.0510696806013584,3
2595077.56996203,1085583.79937258,1,2531.53662109375,38.6947708129883,14.9728984832764,-2.28531265258789,1571.42163085938,1903.30749511719,0.167892664670944,0.0226785596460104,4
2594659.45581744,1108296.33387395,0,2232.95483398438,35.5026054382324,13.6548109054565,-0.204999998211861,1776.41186523438,1617.12170410156,0.138734385371208,0.166481301188469,1
2590755.49799281,1102422.50030861,1,2813.7822265625,84.155647277832,11.7219514846802,-3.44374990463257,1367.13146972656,1887.73486328125,0.774121701717377,-0.0522217340767384,3
2616919.41622543,1106899.10797522,1,2749.49243164062,163.511215209961,24.4498596191406,-2.1800000667572,1965.17041015625,1627.49951171875,0.236999154090881,0.0528665445744991,4
2588240.13430163,1106575.75170403,0,2427.51123046875,87.606330871582,14.7753210067749,-1.03750002384186,1963.71936035156,1670.75354003906,0.345356494188309,0.0955855548381805,1
2605284.51652655,1097636.20180921,1,2648.09643554688,305.410186767578,27.7566356658936,-1.71250009536743,1741.94104003906,1621.63208007812,0.32690104842186,-0.0877041891217232,4
2605479.00572564,1097740.45807794,1,2698.41333007812,303.64208984375,30.5494785308838,-2.41249990463257,1639.17834472656,1706.05627441406,0.563365161418915,-0.145798787474632,4
2607996.46790574,1116903.81162513,1,2375.77270507812,21.1366195678711,12.3682804107666,-0.699999988079071,1938.01037597656,1568.17224121094,0.122821964323521,0.0699131935834885,3
2588231.42754288,1107003.12235566,0,2419.03564453125,99.0200500488281,16.1137351989746,-1.27499997615814,2058.96069335938,1627.78784179688,0.224762439727783,0.204362511634827,1
2601799.55431721,1097257.58753823,0,2598.88745117188,87.8442230224609,15.2962789535522,-1.61249995231628,1916.60534667969,1534.03833007812,0.653249084949493,-0.0368258021771908,2
2605621.06394297,1097289.62820813,1,2786.30737304688,316.770263671875,18.5823879241943,-3.07500004768372,1487.33813476562,1825.53076171875,0.395024716854095,-0.0225130636245012,1
2603516.37404827,1116929.49432729,0,2399.345703125,233.585250854492,14.8315382003784,-0.498437494039536,2272.42626953125,1200.013671875,0.129209518432617,0.278199702501297,3
2563110.0872116,1111421.60762904,0,2236.306640625,214.47216796875,17.2777271270752,0.317499995231628,1875.6611328125,1210.89440917969,0.101620510220528,0.343163639307022,1
2563467.69325061,1108267.05689621,1,2403.689453125,308.860534667969,32.1303901672363,-0.462499976158142,1688.16369628906,1425.05432128906,0.0487898401916027,-0.0255259349942207,3
2563664.14159195,1108494.6404462,1,2352.39135742188,0.967369079589844,34.596981048584,-0.488984376192093,1699.36535644531,1420.41015625,0.0315161570906639,-0.0232429429888725,3
2564056.29696038,1108409.20395043,1,2471.43603515625,354.813079833984,19.4848957061768,-0.417499989271164,1814.79443359375,1301.67602539062,0.0726918950676918,-0.0251205768436193,3
2564612.65348995,1107727.93592891,0,2123.11059570312,146.653411865234,23.6975574493408,0.8984375,2159.04443359375,1034.06335449219,0.175302222371101,0.175691783428192,1
2565298.04417033,1108262.4057079,0,2002.71557617188,105.472457885742,6.58184099197388,1.17499995231628,2072.8017578125,1075.72973632812,0.10794971883297,0.259866237640381,1
2564677.04089125,1108125.68112093,0,2191.38940429688,152.174255371094,4.77706527709961,0.357812494039536,1940.62768554688,1192.90844726562,0.307004064321518,0.0691210180521011,3
2565107.2770145,1107316.98855389,0,1880.81701660156,108.009918212891,19.5237712860107,2.54999995231628,2519.56616210938,773.512878417969,0.0607291609048843,0.360911190509796,1
2565240.46151462,1107994.0747715,0,1954.65319824219,145.584075927734,10.1963539123535,1.5625,2166.43823242188,1013.57336425781,0.124626010656357,0.277962356805801,3
2565636.45276833,1108040.92412309,0,1863.05932617188,182.144165039062,21.6242504119873,2.15000009536743,2303.2392578125,900.761108398438,0.0154879009351134,0.392164289951324,1
2650837.51594437,1144215.69488052,1,2624.91674804688,135.905792236328,16.2784118652344,-1.97124993801117,1126.27380371094,1687.00524902344,0.454411029815674,0.0119993621483445,4
2650711.14177639,1144331.10507951,1,2672.94067382812,148.150314331055,23.4545955657959,-2.16000008583069,1050.81323242188,1700.375,0.454172760248184,0.0063332044519484,4
2650630.35463783,1142940.41218253,1,2493.17065429688,5.58795928955078,28.8412742614746,-1.98125004768372,923.262023925781,1818.802734375,0.368422091007233,-0.1281668394804,4
2650428.17671224,1142843.13707193,1,2575.09228515625,19.1616363525391,28.2963523864746,-2.02624988555908,922.225402832031,1802.81005859375,0.453464418649673,-0.0710386112332344,4
2650825.3978745,1142328.73812814,1,2623.86254882812,82.0108108520508,17.7052173614502,-2.11812496185303,1047.59777832031,1797.76135253906,0.568828582763672,-0.00813430454581976,4
2651198.17281786,1141347.75143709,1,2383.30004882812,45.6323471069336,16.1395149230957,-0.852500021457672,1553.17858886719,1538.54248046875,0.378127992153168,0.0595533847808838,1
2650927.00889954,1141726.1873335,1,2503.79931640625,123.500839233398,16.0372409820557,-1.74562501907349,1273.37780761719,1690.13623046875,0.439150482416153,0.0213044080883265,1
2650510.90508262,1141538.75531667,1,2567.74926757812,156.88916015625,15.5138330459595,-2.48718738555908,1194.28137207031,1732.67297363281,0.439019829034805,0.0247379969805479,4
2650012.91007434,1140651.82793822,1,2517.615234375,132.719024658203,16.282506942749,-1.60749995708466,1506.72241210938,1576.130859375,0.464355915784836,0.0225839391350746,1
2649730.73213789,1140375.42051195,1,2525.44213867188,151.156173706055,16.1822624206543,-1.81406247615814,1481.26574707031,1545.64587402344,0.431563258171082,0.0209029018878937,1
2650646.20573872,1144557.8453444,1,2758.07836914062,165.641220092773,20.1903648376465,-2.40000009536743,1030.89636230469,1711.40673828125,0.452348560094833,-0.00186062045395374,4
2651319.75130223,1141371.20375686,1,2341.55981445312,32.9011154174805,27.4250926971436,-0.651562511920929,1622.41918945312,1500.20532226562,0.204610094428062,0.00921352300792933,1
2649909.67539213,1123910.60666023,1,3083.05102539062,163.843109130859,26.4429264068604,-3.09999990463257,1121.80920410156,1925.66271972656,0.492535620927811,-0.0132424989715219,2
2650034.4473844,1116844.66051946,0,2229.23779296875,215.48828125,25.3646125793457,0.125,2592.2958984375,638.381042480469,0.134422942996025,0.307066172361374,3
2650145.91804311,1116568.6027097,0,2161.69506835938,207.173217773438,18.0812740325928,0.8125,2733.35278320312,576.627807617188,0.14925417304039,0.190742537379265,3
2649794.69020369,1112504.65425078,0,2096.9921875,280.457824707031,13.4772977828979,1.00874996185303,2084.90673828125,909.19482421875,0.0818050727248192,0.00695878453552723,5
2650090.06937895,1111646.62987584,0,2380.4453125,59.6588897705078,19.2940235137939,1,1899.41345214844,1086.02392578125,0.334980309009552,0.0672797337174416,1
2650464.85214757,1112295.78801714,0,2093.59301757812,118.226181030273,20.3395767211914,1,2131.33618164062,928.529541015625,0.234144479036331,0.0744931027293205,1
2650897.70746723,1112190.56870763,1,1926.00256347656,38.9623374938965,22.0674514770508,2.03999996185303,2342.4091796875,828.722229003906,0.00560655910521746,0.165322154760361,1
2650973.76478619,1113797.24323015,0,1876.25134277344,74.4462585449219,5.18323278427124,1.98000001907349,2535.29028320312,674.640625,0.0394632630050182,0.362763673067093,1
2653457.67472964,1110408.7443866,0,2343.21069335938,256.081787109375,23.3543815612793,-0.432500004768372,1850.61437988281,1083.21826171875,0.363631963729858,0.0517782308161259,3
2653133.79163243,1110465.49731614,0,2275.24731445312,183.086883544922,18.2141284942627,0.0484375022351742,1938.04077148438,994.31201171875,0.246965706348419,0.127494782209396,3
2654012.37605048,1109975.03032342,1,2405.84399414062,12.6808853149414,7.70432949066162,-0.143749997019768,1916.7373046875,1068.7353515625,0.346767008304596,-0.0170721020549536,3
2654232.13056885,1109934.27584902,1,2388.615234375,54.6349449157715,7.43849897384644,-0.0378125011920929,1967.02954101562,1034.01916503906,0.423164695501328,-0.0355532206594944,3
2654443.0949065,1109888.7267306,1,2339.185546875,5.35953521728516,13.4587659835815,0.0700000002980232,2011.57141113281,1002.96734619141,0.28522390127182,0.00052077102009207,3
2654659.65299545,1109967.03924969,1,2315.22631835938,330.489349365234,25.7520904541016,0.330624997615814,1975.72717285156,1030.16723632812,0.106104582548141,0.0322262607514858,3
2654773.92534488,1110182.79823112,1,2298.18408203125,279.613677978516,20.6163635253906,0.646562516689301,1878.55163574219,1103.90759277344,0.128364473581314,0.0155494324862957,3
2654296.05915598,1109992.61068473,0,2351.78271484375,34.4606552124023,24.026439666748,0.100000001490116,1944.46447753906,1051.74584960938,0.356113523244858,0.0074158706702292,3
2654848.45109401,1110621.00976686,1,2229.43823242188,339.308258056641,15.6386337280273,1,1842.62866210938,1123.77490234375,0.157809883356094,0.0191658176481724,3
2654756.31152026,1111182.29986496,0,2091.76318359375,283.261260986328,13.424147605896,1,1939.17004394531,1033.12768554688,0.20497739315033,0.0544636361300945,3
2653759.29619595,1110866.32096196,0,2208.97631835938,142.353912353516,15.3233213424683,0.296875,1890.60876464844,1064.81665039062,0.411474078893661,0.0405629426240921,3
2653829.21526069,1111633.72293201,0,2046.91369628906,60.5614280700684,17.2238388061523,1.25,2101.3291015625,906.3486328125,0.237003475427628,0.0544796995818615,3
2655074.91265414,1111282.13490883,0,2195.49169921875,318.958129882812,14.8101444244385,1,1939.57153320312,1040.7919921875,0.0367978997528553,0.0476794764399529,3
2659198.25566289,1130947.07064428,0,2698.2392578125,179.253479003906,34.0177612304688,-2.03500008583069,1427.55993652344,1557.99890136719,0.576504826545715,-0.000917671772185713,3
2658822.68193081,1132829.11525487,1,2412.04223632812,217.064208984375,18.9144458770752,0.512499988079071,1848.90612792969,1248.96447753906,0.299524575471878,0.0377422608435154,3
2658679.97609953,1132887.90380031,1,2385.78588867188,224.201385498047,30.2794647216797,0.737500011920929,1917.54382324219,1200.17199707031,0.293311715126038,0.0415173918008804,3
2659020.84940151,1133370.59069844,1,2309.40234375,356.360168457031,10.0234003067017,0.212500005960464,1877.09875488281,1271.20617675781,0.343063086271286,-0.0457074604928493,3
2659139.27797339,1131539.8577226,1,2478.23022460938,17.6470565795898,26.8281345367432,-2.04124999046326,1589.59655761719,1431.76647949219,0.681893706321716,-0.128837570548058,3
2659265.65846159,1131327.18036028,1,2619.32299804688,357.321441650391,32.6560249328613,-2.23562502861023,1505.49621582031,1503.38146972656,0.841609358787537,-0.186807557940483,3
2660131.95019964,1133061.05494438,1,2348.83447265625,114.416191101074,20.1507911682129,-0.265625,1439.08569335938,1664.86474609375,0.329760670661926,-0.0926803350448608,3
2658925.09332495,1137987.51219985,0,2269.82885742188,334.622009277344,24.6321277618408,-0.568750023841858,2028.19592285156,1328.02673339844,0.0757120475172997,0.0954234078526497,2
2661113.91579674,1132709.56310292,1,2467.67211914062,1.26571655273438,25.1713447570801,-1.6875,1226.02917480469,1734.36328125,0.463784366846085,-0.136979445815086,5
2659182.85168095,1130475.40665223,1,2647.36572265625,2.23067474365234,24.9874782562256,-1.85812497138977,1289.90478515625,1660.3359375,0.518528699874878,-0.226034566760063,3
2658540.10728916,1133081.432312,1,2414.51733398438,253.340896606445,26.7157688140869,0.925000011920929,2033.12915039062,1122.15356445312,0.336415529251099,0.0224871803075075,3
2661859.814915,1132853.97287569,1,2519.58325195312,347.90478515625,23.1519298553467,-1.69500005245209,1220.25231933594,1731.5849609375,0.493379384279251,-0.147126123309135,5
2659863.95000698,1132187.55731435,1,2565.51196289062,332.684875488281,26.3163909912109,-1.47500002384186,1364.52233886719,1673.31237792969,0.709437310695648,-0.175105288624763,3
2658852.29663233,1133472.76828685,1,2259.44970703125,3.19551849365234,25.53977394104,0.475000023841858,1986.29711914062,1181.80432128906,0.22302483022213,-0.0188344586640596,3
2656299.33353546,1128879.0140255,1,2513.83740234375,300.191619873047,32.0847778320312,-1.79999995231628,1316.75378417969,1709.59460449219,0.202088013291359,-0.122707284986973,3
2656277.89912199,1127826.52162438,1,2686.66430664062,303.091949462891,14.6080141067505,-2.35374999046326,1253.12512207031,1656.07727050781,0.746174335479736,-0.0727294310927391,3
2655016.83638143,1129755.6641865,1,2463.81274414062,295.323333740234,21.319221496582,-0.659375011920929,1468.15478515625,1645.29943847656,0.155871480703354,0.00186620757449418,3
2654803.59204237,1129685.36618567,1,2422.83422851562,271.778381347656,15.9293241500854,-0.998749971389771,1427.73596191406,1687.21716308594,0.257467657327652,-0.0033037499524653,3
2654385.26791772,1129429.89764214,1,2465.48876953125,337.955383300781,32.1375579833984,-1.75625002384186,1349.07312011719,1769.76318359375,0.345235019922256,-0.0857450291514397,3
2651241.71892233,1131558.19464692,0,2605.84204101562,141.93327331543,17.527458190918,-2.6875,1719.00549316406,1534.72570800781,0.290402293205261,0.155576571822166,2
2651379.303815,1131564.86542952,0,2594.60668945312,184.037017822266,24.2041072845459,-2.54062509536743,1719.47253417969,1540.11071777344,0.371209353208542,0.0692480653524399,2
2650826.62133804,1129217.09289694,0,2583.087890625,131.835220336914,25.6376533508301,-1.4606249332428,2003.01586914062,1441.17272949219,0.418982923030853,0.0360540859401226,3
2650902.2691083,1129312.8713979,0,2607.84350585938,179.037734985352,18.6077671051025,-1.65499997138977,1990.056640625,1452.79174804688,0.459282010793686,0.0443630218505859,3
2651214.689877,1129533.93708075,1,2670.15576171875,336.885192871094,14.1476497650146,-2.21374988555908,1969.27966308594,1468.76745605469,0.765310049057007,-0.0926171317696571,3
2651151.81971725,1129655.86708734,1,2654.92553710938,33.1367416381836,16.1721649169922,-2.10500001907349,1956.05969238281,1478.93249511719,0.799863815307617,-0.0601095743477345,3
2651636.61574868,1129838.26522334,1,2627.81323242188,353.046142578125,23.668420791626,-2.02500009536743,1909.33984375,1508.51037597656,0.563283145427704,-0.110996760427952,3
2651636.61574868,1129838.26522334,1,2627.81323242188,353.046142578125,23.668420791626,-2.02500009536743,1909.33984375,1508.51037597656,0.563283145427704,-0.110996760427952,3
2651019.36267517,1129316.18466011,0,2646.10107421875,252.955657958984,21.3228302001953,-1.7581250667572,1990.16198730469,1452.71069335938,0.446662992238998,0.037537258118391,3
2650278.44482761,1130265.85166644,0,2532.65869140625,158.728637695312,19.049617767334,-2.22437500953674,1978.69848632812,1448.65368652344,0.349766284227371,0.124021150171757,2
2649098.09294406,1129931.65086888,0,2414.94921875,158.223236083984,24.2788009643555,-1.1800000667572,2152.03393554688,1183.56298828125,0.20972703397274,0.222064509987831,2
2648554.2289714,1130124.49535559,0,2573.1259765625,156.690277099609,23.6828517913818,-1.15625,2131.02124023438,1103.29821777344,0.175978869199753,0.249217927455902,2
2650846.8968189,1129493.97494165,0,2580.1298828125,278.838958740234,19.7684383392334,-1.8434374332428,1971.59509277344,1466.98718261719,0.539009153842926,-0.0148068759590387,3
2650529.45400912,1129040.24555157,0,2511.34204101562,273.080963134766,26.1944885253906,-1.06375002861023,2113.2978515625,1349.81262207031,0.230633035302162,0.0197314843535423,3
2650674.61459359,1129698.18233793,0,2532.45263671875,187.909240722656,22.0401878356934,-1.8050000667572,1984.20178222656,1457.74328613281,0.420626878738403,0.0802706331014633,3
2649019.43796507,1125149.6520621,0,2337.90112304688,348.362121582031,29.9299945831299,-0.754374980926514,1604.61059570312,1563.22155761719,0.0831249430775642,-0.0297270715236664,3
2648858.61479039,1125126.54528423,1,2334.63525390625,359.230407714844,21.8133220672607,-0.528124988079071,1655.5771484375,1521.90075683594,0.11219222843647,-0.00612313486635685,5
2648843.6045117,1125464.38839869,0,2198.27563476562,55.409252166748,33.6175270080566,0.408124983310699,1759.4990234375,1405.697265625,0.125838994979858,0.0730948746204376,5
2649352.29653706,1125849.02143573,0,2146.1162109375,340.727905273438,13.8447761535645,0.871250033378601,1745.66760253906,1399.30017089844,0.128386124968529,0.0497061274945736,3
2648171.84321588,1124904.24671541,0,2181.47119140625,7.06423187255859,14.0690498352051,-0.305000007152557,1818.1142578125,1326.88452148438,0.0904759392142296,0.253433167934418,5
2648516.33461287,1123425.88992006,1,2704.64965820312,312.370422363281,24.1646919250488,-2.52500009536743,1560.7841796875,1621.09448242188,0.478644996881485,-0.0198067612946033,2
2648370.31853309,1123361.74857994,1,2698.9765625,351.878173828125,23.7480335235596,-2.22187519073486,1631.12072753906,1549.96276855469,0.388995051383972,0.0153671093285084,2
2645005.66694917,1124331.2195201,0,2050.77026367188,349.420471191406,40.2607307434082,1.69375002384186,2150.31860351562,958.542846679688,-0.26946097612381,0.35161104798317,3
2648231.66876687,1124263.03669081,1,2397.52978515625,348.833648681641,31.4733028411865,-1.38812506198883,1700.55700683594,1474.84411621094,0.215871334075928,0.0505712553858757,3
2648086.19457474,1124083.79170413,0,2454.01245117188,326.183776855469,24.4722919464111,-1.31937503814697,1756.42553710938,1412.0009765625,0.0819743350148201,0.0723793730139732,3
2649572.71730419,1125701.35855801,0,2277.6259765625,305.710876464844,30.2860698699951,0.170000001788139,1657.0224609375,1487.11254882812,0.0128281991928816,0.061256293207407,3
2648896.07266234,1124755.17382428,1,2539.51513671875,311.376586914062,32.7860946655273,-1.625,1550.81970214844,1637.29321289062,0.0759144350886345,-0.06666549295187,3
2649552.07461317,1140073.35757869,1,2495.43017578125,166.177307128906,30.0956249237061,-1.56062495708466,1517.87609863281,1493.48449707031,0.308283746242523,0.0547831319272518,1
2649390.84910193,1140115.74756455,1,2556.10888671875,157.920776367188,28.3959827423096,-1.625,1435.30041503906,1522.44836425781,0.288869202136993,0.0550392232835293,1
2651984.98185447,1132484.82521026,0,2429.07348632812,351.182647705078,19.6785640716553,-1.50125002861023,1816.91369628906,1523.23876953125,0.174219965934753,0.0529656186699867,2
2651797.44028116,1132324.40503385,0,2515.43115234375,28.246711730957,24.2859802246094,-1.5699999332428,1761.88659667969,1544.62060546875,0.24318827688694,-0.000408357329433784,2
2650702.19749245,1132379.22487893,1,2534.3232421875,339.663391113281,28.4428062438965,-1.72500002384186,1581.80969238281,1457.34997558594,0.369866847991943,-0.127413883805275,2
2650467.85197609,1132251.74727932,1,2595.00561523438,8.62818145751953,30.8722591400146,-1.94062495231628,1567.97644042969,1477.38659667969,0.543408095836639,-0.149428859353065,2
2650367.21938982,1132356.43136482,1,2546.85131835938,17.1450576782227,31.7992572784424,-1.49687504768372,1577.50695800781,1461.76245117188,0.423235952854156,-0.128788754343987,2
2650691.80606641,1132238.84369986,1,2594.37426757812,344.276702880859,28.9275455474854,-1.95000004768372,1569.71166992188,1477.44079589844,0.438460886478424,-0.10330506414175,2
2649657.47095604,1139999.34940931,1,2430.98120117188,145.212631225586,24.1521472930908,-1.23749995231628,1588.03674316406,1461.412109375,0.309963285923004,0.0480272881686687,1
2647918.11529413,1107995.49125556,0,2749.34741210938,178.720397949219,17.6591739654541,-2.57500004768372,1202.56042480469,1615.60546875,0.606501579284668,-0.0273907836526632,3
2648158.26889199,1106596.42216784,1,2412.26245117188,4.5146484375,21.8067741394043,-1.20000004768372,1238.18322753906,1532.05834960938,0.442640542984009,-0.0835649222135544,3
2649101.94298536,1106398.61930847,1,2360.97900390625,28.1868133544922,24.3701343536377,0.519999980926514,1792.97912597656,1176.14904785156,0.213733956217766,-0.0238287337124348,3
2648766.12654457,1106404.09999239,1,2393.447265625,344.593505859375,26.07421875,-0.0324999988079071,1580.046875,1294.29699707031,0.186685591936111,-0.0875089764595032,3
2651686.83273992,1107116.09063408,1,2427.42504882812,312.897155761719,23.3682975769043,-0.237499997019768,1980.62890625,1101.03759765625,0.132850885391235,-0.0473827496170998,5
2652687.30664541,1109386.09019303,1,2543.55712890625,328.533752441406,16.3724670410156,-0.467187494039536,1920.64111328125,1085.134765625,0.28880313038826,-0.0680406466126442,3
2652634.49278377,1109434.91810281,1,2524.12548828125,316.661010742188,11.9316101074219,-0.485937505960464,1935.43505859375,1071.72277832031,0.150231182575226,-0.0524137541651726,3
2648693.16931705,1109601.09597,1,2641.13037109375,79.9327545166016,7.33926105499268,-2.38000011444092,1362.42272949219,1582.47216796875,0.664229869842529,-0.0724474787712097,3
2648530.95538538,1109888.81836806,1,2601.58764648438,230.765365600586,19.5856609344482,-2.09000015258789,1370.79138183594,1575.71691894531,0.450919538736343,-0.000351767725078389,3
2648199.12489627,1110141.92630858,1,2529.7939453125,231.235763549805,16.1027450561523,-1.54999995231628,1400.625,1553.17163085938,0.562075197696686,-0.0121242245659232,5
2648272.86500501,1109990.46013951,0,2547.169921875,241.36604309082,15.9115190505981,-1.77499997615814,1353.16931152344,1592.63208007812,0.511727571487427,-0.00748600345104933,3
2647560.37611739,1109765.25386226,1,2511.2578125,302.945098876953,20.4917316436768,-1.27499997615814,1114.3095703125,1828.4814453125,0.510056793689728,-0.0723761916160583,5
2646306.23015424,1110320.77352052,1,2539.55688476562,46.6786193847656,25.9779605865479,-2.01500010490417,1254.13012695312,1731.05590820312,0.593515574932098,-0.0612604469060898,5
2649856.69267703,1110192.6668421,1,2534.08837890625,20.6421051025391,17.1688385009766,-0.365000009536743,1558.55944824219,1409.23669433594,0.327463775873184,-0.0381781458854675,3
2649715.28131923,1110854.41519497,1,2363.45385742188,287.376647949219,20.3640785217285,0.244374990463257,1653.94982910156,1301.35705566406,0.244840174913406,0.00288289482705295,3
2649857.7790965,1111380.06259069,0,2325.68115234375,306.282562255859,27.0024585723877,0.878125011920929,1807.84228515625,1155.3037109375,0.00832511391490698,0.0463793613016605,2
2646365.08881367,1113275.38268123,1,2602.60668945312,70.2425155639648,13.0328989028931,-2.42812514305115,1083.94116210938,1754.56091308594,0.619630694389343,-0.0360581874847412,1
2645725.34354679,1112987.39766283,1,2771.29711914062,157.657745361328,22.1078548431396,-3.15687489509583,951.128295898438,1847.67993164062,0.588995337486267,-0.0303660668432713,1
2645994.26119593,1113011.39311956,1,2691.42041015625,121.058624267578,31.1052474975586,-2.75,947.01025390625,1853.22326660156,0.491167992353439,-0.00124690751545131,1
2646296.59631899,1112941.22399542,0,2556.4599609375,168.868316650391,25.0587387084961,-2.25999999046326,1096.84924316406,1725.83349609375,0.383308887481689,0.0491774640977383,1
2646774.32094342,1113454.53006282,0,2464.32568359375,111.314636230469,25.0491981506348,-1.47374999523163,1345.48461914062,1523.83911132812,0.431327193975449,0.0536615364253521,3
2647305.12608182,1113732.18198095,0,2333.01318359375,130.738693237305,23.6305027008057,0.0749999955296516,1746.87744140625,1211.23571777344,0.389139264822006,0.0580813623964787,3
2647453.28487875,1113693.6840258,0,2269.4833984375,151.419021606445,19.7882595062256,0.550000011920929,1865.79052734375,1119.91174316406,0.270567119121552,0.123193465173244,3
2646914.3135069,1114441.47763828,1,2417.32006835938,261.841918945312,17.0718212127686,-1.07187497615814,1499.08520507812,1388.44958496094,0.485399782657623,-0.00604879064485431,3
2646662.9174267,1114413.23543101,1,2354.11279296875,1.69184875488281,22.6329479217529,-1.3671875,1340.138671875,1528.736328125,0.335297077894211,-0.030179962515831,3
2646747.48903491,1114199.99046563,1,2440.841796875,33.1370468139648,28.4334373474121,-1.36249995231628,1325.76892089844,1545.55932617188,0.358594387769699,-0.0268024168908596,3
2646422.58962601,1114055.3314831,1,2624.08642578125,41.3559608459473,23.6251621246338,-2.02500009536743,1151.68127441406,1708.95825195312,0.352539449930191,-0.0359113551676273,3
2652658.37397743,1109587.86994122,0,2456.076171875,325.925750732422,27.0937576293945,-0.372500002384186,1970.73754882812,1035.57690429688,-0.0101245352998376,-0.0322208628058434,3
2651652.04942229,1108804.07067271,0,2228.69116210938,219.933471679688,13.0252046585083,0.774999976158142,1885.19860839844,1148.90295410156,0.2304617613554,0.0847925692796707,5
2649381.03145646,1110463.42982591,0,2343.61108398438,347.846496582031,24.4025611877441,-0.671875,1526.49133300781,1430.53283691406,0.220365598797798,-0.0467132739722729,2
2649311.67684615,1110546.47284611,0,2294.51708984375,324.43212890625,21.454288482666,-0.595000028610229,1552.62768554688,1405.69311523438,0.212126016616821,-0.0329637043178082,2
2648512.74351061,1110500.06221594,1,2391.55053710938,36.2298393249512,29.0699348449707,-1.45375001430511,1545.7548828125,1420.93432617188,0.446656733751297,-0.0486549288034439,2
2648077.41853598,1110220.20793906,1,2510.494140625,244.770919799805,21.7235927581787,-1.35000002384186,1421.17761230469,1543.40612792969,0.487708628177643,0.000636934651993215,5
2662244.11098138,1132739.08965362,1,2567.27416992188,334.344177246094,18.4046840667725,-1.625,1283.16162109375,1623.57824707031,0.206158623099327,-0.110155001282692,5
2663489.31949174,1133973.19908025,1,2737.4580078125,200.600036621094,15.2795495986938,-2.48226571083069,1430.48461914062,1550.91430664062,0.886655151844025,-0.0545338653028011,3
2663108.23511842,1134296.71561961,1,2747.2294921875,202.777801513672,28.898645401001,-2.42000007629395,1444.06994628906,1577.64526367188,0.689527928829193,-0.0292749963700771,3
2662665.4429495,1134506.22626773,1,2733.58666992188,181.377593994141,28.154541015625,-2.48343753814697,1458.94018554688,1617.34301757812,0.779464721679688,-0.0428352952003479,3
2662029.02306623,1134834.5002012,1,2590.58129882812,307.321411132812,27.7248516082764,-1.29781246185303,1577.81713867188,1531.12121582031,0.745818912982941,-0.218438297510147,3
2663603.451061,1135369.26947162,1,2636.9130859375,29.3963737487793,26.5805969238281,-1.70000004768372,1386.30163574219,1682.11145019531,0.859266400337219,-0.177351057529449,3
2663848.16572839,1135658.08534443,1,2518.94775390625,336.274658203125,19.898136138916,-1.42250001430511,1568.5341796875,1608.45007324219,0.447123110294342,-0.104129992425442,3
2664310.10214999,1135844.48047938,1,2446.5947265625,14.5418395996094,23.5522804260254,-1.14499998092651,1702.59875488281,1532.28942871094,0.39948570728302,-0.0524921044707298,3
2664439.26637689,1135558.21008919,1,2537.1494140625,55.4806518554688,32.3528137207031,-2.27749991416931,1527.46984863281,1579.41186523438,0.381724923849106,-0.0729083865880966,3
2664398.04056969,1135342.53247363,1,2651.91259765625,340.075988769531,32.6699371337891,-2.27999997138977,1434.12963867188,1609.68566894531,0.153564661741257,-0.133011043071747,3
2665725.41960259,1137239.57980765,0,2370.25122070312,325.347473144531,12.9451780319214,-1.53125,1876.18359375,1496.10314941406,0.346367120742798,-0.0240349471569061,2
2666367.37087495,1138865.44464337,1,2850.892578125,149.982040405273,20.9629402160645,-3.796875,1320.28186035156,1912.52355957031,0.840751528739929,-0.0564099065959454,3
2666145.3661595,1138599.62696029,1,2807.3818359375,164.310409545898,31.1536293029785,-3.28499984741211,1486.32446289062,1800.22436523438,0.737306773662567,-0.0333601422607899,3
2662865.490587,1141053.39469989,1,2716.83422851562,296.838592529297,23.375337600708,-2.83750009536743,1534.15991210938,1879.69763183594,0.54353266954422,-0.110077679157257,2
2662034.88267809,1141243.24948994,0,2631.14086914062,136.511810302734,24.2551307678223,-2.38124990463257,1706.84765625,1785.10827636719,0.357548981904984,0.15267476439476,2
2662423.82411618,1140496.0637619,1,2626.6435546875,349.742706298828,22.7813682556152,-2.43171882629395,1706.03527832031,1781.68432617188,0.487640172243118,-0.0969717279076576,2
2661967.49319752,1139344.76901209,1,2772.5087890625,278.024658203125,25.9462146759033,-2.90374994277954,1671.24755859375,1764.72985839844,0.540484547615051,-0.117419712245464,2
2661940.32616482,1139301.45507446,1,2775.646484375,311.850463867188,21.5054302215576,-2.8600001335144,1683.54870605469,1754.20373535156,0.544152975082397,-0.109776511788368,2
2661540.81265647,1139261.08708793,1,2683.82690429688,339.25390625,19.3470020294189,-2.53749990463257,1770.94116210938,1695.97082519531,0.480439871549606,-0.079958088696003,2
2661101.64361245,1138814.33811003,1,2594.74951171875,325.367034912109,25.8411655426025,-2.24000000953674,1902.45849609375,1574.13488769531,0.562051177024841,-0.14158783853054,2
2659721.3224405,1141143.73651739,0,2246.89477539062,31.7444458007812,18.0294971466064,-0.240624994039536,1774.21557617188,1437.34509277344,0.230838373303413,0.124508172273636,5
2659547.13073105,1141452.20100289,0,2121.54467773438,7.70999145507812,23.5003452301025,0.756250023841858,1891.30627441406,1294.42724609375,0.169846415519714,0.0582736991345882,3
2654668.71162238,1145539.85979437,0,2568.0224609375,151.994079589844,5.33834028244019,-1.6837500333786,1893.67053222656,1239.22924804688,0.426819980144501,0.023361099883914,5
2655134.72209117,1146235.1283371,1,2802.2138671875,101.680297851562,29.6599140167236,-2.578125,1565.94995117188,1479.259765625,0.615472912788391,-0.0201579593122005,4
2655356.14519407,1146485.50676867,1,2833.44140625,150.770782470703,15.3920593261719,-3.17875003814697,1432.70910644531,1596.1083984375,0.643771111965179,-0.0313260518014431,4
2655561.21705253,1146569.98819857,1,2823.67553710938,146.599945068359,25.8267803192139,-3.52125000953674,1367.01770019531,1664.00219726562,0.533609628677368,-0.0108176833018661,4
2656017.37281139,1147222.313954,1,2818.30029296875,57.4543418884277,20.795841217041,-3.31937503814697,1195.23681640625,1806.75366210938,0.819593608379364,-0.066652312874794,4
2656064.61194058,1148085.84132619,1,2840.5498046875,96.1594009399414,22.8841190338135,-3.68062496185303,1071.59167480469,1897.51257324219,0.817582964897156,-0.0494155995547771,4
2658014.65384569,1148788.97522993,1,2788.11450195312,186.248291015625,29.7893352508545,-2.30999994277954,1226.01586914062,1753.03076171875,0.681616961956024,-0.0270068626850843,4
2657303.59923581,1145787.56979235,0,2289.11694335938,54.568115234375,22.0564384460449,-0.159999996423721,1825.37292480469,1316.2333984375,0.313366293907166,0.0748594775795937,4
2655685.09699639,1147565.86289741,1,2931.73974609375,109.88126373291,29.3713092803955,-4.16312503814697,1119.52331542969,1825.07116699219,0.841559708118439,-0.0479914620518684,4
2657983.00980626,1148535.54109956,1,2627.68872070312,218.827850341797,36.4340744018555,-2.00125002861023,1377.5908203125,1660.40051269531,0.50275057554245,0.0358918532729149,4
2672353.47084998,1148983.92723993,1,2618.86572265625,161.990905761719,21.6021766662598,-2.11062502861023,1616.89245605469,1701.26770019531,0.449620693922043,0.00435744225978851,5
2672560.50755859,1149346.03490611,0,2717.87133789062,181.109497070312,24.7482948303223,-3.20749998092651,1444.48291015625,1780.4833984375,0.704466462135315,-0.0374910980463028,3
2672209.63575171,1145070.8519899,1,2605.5205078125,343.547943115234,27.0427379608154,-2.07249999046326,1510.80688476562,1598.36804199219,0.49574676156044,-0.0608664080500603,2
2672408.71481979,1145047.06327232,1,2701.40991210938,344.414001464844,17.048267364502,-2.35500001907349,1532.55541992188,1591.85266113281,0.599575161933899,-0.0403911024332047,2
2672414.94805401,1144911.59640896,1,2738.1962890625,348.402160644531,22.5682411193848,-2.38000011444092,1581.63989257812,1548.6845703125,0.559110045433044,-0.0727065727114677,2
2670012.89947893,1146169.37759768,1,2512.525390625,320.322509765625,27.0148181915283,-1.50437498092651,1381.6455078125,1895.37683105469,0.505480170249939,-0.130160510540009,2
2669896.196535,1145922.50310352,0,2559.49829101562,284.059509277344,17.0129280090332,-1.8199999332428,1308.361328125,1922.77722167969,0.5931356549263,-0.0647002980113029,2
2669918.12691135,1145793.35140738,1,2599.4970703125,316.511169433594,20.1584415435791,-2.02749991416931,1275.82434082031,1926.00720214844,0.603838562965393,-0.0918530896306038,2
2667121.50563743,1145324.80599689,1,2594.71313476562,273.935150146484,35.4425239562988,-1.99062502384186,1408.54211425781,1998.9482421875,0.435853272676468,-0.0849127992987633,3
2667005.33953637,1145561.50761578,1,2541.1630859375,296.118865966797,38.2858543395996,-1.52499997615814,1480.15405273438,1939.00598144531,0.17839103937149,-0.0933893471956253,3
2667114.8057117,1145639.03602318,1,2602.55590820312,273.520202636719,28.855863571167,-1.80624997615814,1457.85168457031,1955.36926269531,0.516018688678741,-0.0875933915376663,3
2667207.61891055,1145705.62778128,1,2623.05346679688,317.529998779297,29.4305667877197,-1.96000003814697,1443.79760742188,1966.98974609375,0.538235008716583,-0.146701455116272,3
2667144.83083291,1146101.33244672,1,2534.27270507812,215.335113525391,17.3849105834961,-2.00999999046326,1515.56237792969,1900.69604492188,0.513609409332275,-0.00985096953809261,5
2667059.43698801,1146242.42791934,1,2591.15502929688,202.290740966797,16.4271087646484,-1.9375,1561.78503417969,1853.74438476562,0.445330798625946,-0.00211235438473523,3
2667282.52989456,1146310.2620566,0,2643.14184570312,247.343505859375,19.5113372802734,-2.23000001907349,1523.185546875,1896.81481933594,0.547148048877716,-0.00560974981635809,5
2667173.0931458,1147124.16466315,1,2502.92626953125,11.490348815918,15.0308446884155,-1.54999995231628,1534.02990722656,1886.693359375,0.620106756687164,-0.0679133161902428,3
2668468.40129977,1147694.87070477,1,2589.669921875,47.9632530212402,19.8728923797607,-2.07999992370605,1475.29772949219,1937.69885253906,0.662662506103516,-0.0386257953941822,3
2668675.02942513,1147663.59725869,0,2538.65356445312,58.4079437255859,17.2096366882324,-2.00562500953674,1483.45300292969,1937.67065429688,0.585061550140381,-0.0225102063268423,3
2668508.36399414,1148319.51834204,1,2378.34399414062,347.351593017578,32.0532531738281,-0.847812473773956,1452.03881835938,1911.26245117188,0.199222147464752,-0.0965801402926445,3
2668970.83480846,1148680.45639856,0,2188.87963867188,266.704772949219,16.2982711791992,-0.237499997019768,1625.06945800781,1729.4423828125,0.190539091825485,0.117004603147507,3
2662534.68460285,1143006.35916578,1,2503.95678710938,338.934143066406,25.178430557251,-1.94375002384186,1713.87573242188,1627.11279296875,0.315903723239899,-0.0729705691337585,3
2662320.12949087,1143233.80601536,1,2392.0517578125,223.906341552734,18.9490833282471,-1.36156249046326,1739.07299804688,1556.12744140625,0.370441079139709,-0.0587993413209915,3
2661574.39084669,1141798.40661007,1,2497.61572265625,353.083831787109,19.800745010376,-1.9449999332428,1710.58776855469,1686.54504394531,0.336008667945862,-0.0290322415530682,3
2661845.2964292,1141959.3461359,0,2443.47192382812,2.65310668945312,6.89283514022827,-1.91499996185303,1681.64477539062,1711.04748535156,0.381419122219086,0.00876611471176147,3
2661469.94625813,1142222.27918487,0,2350.86962890625,46.8992691040039,26.9622325897217,-1.01593744754791,1725.94213867188,1577.99206542969,0.296814024448395,0.0591256879270077,3
2661452.44157858,1142123.57224161,0,2389.49462890625,51.7061309814453,20.6653728485107,-1.18437504768372,1728.24694824219,1592.80639648438,0.347554683685303,0.00372813525609672,3
2661517.59788582,1142464.42725256,0,2260.78784179688,29.7609100341797,13.3954191207886,-0.598749995231628,1741.46740722656,1533.80383300781,0.27193546295166,0.101128280162811,3
2661417.43221909,1142616.13447575,0,2236.63305664062,44.5494728088379,15.8829822540283,-0.214062497019768,1797.57409667969,1452.87963867188,0.350475460290909,0.0165937095880508,3
2661549.44667844,1141450.37143886,0,2585.97387695312,286.806335449219,13.805757522583,-2.4524998664856,1711.96240234375,1750.53869628906,0.393567681312561,-0.0613327324390411,3
2660954.287572,1141067.21345254,1,2517.8818359375,0.495582580566406,25.8436412811279,-1.75874996185303,1770.15161132812,1723.22924804688,0.395606368780136,-0.0899239778518677,3
2660405.80761062,1141694.4644716,0,2308.01806640625,14.0421905517578,28.2138195037842,-0.800000011920929,1751.40637207031,1562.74682617188,0.237965881824493,-0.0261556152254343,3
2660391.22037754,1141824.77708636,0,2242.17138671875,4.20196533203125,20.745532989502,-0.518750011920929,1762.54943847656,1532.08239746094,0.246856570243835,-0.00140974333044142,3
2660304.18322045,1142096.58586121,0,2204.61938476562,325.824737548828,16.0678024291992,0.200000002980232,1816.92736816406,1427.29113769531,0.219191923737526,0.179058328270912,3
2662547.09185532,1142297.03875337,0,2558.48217773438,62.3081932067871,16.0869483947754,-2.42000007629395,1633.36328125,1768.89379882812,0.469426691532135,0.0515529029071331,3
2662891.51010169,1143083.4273669,1,2479.15771484375,98.8303909301758,33.0747604370117,-1.00999999046326,1783.12951660156,1595.33264160156,0.427319794893265,0.0429293550550938,3
2663243.51826818,1143066.19619773,1,2352.4375,50.6943054199219,18.3215713500977,-0.209375008940697,1818.79602050781,1586.11267089844,0.245775237679482,0.0151352742686868,5
2663044.94955895,1142942.70615352,0,2468.72631835938,352.316040039062,32.1050186157227,-0.826250016689301,1786.22314453125,1614.66625976562,0.198277860879898,-0.0799350738525391,5
2662813.14930946,1142951.32173814,0,2525.28125,58.7416381835938,27.1285037994385,-1.32687497138977,1752.44323730469,1624.65100097656,0.3719502389431,0.0317803770303726,5
2663041.25716528,1143508.46286819,1,2290.40307617188,50.5057601928711,26.4239521026611,-0.125937506556511,1863.65869140625,1501.08679199219,0.18588724732399,0.0188684072345495,3
2662882.07398509,1143529.79669653,0,2367.01342773438,95.5520324707031,35.9186248779297,-0.5234375,1839.13098144531,1500.85046386719,0.327376663684845,0.118085063993931,3
2665618.95799185,1145154.03950384,1,2449.36743164062,130.586151123047,20.6534862518311,-1.76874995231628,1741.37878417969,1669.5986328125,0.403472751379013,0.0394671000540257,5
2666108.81551038,1144906.64914901,1,2386.98217773438,4.73645782470703,21.8003826141357,-1.86000001430511,1685.73461914062,1727.46276855469,0.354307889938354,-0.0260646175593138,3
2667175.5069239,1144994.85632293,0,2546.1171875,254.432586669922,24.8298168182373,-2.51250004768372,1330.32653808594,2053.04638671875,0.244944453239441,-0.00561940716579556,3
2665907.78520525,1145373.94204108,1,2350.59057617188,90.5241470336914,20.9687652587891,-1.27499997615814,1718.59423828125,1703.39916992188,0.360803484916687,0.00690671056509018,5
2665373.6189664,1145755.48935439,1,2373.20629882812,34.3367080688477,21.893533706665,-0.78125,1769.81201171875,1605.45812988281,0.351533234119415,-0.0319052413105965,3
2665243.15440117,1145803.08020211,0,2369.41357421875,34.6199378967285,25.6912250518799,-0.574999988079071,1784.556640625,1575.35607910156,0.323303520679474,0.0217847488820553,3
2660902.71059151,1142110.68485295,0,2320.03979492188,263.010314941406,21.1545829772949,-0.519999980926514,1785.15051269531,1487.8076171875,0.342049837112427,0.0544052757322788,3
2660545.14175545,1141565.36561374,0,2352.97802734375,16.303581237793,18.6729488372803,-1.36437499523163,1738.70959472656,1614.34851074219,0.279816418886185,0.0226250439882278,5
2661171.27886087,1140916.28246106,0,2561.6796875,32.3123245239258,13.9341583251953,-1.78687500953674,1801.21301269531,1724.84777832031,0.471602708101273,-0.0282491985708475,3
2660144.59307633,1142237.76182215,0,2157.35302734375,29.6882209777832,10.7501497268677,0.59375,1904.04309082031,1313.98327636719,0.216320395469666,0.130314186215401,3
2662249.38667937,1142363.7359455,0,2516.06909179688,259.537292480469,26.2754077911377,-2.0625,1637.6298828125,1732.68981933594,0.443709820508957,0.047536589205265,3
2662664.52963162,1142733.67237518,0,2576.73706054688,75.0536880493164,21.0472717285156,-1.90531253814697,1698.26171875,1679.2490234375,0.418900668621063,0.121420904994011,3
2676649.91593022,1150702.89326346,1,2439.52758789062,348.971527099609,25.846004486084,-2.19000005722046,1145.59753417969,1920.35607910156,0.654582619667053,-0.11232028901577,4
2677403.7036159,1151135.00312234,1,2773.63305664062,249.273468017578,28.0895919799805,-2.9375,1163.88366699219,1887.505859375,0.901286244392395,-0.0816722363233566,4
2676510.2728417,1152717.38729026,1,2662.78784179688,82.682731628418,30.2962493896484,-2.70484375953674,1513.31848144531,1649.35595703125,0.841513812541962,-0.0608107708394527,4
2676481.77425251,1152587.00624451,1,2661.86865234375,116.775108337402,15.3222064971924,-2.5231249332428,1533.28662109375,1627.32458496094,0.801078200340271,-0.0550162978470325,4
2676195.3356565,1152295.62810862,0,2532.607421875,162.109069824219,30.3746032714844,-1.52999997138977,1531.73681640625,1634.61486816406,0.566709101200104,-0.016018608585,4
2676501.72326505,1152482.98639378,0,2616.55883789062,143.512634277344,22.6803321838379,-2.4319531917572,1542.67651367188,1616.3857421875,0.713043451309204,-0.0343092791736126,4
2675940.82385558,1154682.85537934,0,2674.97338867188,197.989135742188,22.2444496154785,-2.96749997138977,1473.88684082031,1835.69799804688,0.704687178134918,-0.0138578889891505,3
2674848.58244136,1154907.14764171,1,2706.50341796875,146.059997558594,25.116003036499,-2.90000009536743,1472.04370117188,1873.38159179688,0.569814383983612,-0.0241898912936449,3
2675188.02735668,1155248.99712522,1,2791.81420898438,184.658477783203,20.1278247833252,-3.25,1302.41223144531,1975.63452148438,0.661149024963379,-0.0317906849086285,3
2654431.88260158,1146336.99679212,0,2420.34155273438,313.234252929688,24.0835628509521,-1.3125,1613.45336914062,1397.97778320312,0.201962158083916,-0.0512384735047817,4
2654757.43832229,1146629.54388084,1,2604.080078125,273.978759765625,20.2305927276611,-2.03125,1547.72778320312,1430.44604492188,0.465647608041763,-0.0629192963242531,4
2655086.2301836,1146498.80380995,1,2822.96362304688,273.810485839844,23.6947860717773,-2.65000009536743,1498.99645996094,1509.21179199219,0.837245941162109,-0.0855753943324089,4
2654990.44042859,1146791.99812698,1,2721.318359375,253.65299987793,16.0472793579102,-2.65000009536743,1445.05944824219,1524.59814453125,0.777673840522766,-0.104252830147743,4
2655158.07249943,1147061.89223323,1,2815.4794921875,221.491485595703,28.8120956420898,-3.15750002861023,1337.68322753906,1613.94262695312,0.789154469966888,-0.0499940700829029,4
2653332.00276346,1150001.43471546,1,2930.68774414062,92.3105239868164,22.9722919464111,-3.76250004768372,333.19140625,2234.9443359375,0.825380206108093,-0.0628803744912148,4
2653343.23936188,1150136.27389729,1,2911.32080078125,117.4375,25.144718170166,-3.70624995231628,288.548950195312,2252.662109375,0.739547967910767,-0.0507395006716251,4
2654992.91248019,1146904.69840063,0,2738.86694335938,156.903991699219,21.8014049530029,-2.70000004768372,1420.40795898438,1538.0224609375,0.801711678504944,-0.0516842976212502,4
2654642.47106427,1147564.14627446,1,2476.08251953125,337.829833984375,27.1612110137939,-1.95000004768372,1381.16284179688,1519.87768554688,0.650829613208771,-0.167853906750679,4
2650727.21877712,1145846.17571122,1,2978.19067382812,122.129508972168,15.9463996887207,-3.625,1024.50744628906,1799.0224609375,0.838692486286163,-0.0528236404061317,4
2650710.01273576,1145699.04649981,1,2955.41528320312,119.440940856934,16.617036819458,-3.5,1021.92681884766,1787.41271972656,0.825297236442566,-0.0482324026525021,4
2647117.81265407,1146254.90698309,1,2948.181640625,131.796905517578,24.7862491607666,-3.625,1163.91052246094,1914.22583007812,0.634759187698364,-0.0170312393456697,4
2649976.56132809,1142166.71642306,1,2633.85327148438,286.917266845703,28.6642990112305,-1.79124999046326,995.172546386719,1811.8994140625,0.37054905295372,-0.084834560751915,5
2649464.59380934,1141846.47336649,1,2490.73510742188,327.950988769531,18.3863792419434,-1.73000001907349,937.47607421875,1755.09204101562,0.360397189855576,-0.026104100048542,4
2667303.83466829,1146596.81430975,1,2662.23852539062,44.8899459838867,29.1274490356445,-2.20000004768372,1534.18908691406,1888.87341308594,0.747011601924896,-0.138389304280281,5
2668243.00246492,1147870.38062662,1,2593.52368164062,329.705535888672,33.359977722168,-1.59375,1484.30236816406,1903.97998046875,0.408988475799561,-0.123362801969051,3
2662894.2001287,1151791.50830978,0,2249.326171875,81.1381607055664,18.7585430145264,-1.10000002384186,1527.14685058594,1555.36413574219,0.400575965642929,0.124730072915554,4
2663388.96273172,1152511.08018439,0,2569.67358398438,214.934143066406,19.2319469451904,-2.48031258583069,1306.744140625,1755.60949707031,0.394673347473145,0.04429891705513,4
2663377.87237415,1152366.93740728,1,2507.70043945312,218.048355102539,24.358736038208,-2.1015625,1357.00695800781,1705.18322753906,0.360805243253708,0.0396233201026917,4
2663317.64326144,1152997.15462398,1,2668.76440429688,32.0246162414551,26.1180324554443,-2.58750009536743,1097.63684082031,1963.96508789062,0.612903833389282,-0.101937547326088,4
2663653.11249083,1152963.04937482,1,2519.97509765625,44.898021697998,15.297251701355,-2.34249997138977,1141.14270019531,1926.50817871094,0.61547589302063,-0.0286254547536373,4
2663675.04511524,1153879.29343602,0,2757.95239257812,195.105041503906,18.23415184021,-2.5,1023.67034912109,2079.32250976562,0.761190474033356,-0.0373154878616333,4
2664507.17837058,1153257.85963353,1,2527.80346679688,20.0717849731445,24.4652099609375,-1.99609375,1279.31115722656,1821.32800292969,0.316065013408661,-0.0515489764511585,4
2670486.4691407,1150607.51156845,1,2353.66674804688,349.735748291016,23.4001064300537,-1.3400000333786,1830.50927734375,1401.69555664062,0.0291614774614573,-0.0515786968171597,3
2670573.41043941,1150720.81913392,1,2356.09765625,307.036865234375,17.3294696807861,-1.33312499523163,1780.36279296875,1444.26953125,0.214314520359039,-0.0763050615787506,3
2670952.52340531,1150770.70525788,0,2441.16357421875,312.688018798828,16.9500179290771,-1.55124998092651,1636.73120117188,1611.37585449219,0.483733773231506,-0.137756809592247,3
2671181.09799096,1150919.64437947,1,2421.41040039062,339.493957519531,23.7797470092773,-1.46312499046326,1574.74584960938,1699.53601074219,0.538576602935791,-0.137071639299393,3
2671408.4259889,1151016.20272124,1,2392.86108398438,336.307769775391,24.3266315460205,-1.4025000333786,1545.42858886719,1751.63024902344,0.52243709564209,-0.132651016116142,3
2672074.88774864,1150147.87320069,0,2680.55810546875,234.292053222656,20.4956703186035,-2.55250000953674,1419.04467773438,1820.10314941406,0.796886563301086,-0.0576462522149086,3
2672498.20537043,1150898.95725599,1,2564.154296875,355.891448974609,24.3933353424072,-1.69249999523163,1405.31970214844,1861.75146484375,0.88716584444046,-0.21262913942337,3
2672231.47070889,1149368.98096902,1,2679.1416015625,273.803070068359,29.7379341125488,-2.68281245231628,1431.53576660156,1786.43212890625,0.803487062454224,-0.14488023519516,3
2671728.00282077,1149272.77883335,1,2471.1513671875,314.985809326172,26.6581172943115,-1.41281247138977,1598.71252441406,1667.11938476562,0.251027226448059,-0.0625436827540398,3
2667229.66497236,1148238.26306652,1,2211.73266601562,281.223449707031,27.7127208709717,-0.371874988079071,1646.66613769531,1618.34033203125,0.171290323138237,-0.0100382100790739,3
2665436.97392947,1145725.51308563,0,2364.625,34.9235534667969,25.5327301025391,-0.879374980926514,1763.92578125,1617.44616699219,0.347456276416779,-0.0303266067057848,3
2677250.74504668,1151458.80027889,1,2672.703125,297.716918945312,26.0800704956055,-2.73749995231628,1210.62780761719,1851.392578125,0.891563355922699,-0.227409347891808,4
2676130.94438894,1152190.56867207,1,2502.8505859375,142.255798339844,21.8674545288086,-1.20624995231628,1534.26000976562,1640.92822265625,0.538887560367584,-0.0143256960436702,4
2676021.51700091,1154833.26740223,0,2750.48779296875,218.034118652344,22.0591297149658,-3.00874996185303,1420.58874511719,1873.96618652344,0.727894425392151,-0.0385616794228554,3
2673411.96092679,1161128.73145746,1,2810.50073242188,252.118240356445,26.5692176818848,-3.02500009536743,716.524719238281,1934.09509277344,0.851785182952881,-0.0818736255168915,4
2675416.48290908,1156950.22435162,1,2813.58447265625,264.685089111328,25.9718074798584,-2.94125008583069,1279.56201171875,2064.84643554688,0.628521382808685,-0.0872325599193573,3
2675328.02946237,1156870.04094269,1,2763.46435546875,280.107177734375,26.4665565490723,-2.88437509536743,1271.27111816406,2072.81127929688,0.615750193595886,-0.102089636027813,3
2675315.08505551,1156908.87416319,1,2762.64697265625,262.672943115234,22.0383262634277,-2.85500001907349,1275.83984375,2069.30590820312,0.713871598243713,-0.0637092143297195,3
2675325.3214194,1156528.63986054,1,2760.52661132812,234.872451782227,24.8450679779053,-3.29562497138977,1207.31005859375,2121.88671875,0.677657783031464,-0.036315094679594,3
2673338.00804319,1157185.38184306,1,2460.013671875,8.14478302001953,22.4031352996826,-0.900624990463257,1533.58666992188,1802.44982910156,0.415957778692245,0.00393247930333018,2
2648504.59453125,1109443.87409375,1,2606.53442382812,326.990631103516,28.5350246429443,-2.5426561832428,1251.10327148438,1678.15112304688,0.52415132522583,-0.155027091503143,2
2648656.45310638,1109434.50637694,1,2660.48168945312,332.953674316406,34.1260452270508,-2.52437496185303,1312.41979980469,1625.64465332031,0.429166078567505,-0.144715517759323,2
2644803.78800039,1123982.91519279,0,2231.13549804688,320.74267578125,24.1301498413086,0.733749985694885,2074.4677734375,1056.40405273438,-0.0483763068914413,0.0645440816879272,3
2605060.71060211,1110962.59131546,0,2434.615234375,301.002014160156,15.1524858474731,-1.33875000476837,2189.92846679688,1321.64147949219,0.111227490007877,0.200070142745972,4
2604758.68514503,1111057.1278936,0,2349.34228515625,295.36572265625,15.6265802383423,-0.862500011920929,2216.93188476562,1290.63037109375,0.0586146898567677,0.246785506606102,4
2604764.59609391,1110872.05851006,0,2387.64819335938,335.489685058594,18.791748046875,-0.946874976158142,2183.5048828125,1307.57824707031,0.00921656563878059,0.122703328728676,4
2604646.85172493,1111132.21809948,0,2305.67016601562,265.713317871094,24.312801361084,-0.706250011920929,2222.83081054688,1294.42761230469,-0.023693336173892,0.263769865036011,3
2640744.75157025,1139425.31961078,1,2904.00708007812,84.5592193603516,27.8364219665527,-4.34999990463257,918.814636230469,2043.77563476562,0.718938291072845,-0.03972028195858,4
2641130.24633757,1139543.25666114,1,2994.74633789062,147.596389770508,26.3625068664551,-4.36875009536743,930.367797851562,1982.27673339844,0.291032940149307,0.00968885701149702,4
2638997.16199278,1136224.01897214,0,2470.65234375,54.877384185791,25.5096282958984,-1.72500002384186,1545.41589355469,1390.53588867188,0.435810118913651,0.0699115991592407,3
2638927.79110855,1136167.77230925,0,2512.134765625,74.9244995117188,20.1702861785889,-1.75,1556.21667480469,1381.27282714844,0.507576823234558,0.0180390086025,3
2645707.29932853,1142696.21078524,1,3055.13891601562,175.110458374023,16.6635818481445,-4.09999990463257,854.140502929688,1964.65856933594,0.836353063583374,-0.0501310266554356,4
2636142.79020388,1135849.75451738,1,2645.30737304688,303.253356933594,26.4497394561768,-2.15000009536743,1657.51574707031,1525.34594726562,0.291701227426529,-0.0853710547089577,4
2636982.60455077,1132254.22011243,1,2675.32470703125,159.381546020508,16.1234226226807,-1.28749990463257,2243.53930664062,1060.73657226562,0.290019094944,0.0382668413221836,3
2636797.57113151,1132193.69516235,1,2675.7841796875,165.727355957031,20.3168983459473,-1.48000001907349,2249.5849609375,1051.2626953125,0.167506471276283,0.054854866117239,3
2637255.03224486,1131429.80044407,0,2239.15478515625,134.50439453125,7.07640933990479,-0.237499997019768,2538.259765625,834.277282714844,0.136690229177475,0.13750347495079,3
2633641.22697533,1141683.48712023,1,2582.49340820312,282.898620605469,36.018726348877,-1.47312498092651,1386.83508300781,2003.58325195312,0.619507849216461,-0.179898604750633,3
2633959.4723115,1141911.74039853,1,2523.7783203125,341.768585205078,23.4709243774414,-1.58000004291534,1504.23327636719,1909.80480957031,0.696100533008575,-0.171527430415154,3
2634127.39769686,1141983.81562039,1,2563.37719726562,328.967987060547,23.6492710113525,-1.7421875,1544.92468261719,1874.12438964844,0.48951131105423,-0.173679038882256,3
2631589.64836186,1144699.26498762,1,2674.923828125,86.3189163208008,19.9855632781982,-2.5,1496.3056640625,1504.181640625,0.608497977256775,-0.0464334413409233,3
2642644.50948509,1141877.52474742,1,3164.50537109375,235.980850219727,37.1988830566406,-5.02500009536743,1091.4892578125,1912.43542480469,0.804477393627167,-0.0483981892466545,4
2629999.8213464,1142996.5630845,1,2298.84448242188,192.769927978516,22.8354377746582,-0.25,2274.78125,1178.173828125,0.301852345466614,0.0335123464465141,3
2629905.16577862,1143023.27569875,0,2310.40405273438,174.115966796875,23.646858215332,-0.417499989271164,2227.5908203125,1194.88464355469,0.26563972234726,0.148013085126877,3
2629250.2898188,1144040.90178291,1,2851.97241210938,241.706558227539,37.1917114257812,-2.82500004768372,1349.84545898438,1574.82336425781,0.512929260730743,-0.0303406808525324,3
2630827.8515347,1139812.66554938,1,2619.26708984375,287.409545898438,28.7821922302246,-2.06531238555908,1392.22546386719,1777.2958984375,0.603515088558197,-0.211046546697617,3
2630450.70558353,1140074.74039693,0,2408.74755859375,284.198303222656,15.6683912277222,-0.355625003576279,1736.61608886719,1471.82873535156,0.381180107593536,-0.0636482313275337,3
2630673.5988488,1139638.43390424,1,2590.28930664062,317.978942871094,26.1893920898438,-2.33812499046326,1407.62182617188,1757.40185546875,0.648943245410919,-0.203092083334923,3
2630632.10743345,1139954.36707434,0,2513.28637695312,268.935363769531,19.5467395782471,-1.203125,1556.05139160156,1615.22290039062,0.428545832633972,-0.0502649247646332,3
2629652.76784418,1138350.17411513,1,2561.73754882812,324.262512207031,32.9373474121094,-2.35500001907349,1308.74169921875,1914.54602050781,0.735949397087097,-0.170890271663666,3
2629419.62175556,1138510.94220734,1,2463.2880859375,4.20253753662109,27.557689666748,-1.42718744277954,1361.36389160156,1850.00158691406,0.630683124065399,-0.188720256090164,3
2631029.30033675,1139745.59808503,1,2703.25073242188,327.341705322266,27.8554172515869,-2.74062490463257,1262.91833496094,1921.802734375,0.889641344547272,-0.190772294998169,3
2629220.04658419,1138202.52339924,1,2588.10717773438,241.87043762207,20.2152366638184,-2.04250001907349,1305.19067382812,1918.87194824219,0.588468730449677,-0.24148091673851,3
2629315.0012454,1138164.06505974,1,2616.09106445312,272.152038574219,18.2034549713135,-2.24312496185303,1248.98181152344,1987.84545898438,0.689546346664429,-0.267717450857162,3
2627505.12684157,1136745.10858189,1,2626.34521484375,292.990539550781,22.6568202972412,-2.74609375,1383.1474609375,1801.3427734375,0.438662439584732,-0.162700891494751,3
2626169.45335999,1135719.06267003,1,2523.26782226562,333.73681640625,36.7254676818848,-1.21062505245209,1897.50549316406,1220.97973632812,0.0723398253321648,-0.00628612143918872,3
2626288.51082577,1135884.02180928,1,2545.24438476562,288.708129882812,15.1485452651978,-1.5,1767.40893554688,1359.62939453125,0.115362644195557,-0.093219168484211,3
2620551.27594387,1137183.81842157,0,2721.84912109375,136.895935058594,19.5730361938477,-3.1412501335144,1304.11181640625,1985.99890136719,0.492354810237885,-0.017247723415494,3
2621068.39582472,1136651.85412867,1,2585.90502929688,22.1904754638672,24.2526111602783,-2.56375002861023,1389.94274902344,1862.28857421875,0.37539666891098,-0.155093997716904,3
2621632.99827655,1137680.85892445,0,2520.4326171875,100.605606079102,17.3276462554932,-2.27187490463257,1567.45837402344,1686.08386230469,0.244146317243576,0.123413093388081,3
2621564.26403725,1137500.30331072,0,2479.5576171875,123.065475463867,13.1056833267212,-2.35046863555908,1546.06701660156,1708.77734375,0.235240399837494,0.0750772058963776,3
2621437.99817436,1137800.89820806,0,2579.95043945312,128.432037353516,19.1960563659668,-2.53500008583069,1505.99450683594,1757.81359863281,0.256401807069778,0.0750002712011337,3
2621267.92567195,1137472.83485645,0,2562.43603515625,138.079223632812,24.5877246856689,-2.71937489509583,1436.18774414062,1832.03674316406,0.293869912624359,0.0655727460980415,3
2627501.704902,1136996.09330862,1,2502.9189453125,304.143432617188,19.0282726287842,-1.99843740463257,1450.61059570312,1713.26306152344,0.299091517925262,-0.182807713747025,3
2628382.38063992,1137211.39748249,1,2658.84057617188,308.565063476562,29.0822334289551,-2.88750004768372,1315.54125976562,1874.60083007812,0.394718289375305,-0.198777243494987,3
2626402.24496492,1135801.48065451,1,2600.35595703125,285.460510253906,27.252498626709,-1.87999999523163,1731.76330566406,1399.04626464844,0.262332081794739,-0.11344551295042,3
2620951.75733874,1135192.18180048,1,2519.76293945312,109.024810791016,14.6990299224854,-2.18499994277954,1708.56396484375,1572.01806640625,0.132024243474007,-0.0407930053770542,3
2621244.4188221,1135202.72816016,0,2421.16674804688,66.3205337524414,15.8032999038696,-1.97500002384186,1676.87683105469,1573.38940429688,0.0724422335624695,0.146949201822281,2
2621075.92834894,1134940.03799161,0,2526.10009765625,81.1662445068359,16.039794921875,-2.24125003814697,1742.48852539062,1528.69189453125,0.161577314138412,0.0129629224538803,2
2621552.75101817,1135026.68692184,0,2518.35815429688,0.0914230346679688,24.0745029449463,-1.90125000476837,1707.28869628906,1532.10327148438,0.205996334552765,-0.119167402386665,3
2620770.60409969,1135405.88647513,1,2628.5947265625,145.217956542969,14.913779258728,-2.25250005722046,1698.37414550781,1606.62634277344,0.311026066541672,0.0279189329594374,5
2621694.88064683,1136060.32111749,0,2441.43505859375,147.215927124023,19.8149604797363,-1.74000000953674,1600.38061523438,1633.01733398438,0.233384341001511,0.111555106937885,3
2622051.00290131,1136384.77597057,0,2354.39916992188,118.631378173828,28.708044052124,-1.34375,1601.62377929688,1636.13269042969,0.224501073360443,0.101995229721069,3
2621877.13106237,1136477.54325363,0,2472.29052734375,84.2329711914062,20.5263843536377,-1.734375,1600.27014160156,1638.79577636719,0.280482679605484,0.0621875636279583,3
2622031.0404742,1136643.16213392,0,2450.04467773438,136.347396850586,15.3224306106567,-1.45000004768372,1597.90148925781,1643.45581054688,0.226399660110474,0.0934300348162651,3
2622045.16069479,1134316.61265325,0,2476.591796875,166.406951904297,15.0153350830078,-1.2425000667572,2020.76721191406,1296.14379882812,0.25243467092514,0.041806947439909,3
2622321.08948616,1134060.6595954,0,2373.42016601562,99.0073394775391,8.88248825073242,-0.692499995231628,2174.75830078125,1165.73620605469,0.271069020032883,0.0824668407440186,3
2622286.47405963,1133678.74740218,0,2383.27490234375,128.369659423828,19.2188987731934,-0.578750014305115,2278.52807617188,1091.958984375,0.231858804821968,0.0665999799966812,3
2622375.88679068,1133795.90100616,0,2370.0673828125,110.386085510254,19.1752529144287,-0.574999988079071,2263.71801757812,1095.00805664062,0.193572744727135,0.0643562152981758,3
2622624.89303504,1134267.80406955,0,2320.3291015625,77.5141220092773,22.5338344573975,-0.0625,2140.75122070312,1174.39538574219,0.123514540493488,0.210260257124901,3
2621157.85035264,1136712.76903502,1,2548.7119140625,17.1977157592773,19.1536922454834,-2.57874989509583,1408.30590820312,1845.36633300781,0.43474018573761,-0.112285621464252,3
2635412.76670505,1137804.58492896,1,2626.1826171875,220.594024658203,20.3664455413818,-2.74749994277954,1405.18017578125,1673.68969726562,0.445381313562393,-0.0131214810535312,1
2636021.8896755,1135716.09564179,1,2656.2470703125,324.082580566406,27.8953151702881,-2.02500009536743,1680.45581054688,1500.52612304688,0.275881677865982,-0.118274711072445,4
2636109.88020192,1135711.20727921,1,2686.79077148438,316.347320556641,30.0831470489502,-2.09999990463257,1685.19213867188,1495.40173339844,0.309492170810699,-0.115588076412678,4
2638809.04815357,1136170.27216093,0,2583.83715820312,70.989128112793,28.4965114593506,-1.875,1555.90307617188,1381.482421875,0.453032463788986,-0.0241051465272903,3
2611636.91996502,1139964.61770299,1,2725.48217773438,213.006378173828,28.469539642334,-2.33124995231628,993.19921875,2043.53796386719,0.419975459575653,0.00807675626128912,2
2611305.12596123,1140234.07258681,1,2906.51489257812,191.273727416992,35.2291603088379,-3.00500011444092,903.357482910156,2125.86206054688,0.511258482933044,-0.00801693182438612,2
2613087.41161483,1141291.11241391,0,2471.90893554688,167.255218505859,16.1939258575439,-0.752499997615814,1177.10290527344,1868.14831542969,0.393605500459671,0.0376800373196602,2
2615672.98516227,1141101.80951245,1,2651.58251953125,314.978363037109,22.3684978485107,-3.03999996185303,924.581115722656,2017.43896484375,0.792955935001373,-0.0638627558946609,2
2615442.33147954,1139390.96153917,1,2602.18286132812,325.555206298828,29.6647396087646,-2.10500001907349,1323.84558105469,1677.24340820312,-0.131633311510086,-0.107787519693375,2
2615917.88017466,1139510.8706654,1,2747.724609375,274.322082519531,25.7420635223389,-2.48968744277954,1271.57824707031,1720.53479003906,0.190032079815865,-0.0361514985561371,2
2615775.31776144,1139410.37864186,1,2706.1875,318.448883056641,31.5138854980469,-2.15000009536743,1323.93347167969,1674.74755859375,0.181271821260452,-0.0740114226937294,2
2614834.43989888,1139473.73971486,1,2493.75732421875,2.60581970214844,23.0503940582275,-1.75437498092651,1306.994140625,1729.28698730469,0.230092972517014,-0.0690192803740501,2
2618444.65843262,1137239.4102796,1,2694.46606445312,293.181182861328,18.2207298278809,-2.59375,1541.17175292969,1762.38647460938,0.180793926119804,0.00195587985217571,2
2580556.94527115,1120905.22849703,1,2689.21411132812,340.217376708984,33.014102935791,-1.12000000476837,1588.99645996094,1357.8828125,0.111305564641953,-0.129755884408951,2
2580329.02443506,1120861.21648281,1,2666.32934570312,321.49267578125,29.4691734313965,-1.15000009536743,1627.47399902344,1331.22839355469,0.429666727781296,-0.137138664722443,2
2580129.83443317,1120932.81204478,1,2591.92114257812,334.035827636719,22.6292839050293,-1.07500004768372,1563.30261230469,1373.005859375,0.387025713920593,-0.104602560400963,2
2579977.92477868,1120802.95338697,1,2630.05078125,342.847106933594,27.0591468811035,-1.20000004768372,1640.58410644531,1316.11999511719,0.329546004533768,-0.096435010433197,2
2580006.05812324,1120936.18450792,1,2558.80078125,343.160491943359,27.7156162261963,-1.07500004768372,1553.37036132812,1375.76086425781,0.355918943881989,-0.125038683414459,2
2579611.36643631,1120808.96710307,1,2627.41186523438,347.832763671875,32.8301658630371,-1.20000004768372,1599.34118652344,1334.89196777344,0.288890659809113,-0.106360368430614,2
2582679.57981695,1122554.45570735,0,2277.55932617188,181.575042724609,11.5364675521851,0.156874999403954,1582.80822753906,1394.07238769531,0.242021545767784,0.112103149294853,2
2582466.61069967,1122615.38171437,0,2336.583984375,136.292633056641,20.2776355743408,-0.2734375,1613.46850585938,1372.83813476562,0.233772039413452,0.0956260561943054,2
2581553.19919452,1121439.43680943,1,2626.39038085938,94.2119293212891,23.9745769500732,-1.45249998569489,1448.12902832031,1501.89599609375,0.614686250686646,-0.0397353991866112,2
2582171.82432014,1120913.92846883,1,2604.73120117188,83.2783050537109,36.606819152832,-1.21312499046326,1797.24353027344,1224.64660644531,0.115077547729015,0.000541672925464809,2
2587075.70947117,1126278.12033241,0,2286.34130859375,80.2429580688477,30.3965320587158,0.856562495231628,1741.83862304688,1279.5185546875,0.541471600532532,0.0219370368868113,2
2587012.7775872,1126462.87448681,0,2289.4013671875,96.1952667236328,28.5097961425781,0.982187509536743,1779.29418945312,1254.60705566406,0.437114536762238,0.0674050077795982,2
2597918.12453311,1130649.72366085,0,2201.4501953125,52.4775390625,18.4062786102295,1,1834.52575683594,1289.72326660156,0.0840401276946068,0.27408754825592,2
2610196.114364,1136615.25008272,1,2891.84692382812,147.516479492188,20.856876373291,-3.41249990463257,814.002380371094,2199.193359375,0.593050956726074,-0.0255392733961344,2
2610158.64632593,1136423.81942373,1,2832.5419921875,144.263946533203,25.3202705383301,-3.42499995231628,832.296813964844,2150.5517578125,0.550456643104553,-0.0223354045301676,2
2610093.65537828,1136344.62515645,1,2813.75170898438,158.977020263672,22.305736541748,-3.34999990463257,837.694519042969,2135.59814453125,0.577022910118103,-0.0245625749230385,2
2609097.46984395,1135283.24708269,1,2540.50927734375,326.053955078125,26.4477481842041,-1.875,1477.29675292969,1586.35168457031,0.335661053657532,-0.0947469621896744,2
2588303.80709193,1127347.19671493,0,2268.37768554688,186.899871826172,19.7921314239502,0.745000004768372,1803.23266601562,1291.03918457031,0.334516108036041,0.109212569892406,2
2593847.91031654,1129968.68590952,1,2559.3056640625,43.2593078613281,20.4234561920166,-0.390625,1562.84057617188,1471.24438476562,0.558401346206665,-0.0370567552745342,2
2618166.33772177,1135051.81191573,0,2525.12084960938,140.366134643555,19.8549365997314,-1.375,2151.884765625,1366.30651855469,0.224839299917221,0.0790993571281433,2
2618092.63802017,1133172.26291641,0,2271.52514648438,143.433746337891,19.1642360687256,0.595000028610229,2433.810546875,981.459777832031,0.092091903090477,0.280554234981537,1
2620100.39381754,1136844.80507002,1,2749.0224609375,282.930297851562,25.1614761352539,-2.84999990463257,1353.93237304688,1948.63171386719,0.339378297328949,-0.024512181058526,2
2620131.0654412,1136992.39757111,1,2768.033203125,240.345230102539,24.6213760375977,-3,1322.27551269531,1977.83288574219,0.357133120298386,-0.0332970358431339,2
2620052.12185455,1136630.85402423,0,2694.95336914062,242.924621582031,18.6165218353271,-2.625,1400.66271972656,1905.47961425781,0.230597883462906,0.078708253800869,2
2620096.68778137,1136466.00386279,0,2653.7080078125,229.559295654297,21.5215339660645,-2.48000001907349,1427.01281738281,1880.84301757812,0.242892950773239,0.0767826959490776,2
2619408.36134848,1137048.17370205,1,2753.52661132812,133.276580810547,30.7780055999756,-3.03999996185303,1360.38208007812,1945.96862792969,0.406211584806442,0.00383252510800958,2
2619581.24079912,1136746.13526563,1,2660.45092773438,54.892520904541,9.1010570526123,-2.75,1404.87316894531,1905.20068359375,0.600228786468506,-0.0284052155911922,1
2619702.30861317,1136559.29423312,0,2617.125,179.724075317383,11.0160055160522,-2.54999995231628,1432.28869628906,1877.29113769531,0.432246118783951,0.0538663938641548,1
2619550.55767198,1136453.02351353,1,2629.03759765625,134.915313720703,22.003849029541,-2.40499997138977,1449.28186035156,1865.81787109375,0.399427860975266,0.0254206452518702,1
2619449.66153077,1136136.43029097,1,2538.3203125,181.346130371094,14.3629264831543,-1.79999995231628,1497.01171875,1829.611328125,0.366051912307739,0.0593503527343273,2
2620224.2253262,1136257.39375885,0,2554.09155273438,266.022064208984,11.3971872329712,-2.36249995231628,1468.45153808594,1842.24230957031,0.084192268550396,0.0998633652925491,2
2620488.58209191,1136125.95974365,1,2640.53149414062,284.354278564453,26.7842864990234,-2.49296879768372,1477.82360839844,1816.47912597656,0.10733375698328,-0.0774707794189453,2
2620391.60343142,1136062.06792034,1,2612.01098632812,306.351867675781,28.1993675231934,-2.41000008583069,1507.70947265625,1800.77209472656,-0.00622261920943856,-0.0630456134676933,2
2620271.86955872,1135864.91075207,1,2608.45043945312,307.833679199219,21.2407398223877,-2.21875,1598.31213378906,1736.64001464844,-0.163345053792,-0.0859899073839188,3
2620088.16852254,1135334.46877042,0,2530.01538085938,244.122421264648,14.9487819671631,-1.59500002861023,1862.57971191406,1533.89392089844,0.300447762012482,0.0268904827535152,3
2620345.70178468,1135021.98600753,1,2551.86401367188,278.31884765625,10.148609161377,-2.0931248664856,1991.27185058594,1433.24401855469,0.0211168359965086,0.0521701090037823,2
2620053.27402333,1134844.25603788,1,2452.2802734375,294.049011230469,14.8012762069702,-1.16124999523163,2015.54772949219,1408.21228027344,-0.0172029789537191,0.0274869371205568,2
2620656.95925708,1134632.57440775,0,2578.55151367188,186.264587402344,21.4777927398682,-2.48125004768372,1948.11853027344,1416.86401367188,0.279969274997711,0.0795204564929008,2
2621554.52171852,1134018.16546808,0,2496.86694335938,152.840957641602,12.5404357910156,-1.49749994277954,2013.62451171875,1335.9677734375,0.17866076529026,0.0699433162808418,3
2621375.25613329,1133995.14053064,0,2493.86157226562,133.4228515625,6.20722341537476,-1.5625,2006.68835449219,1334.21252441406,0.168298959732056,0.209595113992691,3
2621772.46742164,1133706.60491986,0,2403.29223632812,162.848999023438,16.225378036499,-0.790000021457672,2153.90942382812,1224.560546875,0.165764927864075,0.0664863064885139,3
2621850.39102801,1133646.5748824,0,2390.94799804688,197.395660400391,19.5097751617432,-0.694999992847443,2188.626953125,1191.54760742188,0.184372961521149,0.0667016357183456,3
2621126.18642389,1133517.30533425,0,2408.47875976562,167.142379760742,15.7695846557617,-0.915624976158142,2137.98876953125,1196.70373535156,0.0626423433423042,0.259451299905777,3
2621079.37587598,1133614.62199948,0,2441.76586914062,155.938003540039,17.5810356140137,-1.12187504768372,2100.32104492188,1228.56372070312,0.116630226373672,0.153221696615219,3
2572152.13496288,1110131.17356713,0,1681.33666992188,170.685455322266,24.533182144165,4.3125,3463.16552734375,296.954864501953,-0.33402556180954,0.696255922317505,3
2574704.57305172,1115047.74549328,1,2533.89868164062,4.07740783691406,16.8772716522217,-1.29999995231628,1475.70556640625,1525.54760742188,0.701377332210541,-0.135124504566193,2
2575029.3290029,1115042.6239019,1,2464.14306640625,36.9145889282227,19.5106239318848,-0.975000023841858,1438.14965820312,1543.25866699219,0.56966906785965,-0.163210734724998,2
2574952.82369847,1115224.13316343,0,2429.64111328125,111.232131958008,21.7513675689697,-1.04999995231628,1421.56372070312,1559.85949707031,0.714767277240753,-0.0872453972697258,2
2575404.84979355,1115563.99137379,1,2355.7236328125,3.97279357910156,13.1462984085083,-0.479999989271164,1433.35375976562,1554.09948730469,0.0141808521002531,0.0231260601431131,2
2574439.63660842,1115310.11956634,1,2577.29028320312,33.000732421875,31.335620880127,-1.47500002384186,1477.38684082031,1516.86511230469,0.656776189804077,-0.179028451442719,2
2574900.51251641,1115523.24189634,1,2431.32666015625,21.5461273193359,25.3970928192139,-1.04750001430511,1402.9072265625,1578.34655761719,0.69532299041748,-0.137331113219261,2
2574131.11919249,1115697.59272286,0,2348.82373046875,29.8912887573242,10.6446714401245,-1.26250004768372,1439.65808105469,1532.51159667969,0.399970680475235,-0.136450454592705,2
2574323.46752342,1115744.83617244,0,2324.69067382812,10.6378479003906,17.8518505096436,-1.02812504768372,1404.53649902344,1565.72045898438,0.443495362997055,-0.130391061306,2
2573700.52548977,1116108.83945009,1,2614.31030273438,64.7282180786133,26.8000392913818,-1.6800000667572,1337.40002441406,1604.29467773438,0.66692578792572,-0.0281133279204369,2
2573383.37380168,1116604.68935588,1,2680.5732421875,67.9393997192383,25.727087020874,-2.30000019073486,1277.08312988281,1651.51611328125,0.727383494377136,-0.124204933643341,2
2573978.8891834,1117331.11817301,1,2586.18432617188,151.778335571289,24.4845428466797,-0.950937509536743,1277.10278320312,1652.14306640625,0.560364007949829,-0.00797289703041315,2
2573234.95014233,1116164.79518271,1,2615.01440429688,238.655410766602,15.5991373062134,-2.17499995231628,1333.40270996094,1606.2626953125,0.788524746894836,-0.0466433763504028,2
2572843.51498764,1114635.63631019,0,2357.88745117188,97.3478164672852,13.4540205001831,-0.165624991059303,1819.79748535156,1200.73071289062,0.348298877477646,0.122223138809204,2
2573525.12302775,1115232.59686406,0,2270.13989257812,263.233581542969,13.2166013717651,-0.829687476158142,1609.888671875,1397.10656738281,0.207537308335304,0.277886778116226,2
2574121.51552738,1114769.02608124,0,2405.78076171875,248.912628173828,8.61380386352539,-0.8203125,1655.53759765625,1382.28186035156,0.451219767332077,0.119903728365898,2
2574149.79693867,1114367.6125046,0,2372.1279296875,261.454040527344,8.09563732147217,-0.543749988079071,1723.06921386719,1346.34533691406,0.286403715610504,0.20882710814476,2
2573997.44224024,1114164.1688056,0,2309.75463867188,254.202865600586,3.13024640083313,-0.0874999985098839,1761.76342773438,1323.95263671875,0.15678396821022,0.274642825126648,2
2574008.57413333,1113843.3886327,0,2286.77880859375,281.573364257812,7.33509397506714,0.0750000029802322,1869.42980957031,1266.33422851562,0.173965260386467,0.274796903133392,2
2572745.25116745,1114038.67508709,0,2317.07641601562,108.61009979248,16.8598613739014,-0.125,1919.51599121094,1112.01037597656,0.199587479233742,0.208009719848633,2
2572694.00525395,1113654.91579048,0,2279.78100585938,146.491851806641,18.9274749755859,-0.200000002980232,2000.10412597656,1060.91845703125,0.16339348256588,0.208160623908043,2
2572623.39910904,1113189.78151993,0,2277.27075195312,170.391448974609,9.77938079833984,0.0812499970197678,2087.51293945312,997.088562011719,0.231394246220589,0.0644049271941185,2
2572891.07557894,1113075.24089095,0,2196.5439453125,57.3133087158203,2.73627471923828,0.482500016689301,2103.54663085938,1053.51782226562,0.159686997532845,0.194746017456055,2
2572927.86955176,1112344.03577594,0,2170.3681640625,68.0795440673828,5.75616550445557,1.12750005722046,2305.56127929688,890.454956054688,0.0585278533399105,0.216088935732841,2
2572965.56002505,1112920.70002096,0,2187.39990234375,97.0575942993164,6.54724502563477,0.665312528610229,2142.48657226562,1038.51086425781,0.11197804659605,0.266853451728821,2
2572275.67341547,1111630.85787208,0,2007.62646484375,326.622650146484,8.92591667175293,1.45000004768372,2698.19580078125,564.704650878906,-0.112624458968639,0.476288199424744,2
2571550.30792399,1114143.67775979,0,2032.12072753906,20.1874771118164,16.4337139129639,2.16000008583069,2275.79565429688,709.543151855469,-0.197974473237991,0.30452561378479,2
2571686.69485682,1114451.85977148,0,1957.16125488281,310.110412597656,12.287501335144,2.3050000667572,2285.01953125,717.154541015625,-0.342537969350815,0.739139914512634,2
2570268.12704212,1113773.82387839,0,1309.27526855469,255.398696899414,14.1598672866821,5.72562503814697,3358.49780273438,312.944580078125,-0.297418892383575,0.793040335178375,2
2570361.64140271,1114037.36434922,0,1380.55358886719,256.700805664062,25.3621597290039,5.44624996185303,3224.63525390625,349.636444091797,-0.34118065237999,0.81290066242218,3
2575923.55303092,1115805.85447529,0,2229.39916992188,26.0981941223145,20.8614387512207,0.396250009536743,1662.04174804688,1372.73095703125,-0.0571511387825012,0.194675415754318,2
2575588.99685772,1115763.73781955,0,2284.1455078125,340.659606933594,26.0199394226074,0.0212500002235174,1524.87719726562,1486.24291992188,-0.204873204231262,0.0712115094065666,2
2605334.0151973,1135557.97020794,1,2646.23608398438,86.14013671875,22.4555854797363,-2.66624999046326,922.853576660156,2083.48876953125,0.577841937541962,-0.0179138015955687,2
2609988.45553898,1136419.73092834,1,2874.22705078125,161.528717041016,26.1842136383057,-3.42499995231628,831.886901855469,2164.23071289062,0.495387941598892,-0.00681571522727609,2
2611617.71638576,1139099.70305146,0,2303.95727539062,163.177398681641,7.7315526008606,-1.09999990463257,1189.16870117188,1926.73620605469,0.348603844642639,0.197166338562965,2
2618314.46903496,1137182.90976355,1,2661.68383789062,289.177917480469,19.4764022827148,-2.29781246185303,1564.27563476562,1727.0595703125,0.186758831143379,-0.000766063516493887,2
2573050.00318587,1112160.61086006,0,2205.22680664062,67.5556030273438,30.4333763122559,1.38499999046326,2356.82299804688,872.95263671875,0.155479103326797,0.164433866739273,2
2575039.6429865,1114749.51245919,1,2600.9541015625,85.0860595703125,26.0703907012939,-0.949999988079071,1537.56127929688,1466.78161621094,0.707788825035095,-0.0361676439642906,2
2573897.84332726,1113094.71190636,0,1999.98059082031,272.646057128906,3.1027238368988,0.960000038146973,2149.48486328125,1114.61669921875,0.102230973541737,0.307120859622955,2
2574178.73321879,1113693.66065059,0,2361.93286132812,251.477188110352,21.6375942230225,-0.14750000834465,1925.408203125,1235.994140625,0.30070635676384,0.170611351728439,2
2574197.53816617,1113995.06385619,0,2383.44775390625,292.059875488281,21.7210083007812,-0.400000005960464,1812.333984375,1297.27990722656,0.304295539855957,0.114639937877655,2
2576071.54513181,1119548.00295432,0,2351.283203125,39.280948638916,13.6029434204102,-0.982500016689301,1538.79699707031,1422.57580566406,0.512495875358582,0.0240847505629063,2
2576538.20363684,1118684.35783511,0,2092.97338867188,161.304382324219,20.3871288299561,0.737500011920929,1738.39880371094,1310.626953125,0.0651280581951141,0.359751611948013,2
2576188.17590991,1118762.26010511,0,2214.01342773438,120.13988494873,23.8104343414307,-0.0125000001862645,1607.21667480469,1396.58239746094,0.212050154805183,0.279783099889755,2
2575494.2777682,1117555.78751056,0,2210.70043945312,118.234260559082,17.9522361755371,0.861718773841858,1556.27966308594,1423.33947753906,0.243313804268837,0.246537536382675,2
2576631.53603772,1116881.65286618,0,2069.58276367188,36.0673599243164,15.8792705535889,1.25,1769.72314453125,1286.72998046875,-0.105539292097092,0.349717944860458,2
2619182.59897278,1138278.49702182,1,2578.29052734375,321.497253417969,29.744068145752,-1.77031254768372,1529.05786132812,1836.12768554688,0.108490817248821,-0.076078973710537,2
2621391.88533514,1138537.46099103,1,2477.12841796875,23.4959487915039,17.710823059082,-2.50250005722046,1408.6748046875,1834.6728515625,0.234271004796028,-0.079760953783989,3
2622012.31984472,1138807.21512563,1,2373.08056640625,346.590423583984,22.2057266235352,-1.85000002384186,1467.00756835938,1760.12658691406,0.0512481816112995,-0.0656818598508835,3
2579989.65512329,1121011.84717834,1,2522.12622070312,349.372344970703,29.0110645294189,-1,1499.40454101562,1412.28515625,0.36649414896965,-0.121104076504707,2
2619549.42493567,1136714.93355972,1,2666.5712890625,42.0584716796875,9.57421970367432,-2.72499990463257,1408.54211425781,1902.45776367188,0.674803614616394,-0.0394621528685093,1
2619569.36029018,1136644.62102558,1,2670.10229492188,64.0053939819336,10.4146718978882,-2.65000009536743,1419.69897460938,1891.68408203125,0.602737188339233,-0.0184623561799526,1
2606019.45838013,1099508.6184698,1,2829.94116210938,303.395111083984,31.887752532959,-3.59968757629395,1794.02160644531,1521.31433105469,0.0399641394615173,-0.128437161445618,4
2606019.45838013,1099508.6184698,1,2829.94116210938,303.395111083984,31.887752532959,-3.59968757629395,1794.02160644531,1521.31433105469,0.0399641394615173,-0.128437161445618,4
2601553.72324506,1102574.89093758,1,2971.75219726562,95.2290267944336,35.1002197265625,-4.27874994277954,1246.5849609375,1999.01306152344,0.509986519813538,-0.0245934333652258,5
2627221.19901756,1122093.44631255,0,2472.57763671875,54.1685028076172,21.4519233703613,-0.942499995231628,1662.72546386719,1625.52172851562,0.369663596153259,0.0396878533065319,1
2629083.47586218,1121864.37665818,0,2373.70654296875,29.4759407043457,22.8254718780518,-0.707812488079071,1695.81945800781,1443.06909179688,0.160125777125359,0.149858936667442,3
2624085.32233182,1123466.83547869,0,2408.42944335938,23.5924987792969,27.7057056427002,-1.36437499523163,1885.04406738281,1361.64306640625,0.13032329082489,0.194219082593918,3
2624050.57324278,1123226.33520387,1,2535.740234375,13.8770217895508,30.3870410919189,-1.55124998092651,1867.06079101562,1400.23291015625,0.232052519917488,-0.00847217906266451,3
2624190.48404911,1123331.49692094,1,2458.27734375,9.36079406738281,31.2203979492188,-1.2224999666214,1892.59448242188,1392.79052734375,0.171943560242653,-0.00151455134619027,3
2624553.52058568,1123860.96330529,0,2257.14892578125,45.8585586547852,16.893346786499,0.108750000596046,1994.41552734375,1281.10266113281,0.10173637419939,0.343909293413162,3
2624282.84347015,1123677.15891287,0,2329.44750976562,64.1749267578125,14.0857963562012,-0.667812466621399,1930.03918457031,1328.02416992188,0.140208318829536,0.144958481192589,3
2624520.3717839,1123114.88664471,0,2574.08813476562,104.538383483887,25.6400012969971,-0.828125,1914.93823242188,1459.1240234375,0.354318022727966,0.0911678224802017,3
2624892.55281793,1123023.89889796,0,2437.07739257812,174.364532470703,5.18796110153198,-0.185000002384186,2001.80529785156,1369.30017089844,0.312680602073669,0.0936045497655869,3
2625109.38196574,1123236.54904168,0,2348.373046875,69.8245239257812,15.9286155700684,0.28999999165535,2076.60424804688,1248.07458496094,0.301423996686935,0.140386402606964,3
2649428.57340521,1123702.49839982,0,2973.77685546875,165.493377685547,28.424015045166,-3.41000008583069,1186.05432128906,1943.91296386719,0.285845041275024,0.0506243258714676,2
2652519.73280221,1120456.24691754,1,2702.63549804688,252.877700805664,18.8635845184326,-2.42624998092651,1281.13232421875,1466.42590332031,0.853808999061584,-0.0691990703344345,3
2652423.19589049,1120174.54904382,1,2650.47021484375,267.151245117188,14.8985023498535,-2.22562503814697,1427.26721191406,1354.32165527344,0.683492720127106,-0.0441330634057522,3
2648413.35326115,1118256.86703171,1,2345.853515625,309.922607421875,29.742790222168,-0.00312499958090484,2138.75170898438,937.500244140625,-0.129428163170815,0.0950947403907776,3
2648732.35273477,1118505.61085655,0,2421.57104492188,270.707489013672,12.831690788269,-0.942734360694885,1965.98193359375,1044.88073730469,0.00536201661452651,0.207404002547264,3
2648430.76155655,1118608.19808774,0,2350.18041992188,258.104553222656,11.4991092681885,-0.398750007152557,2043.73596191406,1015.03149414062,0.18244968354702,0.203689843416214,1
2648665.77354676,1118924.71255252,0,2442.05102539062,266.568176269531,20.8003158569336,-0.924374997615814,1850.93811035156,1145.77282714844,0.353563606739044,0.046944547444582,1
2649264.1839825,1119955.41559369,1,2866.3349609375,254.454193115234,29.3326930999756,-3.72499990463257,1503.38562011719,1401.28735351562,0.627677381038666,-0.0425454787909985,3
2649008.79609807,1119471.49129046,1,2627.001953125,288.900146484375,29.9451198577881,-1.98749995231628,1644.33264160156,1297.75817871094,0.352850914001465,-0.0596256367862225,3
2647872.50916764,1120476.82036021,1,2767.18115234375,176.909225463867,25.0248737335205,-3.05937504768372,1635.21545410156,1363.49914550781,0.473557621240616,-0.0177594162523746,3
2643531.51328023,1116436.51321798,1,2687.45263671875,91.116455078125,24.0519332885742,-3.42500019073486,1070.17407226562,1894.84936523438,0.651029825210571,-0.046343557536602,3
2644019.73684245,1116952.43179553,1,2643.505859375,117.114379882812,25.9431400299072,-1.94749999046326,1332.203125,1592.53344726562,0.604886829853058,-0.0212400685995817,3
2644491.34339575,1116536.21527393,0,2331.80541992188,114.231147766113,8.53272151947021,-0.533906221389771,1286.21154785156,1632.19787597656,0.401513606309891,0.0599110163748264,3
2644995.39268095,1117585.46072483,0,2323.44409179688,108.365455627441,10.3879251480103,-0.0812499970197678,1604.83630371094,1392.005859375,0.346606642007828,0.0527434609830379,3
2644395.59776942,1117715.23165575,1,2477.89111328125,101.696189880371,14.8227081298828,-1.01499998569489,1394.96301269531,1571.39733886719,0.239928096532822,0.00759356142953038,3
2646767.08239837,1119969.60593079,1,2454.45483398438,227.106353759766,22.1527519226074,-1.00968754291534,2134.93505859375,1059.19970703125,0.0971779525279999,0.0476701781153679,1
2647303.57441668,1120195.91377291,1,2735.26733398438,219.042114257812,32.5769538879395,-2.36999988555908,1951.447265625,1152.98181152344,0.325152426958084,0.00488210376352072,3
2647094.67486982,1119935.58062564,1,2539.955078125,199.50634765625,24.6926593780518,-1.25999999046326,2087.68090820312,1072.59790039062,0.220419391989708,0.0289056152105331,1
2646076.28957804,1120241.41272789,1,2404.53979492188,241.12353515625,24.438325881958,-0.509374976158142,2077.314453125,1099.005859375,0.146998226642609,0.0568474754691124,1
2645946.51864705,1120764.4528812,1,2339.26000976562,305.308532714844,35.1667098999023,-0.327499985694885,2095.615234375,1147.35803222656,-0.0306649282574654,0.0618085116147995,3
2646193.39992981,1120868.11136833,1,2430.63208007812,313.144165039062,34.348705291748,-0.925000011920929,2036.08972167969,1191.53479003906,-0.0410135015845299,0.0448618419468403,3
2644021.31941165,1122862.94378453,0,2332.28247070312,149.570434570312,21.1442852020264,-0.0078125,2054.23071289062,1277.67236328125,0.163180261850357,0.240495786070824,3
2641910.16793065,1119911.05075733,1,2455.224609375,7.68276214599609,24.3586711883545,-1.33999991416931,1831.74108886719,1458.03588867188,0.253665238618851,0.0171505436301231,3
2643740.41282644,1117939.16564001,1,2552.22924804688,354.786804199219,14.3830814361572,-0.787500023841858,1341.03381347656,1671.99560546875,0.384444057941437,-0.0396181531250477,3
2642485.4329709,1120230.73036658,0,2307.23559570312,93.76025390625,11.5303297042847,-0.793125033378601,1857.0712890625,1409.02734375,0.29144099354744,0.203938543796539,1
2646955.40887485,1119889.36193378,1,2476.40185546875,220.807159423828,28.0980529785156,-0.985000014305115,2122.16479492188,1058.06225585938,0.200368851423264,0.0249805878847837,1
2645789.37501651,1121187.53718397,0,2186.05590820312,348.511260986328,17.7941436767578,0.370000004768372,2099.64721679688,1189.45373535156,0.0996464639902115,0.0901335626840591,3
2646237.94114853,1121617.15619465,0,2129.20947265625,322.410400390625,14.9565887451172,0.015625,2001.55603027344,1280.19982910156,0.0788265764713287,0.215999275445938,3
2648250.31650188,1118207.01644516,0,2280.59936523438,288.012878417969,22.5082530975342,0.362500011920929,2211.44677734375,902.692199707031,-0.0304103381931782,0.280176281929016,3
2648235.12036983,1118020.76928031,1,2291.66577148438,281.866760253906,26.5136737823486,0.690312504768372,2295.0283203125,860.14111328125,-0.214062884449959,0.178887963294983,3
2648313.59007354,1118388.10977101,0,2313.4287109375,231.05729675293,16.5412139892578,-0.0787499994039536,2126.40185546875,955.732116699219,0.115463085472584,0.248451828956604,1
2649033.01163827,1119382.42400319,1,2625.6103515625,254.338882446289,31.7293853759766,-2.00937509536743,1653.05859375,1289.80053710938,0.365880846977234,-0.0418671816587448,3
2645830.68560965,1120516.64239773,0,2299.2294921875,263.717895507812,21.8190975189209,-0.121250003576279,2114.34912109375,1117.24401855469,0.278116017580032,0.0970813855528831,3
2642546.74061728,1120159.53702051,0,2277.0986328125,90.8291625976562,14.4372158050537,-0.757499992847443,1841.93017578125,1417.45483398438,0.322564691305161,0.172400549054146,1
2642252.30549925,1120573.90376749,0,2363.15087890625,35.244083404541,14.6743755340576,-0.787500023841858,1915.56909179688,1391.62512207031,0.271465212106705,0.191092014312744,1
2642149.05052174,1120649.0577068,0,2376.21044921875,45.9151725769043,8.74984931945801,-0.894999980926514,1920.15734863281,1392.11804199219,0.286090046167374,0.0921502858400345,1
2642064.85613783,1120726.83705429,0,2378.73754882812,54.598014831543,19.3597564697266,-0.958750009536743,1924.17736816406,1392.63635253906,0.262137860059738,0.183246254920959,1
2641877.16001998,1120755.30510305,0,2439.23901367188,77.1094741821289,24.4984378814697,-1.0625,1908.74597167969,1401.93811035156,0.273078382015228,0.16322535276413,2
2642122.33882289,1118226.39630373,0,2610.16479492188,0.766426086425781,3.63434100151062,-1.671875,1541.57934570312,1780.55871582031,0.598045110702515,-0.0343798212707043,3
2644927.5050521,1117420.27722874,0,2331.3154296875,60.1772842407227,19.0145740509033,-0.394374996423721,1548.31103515625,1432.25634765625,0.175108626484871,0.100527659058571,3
2646390.87915401,1120691.65509127,1,2602.58178710938,276.37353515625,24.4585247039795,-1.78999996185303,2001.90966796875,1193.19421386719,0.422130674123764,-0.0719588845968246,1
2646572.39017672,1120331.36074256,1,2600.845703125,214.376770019531,26.2640571594238,-1.9690625667572,2059.349609375,1116.65356445312,0.112446747720242,0.053979579359293,3
2646411.5103588,1120271.95896364,1,2524.55908203125,210.459091186523,30.1111145019531,-1.4412499666214,2072.81591796875,1103.05236816406,0.0648243278264999,0.0609374903142452,1
2646279.09389327,1120231.12024063,1,2464.21435546875,211.146942138672,30.8328075408936,-0.966562509536743,2083.52807617188,1094.94372558594,0.114280059933662,0.0626923590898514,1
2649151.17026693,1120047.71398515,1,2815.5615234375,275.45068359375,14.203950881958,-3.54999995231628,1527.60375976562,1387.47644042969,0.906609892845154,-0.0759434103965759,3
2648106.535806,1120639.60955815,1,2821.77978515625,177.83186340332,19.6594123840332,-2.77999997138977,1465.79602050781,1496.39526367188,0.466178983449936,-0.00351471570320427,3
2621593.4610607,1114845.23752966,1,2689.76928710938,324.090637207031,31.0010356903076,-2.34999990463257,1833.07604980469,1736.39428710938,0.484260559082031,-0.199284717440605,3
2622663.97445158,1115446.92898875,1,2855.79858398438,272.882080078125,28.2541694641113,-3.54124999046326,1475.17199707031,2002.30517578125,0.605938732624054,-0.08344516903162,3
2622105.77330103,1115626.67905411,0,2662.39306640625,242.124969482422,21.656177520752,-2.625,1693.61071777344,1842.15478515625,0.527877628803253,-0.063612587749958,1
2621934.41751433,1115702.73682909,0,2644.96850585938,210.950073242188,11.8865404129028,-2.26500010490417,1787.05407714844,1772.69653320312,0.376593232154846,0.0735724270343781,1
2621378.46461247,1116774.08974695,1,2494.46899414062,313.469848632812,33.360767364502,-0.5859375,2111.21313476562,1456.60339355469,0.105892211198807,-0.0541151352226734,3
2621712.53617458,1117077.46949009,0,2373.58203125,352.932861328125,17.7528285980225,-0.481562495231628,1967.6640625,1589.0732421875,0.238581970334053,0.0893801674246788,1
2623079.41773792,1116858.80530765,1,2808.2255859375,354.119812011719,13.0053339004517,-3.09875011444092,1685.44946289062,1853.16467285156,0.433963537216187,-0.0124999014660716,3
2624237.21818351,1115495.52250797,1,2670.736328125,118.169105529785,15.5703964233398,-2.7857813835144,1394.65368652344,1917.14184570312,0.469358831644058,-0.00550815975293517,1
2623283.2033051,1115985.21244454,1,2920.42846679688,134.251541137695,19.3550243377686,-3.76125001907349,1549.90625,1936.3505859375,0.360379308462143,0.016280934214592,3
2624162.10209444,1115630.73020996,1,2723.44775390625,147.941680908203,13.0868692398071,-2.97499990463257,1406.28723144531,1915.74243164062,0.419881254434586,0.0185232907533646,1
2623626.80961392,1115513.73705834,1,2770.45556640625,1.09810638427734,18.260217666626,-3.40000009536743,1411.27429199219,1992.21765136719,0.651079773902893,-0.0948056057095528,3
2623649.16632375,1117343.96838582,1,2701.31567382812,304.834533691406,17.4038391113281,-2.90499997138977,1607.51245117188,1901.78686523438,0.474451959133148,-0.0180150214582682,3
2624080.06507604,1117628.50873803,1,2821.9150390625,245.808059692383,12.3594093322754,-3.07500004768372,1568.24084472656,1897.95788574219,0.476852029561996,-0.0146680930629373,3
2624286.11153926,1115756.92004052,0,2765.69189453125,170.519866943359,19.6145896911621,-2.97499990463257,1438.30725097656,1865.62548828125,0.327767670154572,0.0322181843221188,1
2624847.01579761,1115818.24339205,0,2612.06396484375,148.650024414062,29.7838764190674,-2.47499990463257,1550.14099121094,1694.04370117188,0.398988097906113,0.0540988147258759,1
2623565.35774355,1116007.52813864,0,2837.92041015625,222.40771484375,16.8280811309814,-3.92499995231628,1491.97729492188,1935.24755859375,0.452273368835449,-7.30786196072586e-05,3
2623600.51646523,1116122.81604003,1,2871.51342773438,194.012619018555,26.0276622772217,-4.02500009536743,1502.56726074219,1924.1796875,0.563823044300079,-0.0213001016527414,3
2623365.852439,1115660.02914511,0,2809.498046875,92.6711120605469,21.4657554626465,-3.61249995231628,1475.93395996094,1977.1142578125,0.563336312770844,-0.0709959641098976,1
2623341.3230982,1115760.5994421,0,2808.55517578125,105.980003356934,20.2935047149658,-3.67499995231628,1497.14758300781,1964.70251464844,0.560793876647949,-0.0315769091248512,1
2622724.81900001,1117283.87150151,1,2540.9794921875,351.513580322266,15.6975412368774,-2.00062489509583,1884.56774902344,1673.47424316406,0.136116936802864,0.0721592679619789,1
2621987.30348843,1116948.63717863,1,2468.07568359375,339.462646484375,34.2138862609863,-1.17062497138977,1920.24877929688,1636.15563964844,0.391348749399185,-0.131655484437943,3
2622247.31450028,1117046.7545414,1,2496.43334960938,324.423217773438,24.458423614502,-1.49374997615814,1927.2197265625,1626.99108886719,0.0944349244236946,0.0703859180212021,3
2622507.32551248,1116466.22681075,1,2772.66552734375,296.423858642578,18.6563282012939,-2.53078126907349,1720.93017578125,1806.26489257812,0.420727431774139,-0.0185072459280491,3
2622369.9612043,1116479.30912588,1,2748.63110351562,357.092651367188,13.3598489761353,-2.39687490463257,1753.87390136719,1780.94616699219,0.218185469508171,0.0150067452341318,3
2622755.88949854,1116788.78764117,1,2832.49096679688,287.459716796875,26.5257987976074,-2.625,1765.9560546875,1773.63159179688,0.172545686364174,0.0368496663868427,3
2622641.8280638,1117322.30080202,1,2507.58642578125,317.4169921875,19.1227188110352,-1.8512499332428,1920.16088867188,1637.46984863281,0.201926127076149,0.0907556489109993,1
2623424.31403335,1117804.71116924,1,2686.63549804688,219.982604980469,7.08196830749512,-2.42499995231628,1790.49792480469,1807.60498046875,0.499801933765411,0.00170982698909938,3
2622756.63742095,1118030.61829307,1,2615.20263671875,231.02067565918,10.3607349395752,-1.75,2029.05126953125,1557.48547363281,0.225675672292709,0.0468549355864525,3
2621643.42694784,1117342.00972799,0,2312.50146484375,321.331115722656,20.0700721740723,0.283749997615814,2047.95922851562,1510.8603515625,0.224221602082253,0.0252655167132616,1
2623987.64618529,1117328.68711218,1,2798.044921875,299.702026367188,30.379940032959,-3.17499995231628,1518.20495605469,1923.57543945312,0.347985684871674,-0.0633187368512154,3
2623771.27931453,1117743.79609391,1,2753.12255859375,253.79524230957,28.5163078308105,-2.77500009536743,1667.65344238281,1885.3642578125,0.485726058483124,-0.0127266701310873,3
2623332.80273289,1116949.57253683,1,2772.91577148438,324.952392578125,28.3516044616699,-3.3287501335144,1624.41589355469,1893.23962402344,0.356490075588226,-0.0166590884327888,3
2622136.64368496,1118514.56128879,1,2366.4169921875,298.535247802734,32.886417388916,-0.5625,2136.9970703125,1384.13952636719,0.158199161291122,0.00558252912014723,1
2621066.80089837,1116502.60526643,0,2446.64526367188,305.202758789062,34.5756340026855,-0.428515613079071,2231.50219726562,1346.21484375,0.103977955877781,0.0659335777163506,1
2620989.24310856,1116621.92494291,0,2365.03491210938,326.27099609375,18.1023273468018,-0.09375,2262.45751953125,1326.93908691406,0.126535341143608,0.0591603480279446,1
2622339.83040249,1115925.90440733,1,2773.900390625,331.009429931641,29.0479145050049,-2.83874988555908,1624.16748046875,1893.48547363281,0.624864518642426,-0.0904890820384026,3
2621940.86739438,1115953.90181158,0,2710.40112304688,265.343994140625,6.30567979812622,-2.19749999046326,1809.45336914062,1754.19006347656,0.427083909511566,0.0960518345236778,3
2621616.29748861,1115826.71360476,0,2644.20629882812,193.880355834961,13.108811378479,-1.70937502384186,1941.17102050781,1636.67553710938,0.425299048423767,0.0247301533818245,1
2621852.27560875,1115703.52502679,0,2634.97729492188,215.767044067383,10.1767673492432,-2.13000011444092,1822.36486816406,1746.57385253906,0.381318062543869,0.103206850588322,1
2621456.51230393,1115795.51649746,0,2601.96044921875,221.305389404297,12.5919504165649,-1.375,2017.82604980469,1559.82458496094,0.41266068816185,0.0236190389841795,1
2621285.32817607,1115943.50277612,0,2568.01806640625,251.338317871094,25.8380470275879,-0.9375,2113.87719726562,1464.0458984375,0.226900979876518,0.141607269644737,3
2622296.89951459,1115437.90024691,1,2728.2548828125,255.946746826172,20.3569507598877,-3.15000009536743,1570.0859375,1933.1826171875,0.517533361911774,-0.0383249297738075,3
2624073.07146611,1116026.85265312,1,2931.90966796875,191.773254394531,26.1935386657715,-3.45000004768372,1456.50122070312,1878.43957519531,0.222880870103836,0.0198644865304232,3
2621999.74493695,1115290.23111618,1,2645.75952148438,320.122894287109,28.4729042053223,-2.70000004768372,1695.70483398438,1842.94384765625,0.598442554473877,-0.138049826025963,3
2622047.46624808,1115475.77910902,1,2625.22924804688,306.639587402344,10.6090898513794,-2.625,1695.86389160156,1841.40246582031,0.561456978321075,-0.0364766456186771,1
2622176.30884653,1115436.77162096,1,2665.1171875,303.367492675781,21.7186794281006,-2.92499995231628,1627.36364746094,1891.58142089844,0.600605070590973,-0.130949229001999,3
2622123.1652535,1115704.70390161,0,2682.84204101562,238.5693359375,22.9416313171387,-2.625,1692.89208984375,1842.35729980469,0.51830381155014,-0.0263155214488506,3
2621532.90581292,1115337.44812113,1,2511.3505859375,294.205474853516,15.3427677154541,-1.72500002384186,1928.05224609375,1644.41369628906,0.207745090126991,-0.0347314663231373,1
2621401.96253585,1115156.74181239,1,2522.79370117188,342.341674804688,26.9957904815674,-1.61749994754791,1967.05249023438,1606.99169921875,0.298751801252365,-0.0575384013354778,1
2620716.28758184,1115218.658949,0,2330.34375,252.101486206055,17.6303997039795,0.0559374988079071,2265.82568359375,1395.4951171875,0.312080293893814,0.179865479469299,1
2621096.42416348,1114949.08197987,0,2485.83154296875,342.507629394531,13.0786895751953,-1.16000008583069,2087.50073242188,1503.93029785156,0.402674317359924,-0.0339269526302814,1
2621111.98140606,1114837.10226699,1,2528.54858398438,319.984283447266,27.1613101959229,-1.30999994277954,2073.67700195312,1523.99426269531,0.225917339324951,-0.178933799266815,3
2620794.23897055,1114786.33585464,0,2420.93188476562,284.951538085938,27.9628715515137,-0.728749990463257,2149.92626953125,1492.92932128906,0.25381150841713,-0.00432123942300677,3
2621487.49752148,1114356.1698841,1,2658.935546875,202.945922851562,22.4427871704102,-2.45374989509583,1831.83093261719,1753.37133789062,0.607545077800751,-0.0145740704610944,3
2621868.5870171,1114544.36749587,1,2838.8759765625,208.735809326172,26.0633563995361,-3.20000004768372,1653.2412109375,1888.08898925781,0.846619606018066,-0.0572381019592285,3
2621907.84819701,1114429.14446813,0,2790.98266601562,234.594665527344,19.3617210388184,-3.30000019073486,1622.16979980469,1911.70861816406,0.865174353122711,-0.0703976005315781,3
2622168.16688948,1114450.48206571,1,2892.2666015625,293.614074707031,29.3958587646484,-3.84999990463257,1480.97277832031,1996.13293457031,0.921762764453888,-0.0991284847259521,3
2621005.48118856,1114126.5773328,0,2488.74536132812,215.407073974609,17.5871295928955,-1.6875,1996.6201171875,1636.18103027344,0.27170404791832,0.179919391870499,3
2621476.93494196,1113786.08369649,1,2601.30004882812,299.854370117188,17.3238105773926,-2.46812510490417,1772.89855957031,1818.19885253906,0.695414900779724,-0.094320110976696,3
2621915.98669401,1113650.09421568,1,2805.54956054688,273.788238525391,18.4832572937012,-3.34999990463257,1526.80932617188,1996.30102539062,0.879157423973083,-0.0992365106940269,3
2621779.99721333,1113611.24007843,1,2731.32397460938,248.035339355469,34.2292137145996,-3.05000019073486,1604.77600097656,1952.11499023438,0.872506141662598,-0.115941047668457,3
2622337.39391031,1113585.22064392,1,2907.13232421875,225.47998046875,32.3030166625977,-4.15000009536743,1298.3994140625,2123.38671875,0.884536862373352,-0.0762753784656525,3
2622242.09618584,1113652.14320321,1,2908.6669921875,218.540588378906,25.011812210083,-4,1347.05798339844,2094.06616210938,0.869882583618164,-0.0650364607572556,3
2621065.09753805,1113624.7173863,1,2651.05053710938,8.05385589599609,34.0427322387695,-2.02187490463257,1945.22399902344,1688.45141601562,0.614574253559113,-0.153031647205353,3
2620582.59394568,1114002.50743289,1,2467.25024414062,352.035766601562,12.5330753326416,-1.11249995231628,1982.61804199219,1651.00256347656,0.0781024694442749,0.0321271568536758,3
2621000.30745704,1114714.74204904,1,2551.43579101562,327.280364990234,23.497013092041,-1.21875,2087.841796875,1527.98815917969,0.477035820484161,-0.125171050429344,3
2621075.1354374,1114497.55839917,1,2627.54443359375,265.130035400391,15.2190723419189,-1.64507818222046,2041.58581542969,1574.31945800781,0.52735710144043,0.00216538598760962,3
2621819.47352476,1113277.47133863,1,2832.38989257812,321.882751464844,23.6264724731445,-3.15000009536743,1554.58764648438,1996.142578125,0.833919048309326,-0.146194770932198,3
2621897.54048739,1113081.57660047,1,2931.36791992188,16.1316452026367,37.284553527832,-3.30000019073486,1493.2021484375,2036.09997558594,0.785824179649353,-0.190889596939087,3
2621657.68257339,1113347.94172305,1,2812.50463867188,356.141052246094,13.7315797805786,-2.80000019073486,1649.0029296875,1923.64404296875,0.871401011943817,-0.235635429620743,3
2621868.44720927,1113397.72355408,1,2818.19580078125,317.855651855469,36.7679138183594,-3.25,1535.54919433594,2001.46899414062,0.893485188484192,-0.191540226340294,3
2620203.33171962,1113083.78894022,1,2462.37158203125,249.882095336914,23.113151550293,-0.941249966621399,1952.97436523438,1697.53247070312,0.328971087932587,0.0562583021819592,3
2620650.72168312,1112723.67881086,0,2555.046875,228.695434570312,18.4501285552979,-1.65000009536743,1771.28393554688,1818.63513183594,0.737349689006805,-0.135127440094948,3
2620424.75398959,1113254.4951223,1,2623.16845703125,265.744049072266,16.8181858062744,-1.34062504768372,1907.83410644531,1725.89611816406,0.420063525438309,0.0131977973505855,3
2621106.17116292,1112646.8430246,1,2678.88549804688,269.017791748047,10.4737958908081,-2.09999990463257,1640.10400390625,1903.07214355469,0.864703893661499,-0.174174010753632,3
2621005.95300158,1112644.0973216,1,2655.40844726562,285.018737792969,21.614709854126,-2,1663.83923339844,1887.76770019531,0.865429580211639,-0.152440086007118,3
2620945.87892214,1112333.88164542,1,2688.28662109375,342.694458007812,22.225378036499,-2.20374989509583,1518.60693359375,1980.77197265625,0.928387820720673,-0.201267227530479,3
2620862.49001741,1112213.70836887,1,2706.22119140625,313.336364746094,27.7238025665283,-2.22125005722046,1516.62084960938,1981.85510253906,0.736088693141937,-0.1555415391922,2
2620528.88709654,1112720.29058142,0,2516.70166015625,245.503372192383,23.0733489990234,-1.52500009536743,1795.97814941406,1802.71228027344,0.207588315010071,0.095196507871151,3
2620552.91199835,1112483.4736935,0,2525.71801757812,353.337890625,15.8283586502075,-1.57625007629395,1723.12878417969,1849.19201660156,0.326998144388199,-0.0099825281649828,3
2620406.01688514,1112512.99000134,0,2491.826171875,4.48337554931641,23.9170818328857,-1.39625000953674,1781.92443847656,1811.19274902344,0.486755102872849,0.0139024769887328,3
2621016.95069492,1112775.27620613,1,2665.37451171875,206.560516357422,16.8641586303711,-2.02500009536743,1723.40380859375,1849.60705566406,0.854009568691254,-0.13245777785778,3
2620870.72712628,1112780.00962255,1,2647.3369140625,208.266738891602,25.6460418701172,-1.875,1749.06091308594,1833.06335449219,0.787450134754181,-0.0681553706526756,3
2621255.81197898,1113012.02152993,0,2864.50439453125,194.388336181641,24.6392154693604,-2.25,1777.00769042969,1823.13732910156,0.72823292016983,-0.0456098988652229,3
2621048.46401215,1112478.21288114,1,2680.80615234375,302.716857910156,10.9694128036499,-2.08874988555908,1558.04992675781,1955.63525390625,0.9151890873909,-0.208857789635658,3
2618802.86951627,1113167.66857271,0,2562.5107421875,83.1369705200195,21.0586624145508,-1.59625005722046,1873.6025390625,1777.2216796875,0.410093575716019,0.10937874019146,3
2618747.61224262,1112679.61985592,0,2613.16528320312,87.9636383056641,27.86838722229,-1.93437504768372,1821.61254882812,1806.30041503906,0.470029085874557,0.0986369550228119,3
2618631.60628832,1113527.3556721,1,2582.5439453125,18.5300903320312,17.3505191802979,-2.04062485694885,1852.80615234375,1798.31237792969,0.378168672323227,-0.0931797027587891,3
2618881.46526597,1113399.68048024,0,2527.63525390625,66.8149566650391,18.0274219512939,-1.24374997615814,1913.79931640625,1739.29724121094,0.382536590099335,0.0391304865479469,3
2619037.28391404,1113462.83165027,0,2468.07104492188,65.7012786865234,22.3266048431396,-0.682187497615814,1963.59631347656,1691.73596191406,0.34641221165657,0.141833797097206,3
2618895.88020691,1113537.6520584,0,2504.81176757812,74.2812042236328,7.55423974990845,-1.07000005245209,1934.99084472656,1719.54260253906,0.358290165662766,0.107390448451042,3
2617875.16509779,1113818.40019559,1,2767.79565429688,48.9326362609863,13.5656929016113,-3.42499995231628,1782.72937011719,1865.4189453125,0.690341889858246,-0.0439727194607258,3
2617894.70762791,1113975.03285668,0,2769.84399414062,182.791931152344,19.7570877075195,-3.22499990463257,1789.23071289062,1859.10717773438,0.370650291442871,0.0606962107121944,3
2618157.9725119,1113982.45595258,0,2745.064453125,179.301849365234,11.4183187484741,-2.72499990463257,1789.23034667969,1859.10754394531,0.498322010040283,0.0434275083243847,3
2618845.08470026,1113967.35458547,0,2499.65234375,100.848777770996,21.7722129821777,-0.966250002384186,1958.80187988281,1698.23754882812,0.306979954242706,0.0907133296132088,3
2617814.60519457,1114445.36313144,1,2699.15209960938,355.597076416016,20.8973751068115,-2.90000009536743,1814.59558105469,1849.03332519531,0.336493134498596,-0.0789586380124092,3
2617569.70563316,1114350.38016133,1,2762.70556640625,1.16910552978516,29.4465236663818,-3.5,1803.55517578125,1859.76635742188,0.385812163352966,-0.0922406613826752,3
2618046.08511237,1114421.08201458,1,2683.75463867188,12.8342361450195,31.5001735687256,-2.47499990463257,1828.95812988281,1835.97717285156,0.319942981004715,-0.114032164216042,3
2618635.03841651,1114761.54919226,1,2463.14990234375,27.2302131652832,8.76833438873291,-1.1875,2030.50500488281,1685.048828125,0.475824058055878,-0.0468382053077221,3
2619174.56906599,1114598.86628639,0,2366.18823242188,83.0509872436523,26.9522609710693,0.1875,2194.34204101562,1534.33654785156,0.276565819978714,0.0929441303014755,3
2619193.78898715,1114980.51901008,0,2268.5576171875,41.7726669311523,24.2057914733887,0.25,2291.00805664062,1480.47790527344,0.237956777215004,0.284608244895935,3
2618014.50952688,1115230.37798806,0,2564.28759765625,83.7950744628906,10.2028732299805,-2.10562491416931,1899.13757324219,1795.91711425781,0.379285246133804,0.0326511301100254,4
2617569.01920693,1115284.60562347,0,2725.62646484375,67.4189682006836,20.8153133392334,-2.6331250667572,1815.47485351562,1865.21569824219,0.439690917730331,0.0320858508348465,2
2618424.30570747,1114594.7477322,0,2561.50268554688,17.6650161743164,15.8513879776001,-1.64250004291534,1915.40734863281,1770.02697753906,0.453466653823853,-0.110756605863571,3
2618571.8872464,1114648.97536732,1,2511.17895507812,20.9754104614258,33.5841827392578,-1.3125,1988.18591308594,1713.61828613281,0.349915027618408,-0.103870674967766,3
2617305.13649873,1115092.16740943,1,2881.99096679688,86.460319519043,14.648383140564,-2.8199999332428,1812.41516113281,1872.77685546875,0.5804483294487,-0.0149033665657043,2
2618694.07103152,1115889.0035064,0,2596.55053710938,112.969375610352,18.1374359130859,-1,2185.77465820312,1571.49768066406,0.235498636960983,0.155686095356941,4
2618538.938809,1116236.33494207,0,2557.46142578125,17.5307922363281,16.4784259796143,-1.375,2113.46166992188,1607.96105957031,0.273124545812607,-0.0257245171815157,4
2619063.18556087,1114281.53972736,0,2448.15844726562,119.163597106934,17.6597347259521,-0.158124998211861,2090.19506835938,1597.51843261719,0.37446454167366,0.0258580297231674,3
2618311.21053908,1117086.3802595,0,2649.22900390625,157.052459716797,26.2896823883057,-1.7849999666214,1946.978515625,1684.43908691406,0.251791715621948,0.223618105053902,4
2618147.40333043,1116978.42589057,0,2642.19775390625,132.068923950195,16.6209583282471,-2.03375005722046,1915.52746582031,1709.95581054688,0.405735850334167,0.131451517343521,4
2618750.86790504,1117135.86597228,0,2623.55932617188,139.700531005859,18.8044834136963,-0.875,2152.41845703125,1534.58996582031,0.242960035800934,0.214004635810852,4
2619222.36208657,1117340.21891048,1,2428.89428710938,87.0150527954102,21.1880893707275,0.3125,2277.40625,1441.23864746094,0.262081682682037,0.0652072429656982,3
2619373.24811585,1117560.29577077,1,2322.96533203125,45.4392967224121,19.3769130706787,0.621874988079071,2274.63671875,1441.83605957031,0.196920976042747,0.0936924070119858,3
2617716.00266589,1117778.28857079,1,2640.99682617188,19.1568832397461,12.5598859786987,-2.27500009536743,1814.05932617188,1805.55151367188,0.734095454216003,-0.153726264834404,4
2617757.71465515,1117998.38472779,0,2598.29443359375,53.7882194519043,7.89965057373047,-2.25,1823.15295410156,1810.220703125,0.470014423131943,0.0198536179959774,4
2617355.46008192,1117660.33070831,1,2725.974609375,5.16766357421875,22.6991672515869,-2.47749996185303,1818.12780761719,1802.80627441406,0.546451330184937,-0.103253223001957,2
2617323.36553947,1118228.44578538,0,2687.76147460938,81.4867858886719,18.3566284179688,-2.37312507629395,1877.70825195312,1799.52185058594,0.5016930103302,-0.0144269717857242,4
2617376.71750556,1118435.18465418,1,2692.32080078125,82.2701644897461,12.953574180603,-2.38437509536743,1907.57336425781,1789.66882324219,0.557958006858826,-0.0270405393093824,4
2617356.71051811,1118681.93749763,1,2684.06396484375,94.4499282836914,26.628475189209,-2.37625002861023,1961.78588867188,1770.34924316406,0.353180795907974,0.0208444464951754,4
2617347.1238371,1117868.32001385,0,2654.3896484375,31.1634674072266,10.4538555145264,-2.44374990463257,1832.67333984375,1806.93823242188,0.500078856945038,-0.00971336662769318,4
2617406.72798627,1118955.78313635,1,2705.5185546875,95.7331008911133,8.9254093170166,-2.44500017166138,2004.32788085938,1754.68408203125,0.447105407714844,-0.0120313623920083,4
2617300.44086584,1119520.56371555,1,2812.65991210938,132.527633666992,8.92014217376709,-2.50499987602234,2018.14770507812,1746.06506347656,0.581866860389709,-0.0290568955242634,4
2617787.27755732,1119571.41480805,1,2773.275390625,228.685501098633,11.0834274291992,-2.5,1934.12719726562,1742.47546386719,0.139198571443558,0.0639209076762199,4
2617964.83956986,1119448.03838625,1,2751.14868164062,186.822967529297,17.5333404541016,-2.4762499332428,1968.47741699219,1704.73596191406,0.233399629592896,0.0319588184356689,4
2618131.56446429,1119289.64973665,0,2680.6884765625,214.717330932617,21.0348167419434,-2.375,2007.4306640625,1672.46118164062,0.274177193641663,0.0289841666817665,0
2618865.98762418,1118754.04601361,0,2569.38110351562,184.467269897461,17.5242404937744,-1.375,2244.19360351562,1476.34252929688,0.211131647229195,0.0544677712023258,3
2619092.73348049,1118758.21413585,0,2565.34228515625,153.981185913086,17.51735496521,-1.14999997615814,2298.6328125,1430.66589355469,0.205726340413094,0.122896626591682,1
2619656.68043558,1118865.75169234,0,2352.65356445312,69.8887710571289,11.5453481674194,-0.59375,2304.59887695312,1428.24304199219,0.203211292624474,0.144000127911568,3
2616610.2524453,1119501.09087827,1,2657.34375,255.646530151367,19.0789489746094,-2.5,2152.21533203125,1692.62683105469,0.389329344034195,0.00517472624778748,3
2616853.82517099,1119368.38015731,1,2684.44140625,276.383422851562,7.45370960235596,-2.41875004768372,2132.84619140625,1714.80786132812,0.533503770828247,-0.0249360743910074,3
2616974.39771627,1119299.5971617,1,2708.7314453125,266.683471679688,13.7945938110352,-2.39499998092651,2121.15454101562,1721.14184570312,0.380746126174927,0.0040586618706584,3
2617348.53721106,1119289.4565929,1,2761.28540039062,150.844955444336,16.8282279968262,-2.47000002861023,2024.50341796875,1745.27111816406,0.422797292470932,0.00875588692724705,4
2616985.62072216,1119076.53583054,1,2695.66796875,291.903564453125,28.6828842163086,-2.27687501907349,2130.82421875,1717.71484375,0.337153643369675,-0.042393084615469,3
2616910.9887023,1118956.53924964,0,2666.197265625,259.31640625,23.5603122711182,-2.17000007629395,2112.16845703125,1722.83801269531,0.324565768241882,0.0199916772544384,3
2615230.58450936,1116863.78953084,1,2489.20068359375,237.598968505859,13.1012878417969,-0.798437476158142,1959.26782226562,1464.75512695312,0.347574770450592,0.0276225861161947,4
2614900.3142849,1115842.11579451,1,2491.236328125,42.0125770568848,4.50010395050049,-1.28999996185303,2084.31298828125,1265.10705566406,0.36322757601738,0.0582832917571068,1
2615773.38473807,1115987.2332994,0,2527.52612304688,317.472503662109,6.04423809051514,-1.77500009536743,1941.45971679688,1685.12377929688,0.413526445627213,0.08824173361063,1
2616328.566274,1115692.12006761,1,2630.64794921875,310.312255859375,14.4534616470337,-2.32500004768372,1919.24670410156,1799.79113769531,0.447918683290482,0.0218718219548464,4
2616410.5151585,1115913.82106772,1,2648.01977539062,278.518615722656,17.8270072937012,-2.40000009536743,1899.64233398438,1813.64770507812,0.428512096405029,-0.0304476972669363,4
2616050.89125933,1114466.91107506,0,2586.2666015625,21.120979309082,3.99195694923401,-2.04999995231628,2052.48486328125,1572.00744628906,0.37436443567276,0.167377188801765,4
2615349.2039344,1115268.83944566,1,2601.31225585938,6.45261383056641,12.1282119750977,-1.41562497615814,2104.06079101562,1390.76879882812,0.444879412651062,-0.0453207567334175,2
2615140.67329036,1115559.31897403,1,2552.2177734375,8.40996551513672,11.5146684646606,-1.48250007629395,2097.71337890625,1338.98107910156,0.382169872522354,0.0213772486895323,1
2616627.4601965,1116505.38957797,0,2678.513671875,239.413467407227,20.1569347381592,-2.62343740463257,1845.18774414062,1800.87280273438,0.146646127104759,0.104870893061161,2
2616962.57259984,1116154.18007258,1,2824.8662109375,317.021301269531,19.5870399475098,-2.80874991416931,1827.05163574219,1827.7451171875,0.662494957447052,-0.106622956693172,2
2615318.65602493,1113983.99800575,0,2372.83666992188,327.028564453125,18.7507629394531,-1.0625,2175.13916015625,1242.69470214844,-0.0449965968728065,0.16371962428093,3
2615737.91237209,1114031.55762605,1,2489.44604492188,359.141540527344,19.639518737793,-1.75,2141.21142578125,1345.93713378906,0.210506066679955,0.00351745379157364,3
2615958.88168607,1113820.10023634,1,2649.6123046875,310.111663818359,12.5805778503418,-1.95000004768372,2097.78076171875,1424.04260253906,0.313998013734818,0.0289111472666264,3
2616941.53661487,1114079.48308918,1,2868.92065429688,258.680999755859,11.6285467147827,-3.1412501335144,1858.17553710938,1864.85070800781,0.669635951519012,-0.0475207678973675,4
2615558.46626578,1113234.0193747,0,2532.97680664062,202.921844482422,22.6387138366699,-1.27499997615814,2154.017578125,1150.11840820312,0.112909838557243,0.171702533960342,3
2615734.07101856,1113161.58241417,0,2510.89282226562,197.54931640625,23.7952060699463,-1.375,2121.30126953125,1223.0400390625,0.123804144561291,0.232799500226974,3
2615881.13999898,1113187.19144051,0,2548.9794921875,199.784576416016,23.444429397583,-1.54999995231628,2093.3857421875,1303.07971191406,0.153309121727943,0.220753446221352,3
2615122.38112978,1113247.18973137,0,2488.91381835938,195.220413208008,15.5288486480713,-0.40625,2154.72216796875,1153.20617675781,0.0590165629982948,0.298813462257385,3
2616186.25325739,1112186.24435048,1,2596.91821289062,329.865295410156,26.776252746582,-1.71937501430511,1943.330078125,1453.8828125,0.235255464911461,-0.0941485837101936,3
2616467.22086184,1112086.73499053,1,2654.36157226562,359.823852539062,26.7225074768066,-2.31437492370605,1864.77563476562,1570.66748046875,0.308716893196106,-0.0132617307826877,3
2616893.06238737,1111862.83893074,1,2854.64526367188,31.4639091491699,16.1922645568848,-3.29999995231628,1700.60327148438,1799.73803710938,0.565277397632599,-0.0449432693421841,4
2616709.774926,1113226.70250944,1,2722.67407226562,326.60986328125,15.9131546020508,-2.625,1949.10363769531,1688.58911132812,0.296346932649612,-0.062121357768774,3
2616477.8303155,1112377.94620527,1,2573.02612304688,31.5814552307129,19.060079574585,-1.72187507152557,1898.53735351562,1575.09643554688,0.216779515147209,-0.00724642630666494,3
2616519.90228738,1112640.25580447,0,2555.71166992188,244.651702880859,27.4852066040039,-1.70000004768372,1920.2314453125,1601.3544921875,0.212349638342857,0.110381886363029,3
2615494.80954316,1112740.49685126,0,2298.0185546875,317.727600097656,9.14598846435547,-0.745312511920929,2083.70532226562,1232.95361328125,-0.100497610867023,0.32940211892128,3
2617840.47394531,1112525.26175441,1,2915.6953125,262.648864746094,28.3618392944336,-3.16624999046326,1691.20520019531,1912.58325195312,0.5936678647995,-0.0337537042796612,4
2617840.82159863,1112426.87588141,1,2923.27319335938,286.739013671875,26.4729022979736,-3.19875001907349,1680.67163085938,1915.51599121094,0.569318532943726,-0.0442584455013275,4
2617811.6187247,1112305.89254642,1,2894.724609375,258.679626464844,28.7016830444336,-3.33999991416931,1656.8623046875,1927.67736816406,0.552952170372009,-0.00658656004816294,4
2622560.08670279,1116329.15165266,1,2832.32275390625,357.43505859375,25.7359523773193,-2.7574999332428,1664.84912109375,1855.46350097656,0.538080096244812,-0.0456657372415066,3
2621464.90774164,1114112.10266767,1,2625.25317382812,244.318496704102,24.8138217926025,-2.46000003814697,1800.60571289062,1789.27502441406,0.604222774505615,-0.0137081583961844,3
2620586.72190797,1112933.93597763,1,2605.72729492188,260.374938964844,26.1077499389648,-1.57500004768372,1843.24255371094,1772.63098144531,0.361671417951584,-0.00826951581984758,3
2620396.01615004,1112910.93255942,1,2513.16186523438,260.00830078125,17.4137096405029,-1.33999991416931,1858.57092285156,1762.32580566406,0.453677594661713,-0.030478922650218,3
2621713.90057775,1113667.87486932,1,2703.87939453125,267.755401611328,27.8164405822754,-2.94999980926514,1636.0068359375,1926.26782226562,0.734669506549835,-0.103382736444473,3
2616926.81480205,1119018.45276574,0,2672.62817382812,281.893707275391,24.8211269378662,-2.2268750667572,2129.03051757812,1718.20324707031,0.336145222187042,0.0250556077808142,3
2615353.77347034,1116701.77738226,0,2511.8525390625,276.540649414062,14.5917749404907,-1.13499999046326,1944.99963378906,1528.75,0.322677075862885,0.030907291918993,4
2615448.35405423,1112592.5030413,0,2296.76391601562,328.459533691406,11.5297546386719,-0.519999980926514,2063.57836914062,1261.55700683594,-0.0663208067417145,0.0971755757927895,3
2616104.92696196,1114738.88216096,0,2602.28295898438,253.348587036133,15.8847579956055,-2.09999990463257,2018.578125,1639.638671875,0.400652021169662,0.148067846894264,4
2616629.33378654,1114796.42310335,1,2758.22119140625,276.91748046875,27.4225482940674,-2.58750009536743,1900.2958984375,1799.54638671875,0.617354691028595,-0.0229693800210953,4
2616886.70513619,1115436.65048663,1,2910.09741210938,256.370849609375,28.3327331542969,-2.52812504768372,1830.99291992188,1850.51135253906,0.516106367111206,-0.0513533167541027,2
2616582.64823914,1115653.35027958,1,2742.07250976562,294.337646484375,25.9846458435059,-2.51125001907349,1881.33898925781,1818.21557617188,0.370480448007584,-0.089088536798954,2
2617725.06246105,1112042.92857403,1,2832.39892578125,278.962280273438,26.4984436035156,-3.62374997138977,1595.33129882812,1962.16552734375,0.683334469795227,-0.162016212940216,4
2617664.11564431,1111910.87713776,1,2839.62841796875,314.172241210938,29.8789138793945,-3.8199999332428,1529.75695800781,2003.14099121094,0.73193484544754,-0.15508858859539,2
2617749.44118779,1111894.62465328,1,2870.5673828125,313.156463623047,32.7752685546875,-3.70000004768372,1546.78295898438,1989.93603515625,0.645497143268585,-0.199576660990715,2
2617079.70338989,1113072.59118375,1,2820.31811523438,308.496154785156,19.4140377044678,-3.22499990463257,1881.68981933594,1803.41735839844,0.366798639297485,-0.131984651088715,3
2616892.79981825,1113931.9412999,1,2858.60620117188,296.824615478516,26.1363658905029,-3.13000011444092,1879.63793945312,1833.57141113281,0.48282927274704,-0.122710637748241,3
2617766.83668642,1112586.84463634,1,2885.953125,250.226913452148,23.2665195465088,-3.27937507629395,1686.02966308594,1919.45251464844,0.54645574092865,-0.0135643845424056,3
2615848.03608976,1114556.27451073,0,2564.42553710938,257.139526367188,11.6771230697632,-1.84999990463257,2082.341796875,1489.07653808594,0.361722618341446,0.161142691969872,4
2616957.20709381,1115987.91435317,1,2882.10009765625,40.4118804931641,21.9924068450928,-2.72499990463257,1828.15185546875,1833.88793945312,0.594387471675873,-0.134518429636955,2
2616503.76534019,1116024.42411626,0,2677.94213867188,280.550048828125,17.6333103179932,-2.49703121185303,1883.70874023438,1820.11975097656,0.437126159667969,0.00391203910112381,4
2616523.4139672,1116196.27762159,0,2689.10522460938,293.558349609375,25.8406734466553,-2.51749992370605,1873.02453613281,1815.3427734375,0.349866956472397,-0.0106209730729461,4
2616951.25727846,1116094.08207719,1,2835.99389648438,321.045104980469,21.4612007141113,-2.76999998092651,1829.45275878906,1829.60766601562,0.581030070781708,-0.132837578654289,2
2616797.36435108,1119808.10851891,1,2783.2939453125,208.708969116211,31.9252414703369,-2.71000003814697,2125.23559570312,1708.05603027344,0.290521889925003,0.0443557761609554,3
2616762.76722702,1119663.23976623,1,2710.5751953125,216.384216308594,22.6831359863281,-2.62687492370605,2131.90771484375,1705.89782714844,0.329711765050888,0.0188029576092958,3
2617524.84751383,1117298.62315568,1,2852.78833007812,1.034912109375,14.9255590438843,-2.67000007629395,1788.98596191406,1799.52661132812,0.624525904655457,-0.077391654253006,2
2617939.91125912,1114395.15634414,1,2698.59350585938,355.217498779297,27.3449535369873,-2.70000004768372,1819.84936523438,1842.85998535156,0.328993856906891,-0.126257225871086,3
2622023.91641953,1118453.78379074,0,2334.8740234375,305.360046386719,8.42433834075928,-0.3125,2130.86376953125,1394.76196289062,0.332288354635239,0.0737541988492012,3
2624168.69450616,1115762.98945328,1,2779.66772460938,178.969665527344,20.7739181518555,-3.09999990463257,1431.31530761719,1887.30859375,0.317638337612152,0.0210592187941074,1
2615485.60020959,1113165.68131478,0,2506.20532226562,190.874435424805,20.3882999420166,-1.12062501907349,2152.60961914062,1143.94714355469,0.101716637611389,0.249962791800499,3
2617064.29115717,1118900.49722048,1,2738.33032226562,229.814102172852,17.324291229248,-2.24500012397766,2069.12622070312,1735.58532714844,0.440286338329315,0.00848421826958656,4
2623746.35166973,1115478.68614691,1,2765.72241210938,48.5700988769531,22.9528827667236,-3.25624990463257,1382.21740722656,1997.90649414062,0.663354754447937,-0.0759218409657478,3
2623301.01163104,1115656.23340671,1,2834.83447265625,67.4970169067383,17.9548206329346,-3.58999991416931,1489.77563476562,1977.05505371094,0.72526627779007,-0.121487893164158,3
2623256.42549626,1117848.29980091,0,2666.89086914062,219.693862915039,12.5633316040039,-2.25,1859.23962402344,1763.32836914062,0.363315761089325,0.0877048224210739,3
2623624.07669532,1117233.07535471,1,2697.74926757812,290.18115234375,15.7639379501343,-3.10625004768372,1583.66088867188,1911.39245605469,0.546158671379089,-0.0410405844449997,3
2616524.78848481,1115229.14599589,0,2761.42919921875,283.990600585938,7.37084245681763,-2.50687503814697,1899.34130859375,1806.24304199219,0.500755608081818,0.0191033575683832,4
2616472.29818696,1115354.05961607,0,2735.88916015625,289.76513671875,16.0069389343262,-2.47499990463257,1905.84326171875,1802.21423339844,0.511345505714417,0.0370876155793667,4
2616435.18603251,1115446.91814993,0,2717.07666015625,250.473663330078,26.8807773590088,-2.42499995231628,1911.97863769531,1799.16979980469,0.509095966815948,0.00392976915463805,4
2616263.96888035,1114991.48774732,0,2710.73876953125,280.607025146484,6.05530166625977,-2.27500009536743,1964.04333496094,1749.68933105469,0.48010316491127,0.0295090489089489,4
2616614.1861559,1114514.47271525,0,2774.37719726562,271.129699707031,26.1448936462402,-2.62187504768372,1918.275390625,1780.16064453125,0.482907444238663,0.0436563938856125,4
2616440.49707922,1114370.0428929,0,2671.67700195312,247.311050415039,25.5970001220703,-2.45000004768372,1973.26171875,1716.13195800781,0.453636884689331,0.0566412173211575,4
2616628.86401569,1121608.06318292,1,2753.93774414062,319.388275146484,16.6723804473877,-2.41249990463257,1803.12707519531,1808.94689941406,0.643355548381805,-0.102690227329731,3
2615877.74133412,1121842.61251823,1,2734.89013671875,95.3873443603516,25.5862216949463,-2.15000009536743,1912.51770019531,1722.08020019531,0.79976624250412,-0.0463691391050816,3
2616802.03562002,1122000.84700918,1,2681.29296875,327.870239257812,13.1111707687378,-2.15000009536743,1673.3818359375,1880.99682617188,0.163284957408905,0.0486601181328297,3
2617338.60290125,1122037.52245881,1,2785.33959960938,251.139373779297,21.9280834197998,-2.41750001907349,1661.458984375,1839.71069335938,0.315271884202957,-0.0365930870175362,3
2616970.7392765,1122125.9252881,0,2728.52905273438,200.508865356445,30.683874130249,-2.171875,1638.94482421875,1883.66088867188,0.300461947917938,0.0289131309837103,3
2616495.02034819,1122162.90424955,0,2608.6357421875,273.712158203125,18.8777637481689,-1.82921874523163,1739.52233886719,1813.41479492188,0.289405405521393,0.0687722936272621,3
2616981.33220774,1122833.34051975,1,2427.35278320312,307.72802734375,37.1906929016113,-1.64999997615814,1790.06164550781,1589.49279785156,0.0754323452711105,-0.0272877123206854,3
2616129.8531058,1122700.25477962,0,2382.1494140625,97.7066268920898,9.80641937255859,-1.29999995231628,1894.73315429688,1561.84704589844,0.187422066926956,0.0879021435976028,3
2615914.91289357,1122887.46077078,0,2417.63208007812,120.707725524902,21.6760635375977,-1.125,1934.16821289062,1466.74377441406,0.294062674045563,0.129820555448532,3
2616629.83947707,1123324.27474956,0,2278.01489257812,93.4257049560547,7.5500636100769,-0.800000011920929,1917.29541015625,1368.89282226562,0.0709443613886833,0.295546263456345,4
2615843.65135347,1123353.93495842,0,2447.55151367188,140.271789550781,19.9966430664062,-0.649999976158142,1983.20495605469,1281.42736816406,0.169226944446564,0.234457865357399,3
2615906.43854808,1123294.61454147,0,2423.33056640625,85.9106521606445,14.9549055099487,-0.699999988079071,1975.31616210938,1307.66320800781,0.237158536911011,0.223646461963654,3
2616192.64030001,1123432.13005328,0,2381.64428710938,130.947845458984,20.5094184875488,-0.574999988079071,1967.77990722656,1304.84057617188,0.16809818148613,0.267003238201141,3
2623213.36170254,1118566.75602124,1,2585.19140625,4.55345916748047,12.6593971252441,-2.22499990463257,1972.337890625,1659.39599609375,0.197563782334328,0.0317357517778873,3
2623759.54835653,1118463.73278991,1,2687.03588867188,308.250122070312,12.4776735305786,-2.75,1795.79809570312,1813.9521484375,0.427370995283127,-0.0102316997945309,3
2624246.04694771,1119014.00766662,1,2803.95263671875,355.157348632812,6.82415342330933,-3.25,1675.02136230469,1837.53002929688,0.505423426628113,-0.0492617897689342,3
2622938.63308623,1118481.72097353,1,2590.18896484375,352.104339599609,21.0366516113281,-1.95000004768372,2029.63488769531,1571.49768066406,0.326573610305786,0.0179266501218081,3
2622741.07377577,1118669.79326929,0,2484.76684570312,350.369659423828,16.3544235229492,-1.75,2090.18725585938,1467.11901855469,0.198268413543701,0.093563936650753,1
2622714.8397164,1119001.06422145,0,2445.263671875,47.4452514648438,4.08264493942261,-1.72499990463257,2122.21337890625,1413.10693359375,0.235965237021446,0.0849228873848915,1
2622548.00917482,1119182.70412009,0,2394.42504882812,262.397338867188,14.0941600799561,-1.54999995231628,2169.81860351562,1327.36840820312,0.226461797952652,0.17815375328064,1
2623069.66648798,1119248.11569511,0,2522.7939453125,208.801574707031,16.5657444000244,-2.07500004768372,2062.43676757812,1530.11608886719,0.225790470838547,0.132069930434227,1
2623908.59876907,1119481.73035231,0,2666.09619140625,214.560211181641,14.1877717971802,-2.90000009536743,1853.97436523438,1753.97497558594,0.378999918699265,0.0529406294226646,3
2623886.34393064,1119602.74655561,0,2697.6767578125,213.185287475586,17.9623107910156,-2.90000009536743,1873.51733398438,1738.28564453125,0.366144776344299,0.0429220944643021,3
2623472.70224535,1119450.90909919,0,2640.35620117188,222.735794067383,11.6440143585205,-2.47499990463257,1969.95104980469,1642.88061523438,0.287470698356628,0.0527170151472092,3
2623957.76995888,1118892.86659743,1,2707.43676757812,285.349731445312,18.2589263916016,-2.95000004768372,1771.87438964844,1817.24719238281,0.320668518543243,-0.0381278917193413,3
2623451.85230592,1119041.26910907,0,2584.3056640625,325.453399658203,19.5051078796387,-2.45000004768372,1943.34289550781,1669.11779785156,0.402312427759171,-0.0041014845483005,3
2622415.72403628,1118782.4985159,0,2411.79931640625,331.048065185547,19.9450950622559,-1.3125,2157.44165039062,1348.73107910156,0.0575387664139271,0.13996784389019,1
2622209.45463833,1118917.92957873,0,2322.48657226562,324.881164550781,19.2368850708008,-0.75,2169.70971679688,1327.48388671875,0.139717385172844,0.166847094893456,1
2622069.53821602,1118724.28302519,1,2304.51245117188,298.337615966797,23.0589637756348,-0.4375,2153.353515625,1355.81127929688,0.186016365885735,0.0255664866417646,3
2619045.21688543,1119108.75322597,1,2506.64013671875,60.0975112915039,16.6578407287598,-1.54999995231628,2310.2119140625,1426.73388671875,0.241417869925499,0.0603147596120834,3
2618769.28718515,1119348.00344931,1,2536.68774414062,55.5058898925781,12.1295042037964,-2.07500004768372,2138.37280273438,1541.57531738281,0.337918519973755,0.0200893059372902,3
2619554.56143773,1118972.03881246,0,2382.09643554688,75.1808319091797,8.47381687164307,-0.876250028610229,2309.37255859375,1426.30444335938,0.214214861392975,0.0782471001148224,3
2618448.51039978,1119403.39722693,1,2708.36669921875,60.4816055297852,27.9422283172607,-2.40499997138977,2041.50170898438,1615.8642578125,0.371445149183273,0.00570902600884438,3
2618602.5622907,1119558.49362833,0,2569.00805664062,74.0819702148438,22.2960567474365,-2.40000009536743,2034.84094238281,1605.58142089844,0.350102514028549,0.0264549646526575,3
2618557.5465691,1119794.82616591,1,2606.76416015625,104.182159423828,17.9581203460693,-2.45000004768372,1957.486328125,1642.84301757812,0.292554795742035,0.0284489467740059,3
2618660.41865165,1119903.1306943,1,2604.64575195312,94.0852661132812,12.7447271347046,-2.34999990463257,1936.99035644531,1649.17102050781,0.284209549427032,0.0489603653550148,3
2618387.90398899,1120010.734904,1,2668.93701171875,86.7293395996094,13.2299661636353,-2.5,1898.46826171875,1670.29895019531,0.399736553430557,0.000311708223307505,3
2618543.79176539,1119659.7790016,1,2584.193359375,110.869842529297,17.0058345794678,-2.45000004768372,1998.18823242188,1625.17517089844,0.317498862743378,0.0356933660805225,3
2618793.46229459,1119820.25171216,1,2604.759765625,235.071136474609,9.2538013458252,-2.20000004768372,1974.01928710938,1626.64331054688,0.29471081495285,0.0218041557818651,3
2619543.72431899,1120174.54211198,1,2462.21826171875,58.661979675293,18.0163612365723,-1.375,2056.5546875,1522.70947265625,0.380175530910492,0.0286249220371246,3
2619924.07358433,1120005.77764494,0,2369.78247070312,128.97297668457,14.5023078918457,-0.4375,2242.4208984375,1384.69311523438,0.221343949437141,0.0731150507926941,3
2619682.41763667,1120786.47477954,1,2558.05200195312,77.260383605957,14.4870929718018,-0.835624992847443,1982.10815429688,1513.98413085938,0.273974746465683,0.0317250527441502,3
2619822.98960637,1120872.50482487,0,2517.03173828125,98.958122253418,18.047664642334,-0.434374988079071,2028.38684082031,1460.81677246094,0.193156838417053,0.076699785888195,3
2620165.98521234,1121295.90759723,1,2264.7900390625,66.509895324707,16.0302066802979,0.447499990463257,2161.09350585938,1307.77783203125,0.134499996900558,0.142067536711693,3
2619393.40166645,1121634.4049005,0,2226.2734375,22.7295989990234,17.788028717041,-0.431250005960464,1925.38439941406,1552.46215820312,-0.0629466623067856,0.365577340126038,3
2618471.45568267,1121874.22900122,1,2381.05346679688,37.6710319519043,11.0884590148926,-1.52500009536743,1729.57043457031,1751.51818847656,0.217972368001938,0.0720298141241074,3
2618293.004287,1122180.3864311,0,2441.73852539062,152.902816772461,15.080150604248,-1.70000004768372,1682.86926269531,1770.52197265625,0.231787919998169,0.0903951153159142,3
2618388.59322636,1122306.33891584,0,2460.7880859375,206.233856201172,8.65616416931152,-1.59999990463257,1713.1083984375,1713.45373535156,0.166387274861336,0.0936917066574097,3
2617870.04971208,1121683.99013826,1,2604.65649414062,75.5532836914062,6.80605792999268,-2.125,1697.70068359375,1790.03820800781,0.329102724790573,0.0314694158732891,3
2617741.96216563,1122116.84790111,1,2664.81494140625,109.869895935059,11.481014251709,-2.25,1680.1025390625,1785.68676757812,0.25407138466835,0.0443449765443802,3
2617845.42313534,1122148.89831013,1,2636.43872070312,98.6501159667969,27.3835563659668,-2.15000009536743,1681.48620605469,1778.1025390625,0.262158751487732,0.0478194057941437,3
2617900.52734741,1122286.09655246,1,2613.830078125,96.0971755981445,26.8038749694824,-2.09999990463257,1688.40563964844,1740.17626953125,0.193859532475471,0.0972445234656334,3
2619004.29845369,1122618.970976,0,2491.767578125,141.595962524414,16.1212615966797,-0.25,1868.14575195312,1499.83532714844,0.133328899741173,0.21503110229969,3
2619197.72548403,1122679.1357789,0,2429.43994140625,130.588165283203,18.8721122741699,0.25,1932.70690917969,1406.50366210938,0.126247614622116,0.21274408698082,3
2619502.48551451,1122529.56720305,0,2309.32983398438,63.9089431762695,18.8720149993896,0.996874988079071,2027.92553710938,1332.220703125,0.1743084192276,0.145479649305344,1
2619389.46565081,1122580.17311218,0,2341.98828125,80.4431228637695,22.1999073028564,0.75,1996.90173339844,1355.68298339844,0.209359645843506,0.164794310927391,1
2618399.79979546,1123151.7748344,1,2465.17333984375,0.0306396484375,5.21657609939575,-1.5349999666214,1763.10668945312,1451.58801269531,0.0939728394150734,0.00456507131457329,3
2618612.10265785,1123111.81630172,1,2459.93676757812,346.021484375,21.3161182403564,-1.25,1790.29479980469,1440.93933105469,0.129276186227798,-0.0419996902346611,3
2618124.03677881,1123268.1323322,0,2473.05493164062,25.3269348144531,7.56423282623291,-1.58437502384186,1771.87023925781,1411.71411132812,0.401974618434906,-0.00529126636683941,3
2617957.03727875,1123273.75521107,0,2526.10278320312,93.9054946899414,26.2171382904053,-1.62374997138977,1771.87158203125,1411.71142578125,0.34476163983345,0.0545170083642006,3
2618967.74974109,1123534.65678619,0,2264.23022460938,55.4393501281738,8.08614444732666,-0.255937486886978,1931.3994140625,1204.65258789062,0.22601629793644,0.164466992020607,4
2624128.15153788,1119543.09660537,1,2729.46948242188,212.614318847656,10.18235206604,-3.11249995231628,1818.49133300781,1758.25085449219,0.434871077537537,-0.00399094354361296,3
2624472.92073756,1119371.16280227,1,2795.12231445312,282.199768066406,14.6083984375,-3.47499990463257,1690.84375,1809.38415527344,0.575230956077576,-0.0596566498279572,3
2624423.62936487,1119499.54963322,1,2791.86450195312,248.820938110352,15.8141088485718,-3.41968750953674,1743.24890136719,1784.13403320312,0.559482157230377,-0.0205396022647619,3
2622870.00969674,1119454.42231455,0,2559.24365234375,223.058776855469,20.6730442047119,-1.875,2113.2333984375,1440.38110351562,0.2271848320961,0.0943206623196602,1
2623091.60933444,1118628.11566452,0,2529.58178710938,312.321472167969,24.6319961547852,-2.09999990463257,2008.8388671875,1609.86840820312,0.222865790128708,0.0635006502270699,1
2622647.72132698,1119691.86279606,0,2570.11181640625,237.64030456543,21.7305088043213,-1.85000002384186,2164.06420898438,1339.69458007812,0.227150768041611,0.0867922380566597,1
2617344.96729038,1120967.5064857,1,2670.26904296875,31.6649131774902,14.9427108764648,-2.57874989509583,1780.69702148438,1802.72131347656,0.710348665714264,-0.0989457443356514,3
2617569.92696933,1120903.65707031,1,2635.47509765625,41.3561820983887,28.3597564697266,-2.47000002861023,1751.00219726562,1804.86853027344,0.487919807434082,-0.0013256873935461,3
2617340.51545131,1121383.72191281,1,2704.43481445312,144.106826782227,24.7662487030029,-2.51874995231628,1729.64465332031,1817.73449707031,0.221892133355141,0.0358081758022308,3
2617436.00243216,1121554.06097608,1,2744.41479492188,116.496017456055,30.7293453216553,-2.49624991416931,1707.6767578125,1818.6796875,0.2160834223032,0.0660629123449326,3
2617025.32749314,1121138.53076717,1,2790.01977539062,110.468132019043,16.6509876251221,-2.66624999046326,1802.47631835938,1807.96044921875,0.444931030273438,0.00359689048491418,3
2618583.46462726,1120890.10277378,1,2502.91381835938,337.464050292969,31.4170837402344,-2.02500009536743,1773.5439453125,1711.32739257812,0.221706405282021,-0.0797954648733139,3
2617728.12785753,1120360.87832093,1,2668.66162109375,3.12001800537109,21.0320262908936,-2.5,1828.73767089844,1771.08996582031,0.344674170017242,-0.109086401760578,3
2617939.33211197,1120414.28629317,1,2651.67358398438,357.75927734375,24.5467262268066,-2.5,1824.263671875,1742.55053710938,0.323627233505249,-0.0876732245087624,3
2618430.52361552,1120668.37876744,1,2583.9306640625,352.5478515625,35.7485885620117,-2.33812499046326,1802.83129882812,1701.77612304688,0.226165995001793,-0.118175439536572,3
2618375.95240294,1119904.7863704,1,2681.81591796875,32.8350868225098,11.6511211395264,-2.5,1918.66003417969,1664.22094726562,0.444550693035126,-0.00729066878557205,3
2616738.51250113,1120849.43989396,1,2938.33447265625,134.348754882812,15.8395566940308,-2.98749995231628,1940.60949707031,1751.81860351562,0.657029509544373,-0.0215581953525543,4
2643592.37907346,1122448.70624625,0,2327.80224609375,175.182968139648,31.3523349761963,-0.282499998807907,2154.31079101562,1276.25830078125,0.0404863879084587,0.380300402641296,1
2644258.36326166,1123745.78358137,0,2213.20947265625,350.175323486328,26.8712673187256,-4.65661287307739e-10,2031.72216796875,1167.95788574219,-0.0847165659070015,0.193256109952927,2
2643722.09971577,1123460.47371919,1,2482.408203125,37.9624710083008,19.7334537506104,-0.483125001192093,1916.10119628906,1318.42028808594,0.310011178255081,0.0270974468439817,3
2643292.85874475,1123731.19743498,1,2222.76416015625,342.451293945312,27.7888469696045,-0.025000000372529,1915.79309082031,1309.07763671875,-0.0445962250232697,0.0704820677638054,3
2643128.59229735,1123280.15412335,1,2423.39379882812,314.742065429688,14.2453279495239,-0.875,1828.76635742188,1408.52978515625,0.172381564974785,-0.0448513068258762,3
2643192.77699977,1123519.72449707,1,2340.59252929688,338.946105957031,26.0683898925781,-0.731249988079071,1870.3056640625,1360.39184570312,0.214250549674034,-0.0426982380449772,3
2642546.73774239,1125113.682418,0,2350.35473632812,118.479858398438,10.1485042572021,-0.918749988079071,1941.70727539062,1159.82312011719,0.320377230644226,0.02405003644526,2
2642741.53599284,1124916.30974149,0,2239.9140625,140.421432495117,18.3585891723633,0.0562499985098839,1976.26171875,1161.19616699219,0.214167460799217,0.127607122063637,2
2642221.50189758,1124202.33553841,1,2387.71826171875,38.3304443359375,22.1522960662842,-0.800000011920929,1819.71569824219,1315.30847167969,0.354084581136703,-0.106128968298435,2
2642540.73074824,1124439.18274993,0,2218.93481445312,58.0292205810547,13.0275440216064,-0.381249994039536,1850.79895019531,1274.92639160156,0.354326128959656,0.0190198831260204,3
2641783.8494401,1125638.86536605,1,2284.60424804688,291.561920166016,21.3186740875244,0.633125007152557,2251.6904296875,817.118530273438,-0.0841174572706223,0.0500473380088806,2
2641759.82146202,1125755.57268777,0,2260.76220703125,305.113159179688,17.2208423614502,0.90625,2290.11645507812,790.83447265625,0.00374391721561551,0.0277793016284704,2
2641696.31895143,1120564.67129829,1,2534.93920898438,326.993682861328,11.5949792861938,-1.25499999523163,1936.05065917969,1380.5380859375,0.21602588891983,0.0517398789525032,3
2641088.75436321,1122903.96658508,0,2335.43188476562,242.049346923828,16.222972869873,-0.5,2044.78955078125,1151.11450195312,0.169519945979118,0.249273970723152,3
2641585.61862267,1123349.34231984,1,2533.31372070312,286.437835693359,10.9704895019531,-1.5,1868.96472167969,1285.68701171875,0.40668573975563,-0.00356913940049708,3
2640884.67455818,1123394.81353335,0,2267.7861328125,271.746337890625,20.5441856384277,0.0625,2127.38110351562,1039.91833496094,0.401678174734116,-0.00846521090716124,3
2641547.59220131,1124849.21375892,1,2332.69116210938,294.203002929688,27.3995704650879,-0.0187499988824129,2007.82995605469,1034.22106933594,0.147982865571976,0.026451226323843,3
2641803.74760984,1124788.0711362,1,2491.154296875,272.169738769531,24.8382759094238,-0.275000005960464,1978.25415039062,1084.28637695312,0.0925435423851013,0.00159976596478373,3
2642126.83810072,1123338.02557099,0,2601.92553710938,101.092407226562,23.1844520568848,-1.5,1804.7998046875,1383.15649414062,0.281975626945496,0.0347321219742298,3
2642365.93793539,1123617.35081509,0,2593.81420898438,195.539520263672,24.7768478393555,-1.375,1809.59497070312,1361.3447265625,0.327191323041916,0.0349343568086624,3
2642234.64219893,1122556.68721499,0,2498.40649414062,76.7297210693359,6.44921684265137,-1.5,1992.63488769531,1349.65942382812,0.25571084022522,0.180918216705322,5
2642770.12285209,1122147.35344668,0,2387.39770507812,101.608558654785,9.61449718475342,-1.08062505722046,2134.20190429688,1319.69116210938,0.257153391838074,0.124371938407421,3
2643097.7185878,1122683.47770558,1,2492.26342773438,221.304809570312,8.93275451660156,-0.899999976158142,1999.22253417969,1361.40112304688,0.18583157658577,0.0664953514933586,1
2643109.94711237,1122601.73967327,0,2481.74755859375,239.64729309082,22.94704246521,-0.899999976158142,2022.98498535156,1354.19128417969,0.148176580667496,0.15656615793705,1
2643323.82198129,1121949.3573568,0,2234.72021484375,77.0744018554688,27.206371307373,0.00562500022351742,2143.58422851562,1306.03869628906,0.153598695993423,0.251481860876083,1
2643113.63764932,1123361.75152649,0,2402.45458984375,337.157104492188,21.355339050293,-0.875,1839.0625,1394.40063476562,0.213800355792046,-0.00282006384804845,3
2640894.98731737,1123745.4675762,0,2244.06127929688,286.840515136719,19.4032440185547,0.400000005960464,2106.17163085938,1016.81018066406,0.167593270540237,0.127632156014442,3
2642304.4251902,1122341.66545743,0,2485.23974609375,132.962646484375,10.723747253418,-1.47000002861023,2059.74780273438,1334.88366699219,0.293929815292358,0.164550289511681,5
2617328.57530036,1120043.61258413,1,2744.56030273438,21.7269058227539,19.3635883331299,-2.59625005722046,1965.28637695312,1756.87670898438,0.556193470954895,-0.113979242742062,3
2617134.67727668,1119713.00176521,1,2850.30541992188,4.5469970703125,26.5482749938965,-2.58437490463257,2051.81323242188,1738.9541015625,0.744546175003052,-0.153341725468636,3
2618738.05320106,1121082.14792937,1,2480.84790039062,308.336059570312,33.0828857421875,-1.67499995231628,1750.76525878906,1718.75610351562,0.0605203881859779,-0.0124701131135225,3
2623790.69568992,1119011.03331835,1,2636.8125,297.052917480469,22.1836071014404,-2.79999995231628,1831.51171875,1781.66931152344,0.319534093141556,-0.0475960336625576,3
2624539.31764379,1119139.33558316,1,2860.00903320312,269.432800292969,24.5715065002441,-3.46749997138977,1590.23937988281,1856.64428710938,0.59732049703598,-0.0456776171922684,3
2623951.87046796,1119444.48382669,0,2667.56420898438,219.560501098633,15.0065069198608,-2.95000004768372,1839.23852539062,1760.25244140625,0.423794031143188,0.0150063056498766,3
2617146.53005455,1121008.55585851,1,2723.41821289062,85.213134765625,22.2560958862305,-2.67499995231628,1812.23937988281,1799.55590820312,0.597362279891968,-0.076688714325428,3
2617397.32801654,1121353.25231334,0,2680.9130859375,110.156730651855,25.1211051940918,-2.51500010490417,1726.92907714844,1815.49328613281,0.26486474275589,0.0565345585346222,3
2618254.53962463,1120772.91779767,0,2512.4140625,327.195892333984,22.9215145111084,-2.29375004768372,1786.99914550781,1715.22082519531,0.322555601596832,-0.0900942087173462,3
2624634.83172323,1118962.42688048,1,2872.12109375,219.417861938477,8.92620658874512,-3.44374990463257,1559.73413085938,1866.93041992188,0.541708171367645,-0.0312231425195932,3
2624649.66637085,1118711.24899818,1,2984.92749023438,20.3278884887695,33.2075691223145,-3.47000002861023,1549.72631835938,1864.0205078125,0.451005756855011,-0.0736571922898293,3
2623460.42284209,1125257.67923547,1,2233.8955078125,355.672088623047,5.09142875671387,0.699999988079071,2230.22583007812,823.585021972656,0.17249071598053,0.0854340121150017,3
2623628.07750112,1124971.26919336,0,2269.07373046875,343.111511230469,12.3254518508911,0.310937494039536,2067.79638671875,948.193664550781,0.162224978208542,0.337315052747726,3
2623798.64283131,1124697.0839701,0,2316.78637695312,328.15625,13.8917455673218,0.159999996423721,1985.97253417969,1073.9873046875,0.0785408541560173,0.24028043448925,3
2623698.51574343,1124571.92511032,1,2344.6328125,26.6214179992676,13.1192865371704,-0.109999999403954,1982.02258300781,1083.96362304688,0.140154838562012,0.0624513626098633,3
2623737.51873704,1124466.55881435,0,2371.24096679688,348.401580810547,9.4480504989624,-0.171875,1956.14282226562,1128.41821289062,0.00718188937753439,0.26812881231308,3
2623604.79213224,1124169.67035622,1,2465.54711914062,22.1665191650391,26.9814414978027,-0.983749985694885,1925.46215820312,1168.30139160156,0.21768282353878,-0.0232933331280947,3
2623716.56190484,1124151.04206075,1,2463.01342773438,11.2236404418945,16.2688980102539,-0.823125004768372,1903.400390625,1217.90344238281,0.134451895952225,0.0832282230257988,3
2623906.33766428,1124695.91970159,0,2305.46484375,356.627593994141,24.8129291534424,0.280000001192093,1988.63000488281,1081.74340820312,0.0204734336584806,0.147332012653351,3
2623905.46446282,1124898.50241425,0,2250.47412109375,19.3517913818359,18.0394268035889,0.46000000834465,2021.90710449219,1018.61553955078,0.00546123180538416,0.368304044008255,3
2623403.9071328,1124082.58397349,0,2523.95825195312,340.692687988281,25.6508197784424,-1.26499998569489,1934.55029296875,1126.64318847656,0.197369739413261,-0.00751822115853429,3
2622456.38682656,1122272.20382834,1,2403.93139648438,356.250732421875,26.218412399292,-0.561249971389771,1960.29797363281,1255.03747558594,0.0742185190320015,-0.0471453666687012,3
2622725.91497613,1122192.45143845,1,2458.53784179688,343.682739257812,18.154052734375,-1.18250000476837,1882.18969726562,1399.85546875,0.220651492476463,-0.0465000346302986,3
2622875.52347389,1122044.88041061,1,2510.93603515625,17.9185943603516,24.5095920562744,-1.53125,1839.44958496094,1495.49365234375,0.278959274291992,-0.0121197486296296,3
2622656.64100242,1122324.30484198,0,2418.43530273438,316.447601318359,11.1790208816528,-0.948750019073486,1905.34814453125,1338.14196777344,0.165653809905052,0.0921625196933746,3
2623234.118161,1121948.24612796,1,2565.01391601562,249.72868347168,13.4648084640503,-2.1012499332428,1765.19921875,1632.38427734375,0.307720720767975,0.0471398010849953,3
2623133.99107288,1122299.855204,0,2485.84936523438,294.89794921875,18.9022579193115,-1.82500004768372,1781.3994140625,1568.11840820312,0.206198915839195,0.0299612246453762,3
2623043.7602669,1122259.68794206,0,2477.314453125,313.582153320312,16.8754196166992,-1.71249997615814,1797.41650390625,1543.90649414062,0.215784713625908,0.0123706152662635,3
2623494.33216261,1122355.74009007,1,2632.95092773438,250.112762451172,20.7173404693604,-2.48312497138977,1776.0673828125,1573.79699707031,0.302359044551849,0.0311513189226389,3
2623732.42506365,1122237.5668409,0,2716.70581054688,247.053512573242,22.5660362243652,-2.33124995231628,1767.72546386719,1597.0693359375,0.336570382118225,0.0384329333901405,3
2623571.75601556,1122222.43135096,1,2640.9912109375,335.774658203125,19.4634685516357,-2.44562482833862,1765.640625,1602.8857421875,0.137323871254921,-0.0122621832415462,3
2623845.65017188,1122128.7077395,0,2752.95190429688,255.296234130859,21.7661914825439,-2.28125,1757.29858398438,1626.15844726562,0.326787501573563,0.0391613095998764,3
2623622.40169408,1121612.35467603,1,2645.740234375,291.095825195312,25.8532314300537,-2.48749995231628,1780.53393554688,1668.24633789062,0.345177054405212,-0.0212726853787899,3
2623678.28658048,1121405.69702372,1,2710.09887695312,280.548095703125,29.9031715393066,-2.58249998092651,1789.08776855469,1689.40283203125,0.372233271598816,0.00318562355823815,3
2623537.41009633,1121303.82353322,1,2719.83569335938,350.330841064453,17.8015480041504,-2.6949999332428,1802.59655761719,1670.57360839844,0.469379007816315,-0.00112380587961525,3
2623270.21048385,1121080.28398836,1,2798.30981445312,40.9337501525879,25.1467361450195,-2.70000004768372,1836.36560058594,1622.54162597656,0.469770282506943,-0.0775923952460289,3
2623137.48387889,1121083.77679382,1,2847.50366210938,65.4653015136719,18.7452430725098,-2.54999995231628,1857.85522460938,1579.35974121094,0.439774602651596,-0.040803711861372,3
2623274.8675574,1121676.6805088,1,2567.75756835938,2.78800201416016,26.38623046875,-2.23562502861023,1786.61267089844,1630.72998046875,0.313563942909241,-0.0279275234788656,3
2623170.08339559,1121681.48311628,1,2575.0556640625,43.6799697875977,22.281909942627,-2.11812496185303,1789.52478027344,1621.45324707031,0.351587206125259,-0.0506161861121655,3
2623440.33921289,1121726.45298555,0,2576.06396484375,251.4775390625,17.4532241821289,-2.43875002861023,1778.15405273438,1645.57434082031,0.362059414386749,0.011677416972816,3
2623392.85070662,1121409.13002121,1,2715.74560546875,73.0567626953125,17.3398990631104,-2.5,1802.46618652344,1646.78662109375,0.547081291675568,-0.031840406358242,3
2623000.50544697,1122432.37827485,0,2470.8583984375,196.409210205078,10.0130443572998,-1.53750002384186,1821.81018066406,1481.04028320312,0.238633841276169,0.136454075574875,3
2624620.33112276,1122170.02815608,0,2509.45288085938,131.554229736328,5.38847208023071,-1.53281247615814,1845.12866210938,1707.31591796875,0.399705171585083,0.0592565797269344,3
2624692.50994602,1122543.33284565,1,2536.65991210938,137.67366027832,13.5257358551025,-0.960000038146973,1900.3544921875,1578.41235351562,0.283110082149506,0.0970321595668793,3
2624784.02689037,1121904.01748041,0,2484.47607421875,58.7689094543457,11.0885391235352,-1.49500000476837,1860.66931152344,1710.46472167969,0.373860061168671,0.127514377236366,3
2624828.72935679,1121727.76278686,0,2508.48657226562,68.5829849243164,17.915002822876,-1.58843755722046,1861.10998535156,1711.67919921875,0.390551954507828,0.070949487388134,1
2624249.13243563,1122410.61894214,1,2560.86791992188,93.0565643310547,14.1395177841187,-1.82500004768372,1819.40148925781,1618.689453125,0.393763273954391,0.0203297808766365,3
2624403.25247348,1122666.46693693,0,2596.76342773438,225.069274902344,19.7909851074219,-1.44249999523163,1859.51647949219,1566.41809082031,0.268998652696609,0.0706887617707253,3
2624300.65131512,1122527.6279227,1,2574.017578125,152.215194702148,22.740795135498,-1.6800000667572,1835.66784667969,1593.10766601562,0.348175257444382,0.0468884371221066,3
2624774.78928154,1119990.35377813,1,2639.638671875,30.5023918151855,24.321159362793,-2.72499990463257,1822.36694335938,1736.81982421875,0.390138149261475,-0.0302700642496347,3
2624794.21821903,1119690.73911303,1,2727.7802734375,349.485290527344,21.0943641662598,-3,1732.04675292969,1783.080078125,0.45858508348465,-0.0611890330910683,3
2623957.24004954,1120299.68291229,1,2765.51733398438,350.342926025391,21.5015506744385,-3.02999997138977,1899.34265136719,1698.61096191406,0.188237980008125,-0.0274041891098022,3
2623731.15617386,1120175.05051233,1,2822.4814453125,45.7345428466797,19.5568904876709,-3.09625005722046,1948.36596679688,1656.72180175781,0.368524879217148,-0.0700009986758232,3
2624124.94245602,1120397.85017449,1,2731.17431640625,141.099426269531,20.9785785675049,-2.90000009536743,1885.71960449219,1705.83081054688,0.284234344959259,-0.000420556723838672,3
2624210.83881061,1120342.63108942,1,2726.85473632812,17.7166442871094,23.4035453796387,-2.8600001335144,1892.53186035156,1702.22045898438,0.217318430542946,0.0631097406148911,3
2624415.3539405,1120399.89532564,0,2669.89111328125,32.6587448120117,13.9238290786743,-2.65999984741211,1885.81579589844,1705.77978515625,0.419287264347076,0.0573397167026997,3
2624615.77876786,1120319.11184929,1,2639.65893554688,70.1891860961914,22.7317562103271,-2.54999995231628,1878.70483398438,1709.60595703125,0.447529762983322,0.0439085885882378,3
2624129.03275837,1120871.30269987,1,2666.193359375,82.6477813720703,15.2823362350464,-2.734375,1821.00573730469,1740.12756347656,0.473472774028778,0.0139002008363605,3
2624006.26888186,1121027.69257276,1,2680.7890625,60.610523223877,16.4597759246826,-2.73749995231628,1800.56909179688,1750.95849609375,0.547531545162201,-0.0182586908340454,3
2624073.30238528,1121244.54281169,0,2689.41821289062,130.963775634766,23.9377117156982,-2.60625004768372,1789.26550292969,1741.56176757812,0.41973602771759,0.0145471505820751,3
2622360.86429731,1121931.62043367,1,2480.11572265625,278.976593017578,23.7821559906006,-0.636250019073486,2021.01989746094,1254.32836914062,0.130674436688423,0.051920086145401,3
2622265.47486516,1122134.10774779,0,2452.31103515625,272.147338867188,24.6474475860596,-0.171875,2034.64453125,1218.93408203125,0.203027531504631,0.0885141715407372,3
2622346.74528418,1121387.52186861,0,2512.78051757812,271.223266601562,28.0642566680908,-1.21000003814697,2083.837890625,1249.22607421875,0.266133993864059,0.0966038033366203,3
2622335.91776109,1121246.3554488,0,2495.44116210938,259.04150390625,21.8156070709229,-1.26874995231628,2112.12646484375,1239.53771972656,0.201303899288177,0.146100237965584,3
2622593.19572969,1122567.96866899,0,2377.95751953125,246.402053833008,21.0688018798828,-0.700000047683716,1922.35656738281,1263.37121582031,0.0625920072197914,0.140114590525627,3
2622683.69878864,1122557.07478223,0,2406.1787109375,242.953689575195,23.9929180145264,-0.850000023841858,1904.65502929688,1303.10620117188,0.0852246731519699,0.183670684695244,3
2623570.90262145,1121494.1343696,1,2662.94604492188,337.997802734375,12.3882656097412,-2.50531244277954,1788.10180664062,1668.34155273438,0.379394888877869,0.00495140161365271,3
2624810.82092879,1119475.88309466,1,2772.30419921875,3.87965393066406,24.338924407959,-3.20749998092651,1670.40258789062,1814.70727539062,0.648151040077209,-0.0452305376529694,3
2622574.30131548,1122806.18910433,0,2422.9365234375,239.853942871094,29.6576843261719,-0.649999976158142,1931.18115234375,1206.056640625,0.122110061347485,0.148697450757027,3
2622589.25502229,1123665.10748246,0,2414.06030273438,273.091857910156,26.7014007568359,-0.665000021457672,1952.90490722656,1088.4052734375,0.112363092601299,0.0365923754870892,3
2625058.50390132,1122576.67815568,0,2435.41040039062,108.42219543457,18.7765483856201,-0.0912499949336052,1988.91662597656,1476.02648925781,0.323945283889771,0.0768235847353935,1
2623778.44751905,1124377.03343235,1,2383.08447265625,351.362243652344,13.2400732040405,-0.3203125,1934.93103027344,1166.36706542969,-0.0502055026590824,0.217820957303047,3
2623236.1399452,1121580.48092681,1,2614.0283203125,3.94654083251953,32.5756149291992,-2.20437502861023,1796.39514160156,1623.77087402344,0.338194847106934,-0.0897126719355583,3
2624021.50767302,1122735.85775314,1,2701.22412109375,121.780868530273,27.9318504333496,-1.85687506198883,1825.2373046875,1507.41857910156,0.335021644830704,0.0362055338919163,3
2624266.46434752,1122227.0601646,1,2570.513671875,64.7745513916016,30.7997760772705,-1.93812501430511,1806.09252929688,1667.75817871094,0.361378103494644,0.0116649800911546,3
2624426.54946943,1121325.18421561,1,2630.2666015625,78.501838684082,7.45640659332275,-2.51312494277954,1795.78637695312,1748.91076660156,0.480085104703903,-0.000753558822907507,1
2624733.26501451,1119637.24793902,1,2737.71313476562,61.1329803466797,13.8499736785889,-3.15000009536743,1726.31372070312,1786.16564941406,0.474402099847794,-0.0662602484226227,3
2617484.97110844,1121447.34853285,1,2679.9326171875,127.772193908691,28.7263374328613,-2.50125002861023,1711.94616699219,1814.42895507812,0.264204531908035,0.0338416583836079,3
2618548.59772863,1123497.2779055,0,2385.38598632812,62.7832183837891,13.1087064743042,-1.3595312833786,1857.14318847656,1278.14282226562,0.185068115592003,0.119249440729618,3
2622639.61357619,1122207.15032785,0,2448.00244140625,351.022338867188,21.6798534393311,-1.0550000667572,1902.55187988281,1364.00939941406,0.182032942771912,-0.0115328999236226,3
2623294.09706772,1122834.18289643,0,2663.5400390625,203.966125488281,25.1786975860596,-2.09999990463257,1815.68872070312,1463.26062011719,0.152687206864357,0.172999933362007,3
2616561.68353501,1121529.38147873,1,2753.3759765625,311.905517578125,26.4139213562012,-2.4762499332428,1839.45324707031,1788.28649902344,0.863267421722412,-0.159927323460579,3
2608979.68028452,1101682.55025984,0,2323.34204101562,259.187347412109,25.61838722229,0.595624983310699,2053.42700195312,1256.04553222656,-0.00829640775918961,0.142541483044624,4
2629960.5610696,1100668.21310462,1,2711.60498046875,259.256530761719,30.6456775665283,-2.04250001907349,2129.66943359375,1342.30456542969,0.0449634045362473,0.040232852101326,3
2628970.12567774,1121534.14506876,0,2529.65014648438,16.3403625488281,8.83214855194092,-1.50593757629395,1732.22741699219,1412.77600097656,0.34296989440918,0.0762460604310036,3
2633595.67004151,1114739.21093434,1,2601.96508789062,86.1268310546875,22.5877380371094,-1.98749995231628,1830.13061523438,1395.705078125,0.32300791144371,0.0341625809669495,3
2646921.02071758,1120481.74426107,1,2772.19677734375,221.172805786133,24.3866100311279,-2.84281253814697,1943.23620605469,1198.53039550781,0.222984418272972,0.0187992211431265,3
2625963.28965956,1119335.56468324,0,2635.0830078125,329.985595703125,19.2149753570557,-2.59187507629395,1519.59020996094,1786.41040039062,0.527515828609467,-0.052499458193779,1
2579282.03306501,1084285.90444957,0,2388.97192382812,342.41064453125,15.0784587860107,-0.775624990463257,2198.55932617188,1515.3388671875,0.120103105902672,0.0246496200561523,2
2579036.18469001,1083778.62527028,1,2515.22631835938,306.25927734375,14.024790763855,-1.56937503814697,2199.5771484375,1492.00256347656,0.190160468220711,-0.0394570156931877,3
2578884.91390477,1083497.16678574,1,2637.17456054688,13.237190246582,28.3012199401855,-2.10859370231628,2164.81396484375,1492.20703125,0.363085269927979,-0.0688005313277245,3
2578703.27834993,1083657.65560458,1,2597.03564453125,17.9450454711914,22.811014175415,-2.02999997138977,2139.55737304688,1517.13781738281,0.472473323345184,-0.116462245583534,2
2578414.82121222,1083461.56302225,1,2697.83471679688,34.1469802856445,30.0310306549072,-2.4537501335144,2054.55517578125,1551.96704101562,0.743280053138733,-0.192162051796913,2
2577955.2335387,1083711.38178745,1,2546.75170898438,43.5575828552246,21.2555656433105,-2.3199999332428,1965.19494628906,1602.96862792969,0.455748230218887,-0.0881563946604729,2
2577939.47214529,1083605.22158915,1,2584.10546875,36.7249565124512,24.7645816802979,-2.41000008583069,1963.03833007812,1602.87744140625,0.473642796278,-0.0992802977561951,2
2577842.143181,1083625.44578957,1,2587.2919921875,36.717830657959,12.4695158004761,-2.41249990463257,1960.94250488281,1592.38220214844,0.586213111877441,-0.0906630754470825,2
2577520.66397933,1083640.68240739,1,2652.72143554688,344.625946044922,24.4507598876953,-2.4925000667572,1949.38793945312,1559.26086425781,0.588048934936523,-0.0664948746562004,2
2577366.83573109,1083763.97288747,0,2625.94799804688,42.9642524719238,23.431604385376,-2.40937495231628,1923.04052734375,1550.98693847656,0.740308105945587,-0.0688949450850487,2
2577018.18719828,1084501.25960321,1,2723.7080078125,55.5812606811523,26.5974102020264,-2.49703121185303,1866.88610839844,1530.57214355469,0.634287178516388,-0.0449131205677986,2
2576763.46729737,1085303.14385837,1,2604.31005859375,11.4048538208008,31.3508930206299,-2.5,1811.55932617188,1546.68762207031,0.558681070804596,-0.0964453890919685,2
2576922.60991848,1085475.48029458,1,2543.18017578125,339.956420898438,31.8742809295654,-2.5,1805.63757324219,1572.76452636719,0.43854957818985,-0.101886242628098,2
2577830.11342035,1085173.01942377,0,2657.75952148438,105.338668823242,9.40459823608398,-2.06937503814697,1873.64001464844,1636.0087890625,0.505163192749023,-0.00398124847561121,2
2577962.94002199,1085544.81923952,0,2689.8818359375,77.5514755249023,18.9035320281982,-1.99624991416931,1893.81848144531,1629.22631835938,0.48282989859581,-0.00326834176667035,2
2578621.07231397,1085900.48178016,0,2612.8779296875,129.35758972168,16.2702083587646,-1.77499997615814,1950.89733886719,1604.84765625,0.292826384305954,0.0945822522044182,2
2579904.93351796,1086063.9251557,0,2438.84301757812,138.058074951172,18.5069198608398,-0.245000004768372,2279.291015625,1411.7578125,0.129558354616165,0.0889908820390701,1
2580134.12017397,1086585.65144235,1,2284.203125,166.395950317383,7.54809856414795,-0.0078125,2311.37841796875,1369.05639648438,0.194208860397339,0.188398584723473,1
2579263.79184328,1086739.79602519,0,2461.21337890625,48.2237968444824,3.94066286087036,-1.66875004768372,1979.41528320312,1583.23828125,0.336891651153564,0.119067393243313,1
2578861.86127583,1086410.41957706,1,2611.65454101562,8.35361480712891,15.0026969909668,-2.04999995231628,1918.04479980469,1606.77282714844,0.248804226517677,0.00345950294286013,2
2578756.93137117,1086387.60872832,1,2617.8369140625,15.0268402099609,14.9720287322998,-2.15000009536743,1902.46508789062,1611.11291503906,0.187287285923958,0.0217055641114712,2
2579192.41081006,1087464.62093584,0,2559.3349609375,128.063674926758,13.3785352706909,-1.50750005245209,1973.06701660156,1565.98547363281,0.321737498044968,0.0988920927047729,1
2580245.85312515,1086907.72094971,0,2294.93237304688,165.021209716797,25.3236389160156,-0.0750000029802322,2323.92651367188,1346.10437011719,0.0501316972076893,0.302270293235779,1
2577325.38389514,1083715.38490995,1,2650.66333007812,28.0233840942383,13.8385820388794,-2.36437511444092,1928.52746582031,1543.36083984375,0.745193421840668,-0.0672103688120842,2
2584126.15886046,1084931.40801036,1,2540.025390625,27.4993667602539,31.2482681274414,-2.80937504768372,1836.07116699219,1822.24487304688,0.630383133888245,-0.141482546925545,1
2583571.13391868,1085084.88159882,0,2668.94287109375,11.088264465332,26.5980186462402,-2.88187503814697,1973.73474121094,1680.32385253906,0.643498420715332,-0.17843259871006,3
2583466.40833428,1085005.87265213,1,2718.14892578125,22.4217300415039,18.9041061401367,-2.9375,1996.62475585938,1639.48193359375,0.633883953094482,-0.152007222175598,3
2584522.89447083,1084800.05453368,1,2588.75537109375,342.847473144531,30.9732971191406,-2.875,1758.29357910156,1884.10144042969,0.874359309673309,-0.163244470953941,3
2583458.76563922,1084353.55826295,1,2763.9775390625,277.614379882812,14.6441287994385,-3.34999990463257,1906.56274414062,1668.41687011719,0.910706102848053,-0.0880689546465874,3
2583483.55276045,1083425.69371695,1,2785.54907226562,351.488891601562,7.18487215042114,-3.42687487602234,1679.03491210938,1756.60949707031,0.887738704681396,-0.0781547501683235,3
2585783.54767719,1087627.12302153,1,2756.13012695312,298.497009277344,16.6428451538086,-3.29999995231628,1514.79870605469,1713.30102539062,0.522132754325867,0.0018889547791332,1
2585997.25301534,1087711.75240973,1,2830.294921875,288.573089599609,22.2567844390869,-3.90000009536743,1369.67077636719,1857.27319335938,0.766892313957214,-0.0677190870046616,1
2585497.08710466,1088134.30227351,1,2896.54541015625,123.267883300781,36.9455718994141,-3.75,1500.03979492188,1740.03491210938,0.512068748474121,-0.0162203498184681,3
2585790.65842323,1087402.86103444,1,2783.12573242188,272.604919433594,18.7134799957275,-3,1585.70666503906,1653.21142578125,0.79655247926712,-0.062899574637413,1
2583277.81965847,1085085.81111603,1,2759.24682617188,58.42138671875,17.8632736206055,-2.37937498092651,2078.61059570312,1542.59106445312,0.680097877979279,-0.0414606928825378,3
2584201.66542707,1088729.72011925,1,2546.439453125,331.175048828125,11.9716196060181,-1.89999997615814,2130.65625,1299.94677734375,0.0678935199975967,0.0370208024978638,1
2584484.12619099,1088547.7456189,1,2621.02368164062,346.142486572266,20.7695465087891,-2.44999980926514,2047.0693359375,1378.96362304688,0.098208025097847,0.0344705730676651,1
2584657.84259453,1088357.71102788,1,2673.32958984375,330.262145996094,20.11305809021,-2.5,2022.26391601562,1409.67468261719,0.122908629477024,0.0615619979798794,3
2578916.45411897,1081284.78573793,1,2543.20629882812,353.900115966797,24.0543193817139,-1.62937498092651,1899.46704101562,1567.76062011719,0.253044962882996,-0.0708040669560432,3
2579090.15796078,1081418.26990678,1,2547.21313476562,313.973571777344,36.6628913879395,-1.52999997138977,1967.85021972656,1537.39038085938,0.163155153393745,-0.1304662078619,3
2580019.32314137,1079423.00559184,1,2604.3447265625,2.37152099609375,28.9510841369629,-1.90374994277954,1977.38366699219,1391.32275390625,0.238575950264931,-0.109010815620422,3
2579290.05450126,1080381.46282113,0,2596.2529296875,133.510650634766,12.8196992874146,-1.75,2015.36962890625,1435.45812988281,0.250877648591995,0.0966515094041824,3
2580233.91009447,1078935.76329907,0,2608.4970703125,83.1513442993164,17.9954795837402,-1.45875000953674,2064.38134765625,1277.50341796875,0.337705940008163,0.0123595837503672,3
2580741.21283559,1078779.73306701,1,2601.22802734375,352.594757080078,25.5985527038574,-1.75,2068.93408203125,1256.9482421875,0.20892745256424,-0.0351396985352039,3
2580971.90433408,1080600.94691927,0,2480.3564453125,328.148071289062,17.0301303863525,-1.32375001907349,1968.99267578125,1529.76904296875,0.29241669178009,0.0162375252693892,3
2583112.36861913,1082371.66642597,1,2715.30053710938,332.726654052734,35.493839263916,-2.72499990463257,1704.10705566406,1692.75158691406,0.412551730871201,-0.141761973500252,3
2583744.93454401,1083364.92564695,1,2872.85229492188,233.141082763672,30.146463394165,-4,1521.64306640625,1863.37365722656,0.848021566867828,-0.0582219287753105,3
2583912.93113729,1083279.36216467,1,2912.80078125,240.466217041016,31.5753078460693,-4.34999990463257,1406.25805664062,1932.57763671875,0.860853791236877,-0.0664561167359352,3
2586923.35704338,1086602.70346063,1,2969.44262695312,243.045028686523,34.1371269226074,-4.44999980926514,1443.7177734375,1774.23693847656,0.771179854869843,-0.0527665801346302,3
2586595.57238645,1086164.72973431,1,2652.34301757812,201.582275390625,23.7962913513184,-3.04999995231628,1607.48754882812,1684.70886230469,0.288623243570328,0.0525678507983685,3
2585790.58001463,1086905.72340311,1,2686.82788085938,278.0048828125,23.9683113098145,-2.5,1733.39147949219,1566.71472167969,0.561806678771973,-0.0677530020475388,3
2584451.61586084,1089994.91292892,1,2693.79711914062,244.915679931641,26.5578517913818,-2.40000009536743,1769.00183105469,1574.77587890625,0.4928278028965,-0.00122194131836295,3
2584533.14464266,1089483.47982251,1,2647.88549804688,310.974487304688,14.3221826553345,-2.55000019073486,1781.451171875,1571.29919433594,0.286856204271317,-0.00927349738776684,3
2584811.67812559,1088284.199796,1,2728.2724609375,293.619079589844,15.1352367401123,-2.65000009536743,1975.19836425781,1452.76892089844,0.228737384080887,0.000412569352192804,3
2580239.4248204,1079055.73398362,0,2606.37890625,107.457275390625,6.89363622665405,-1.52499997615814,2016.4814453125,1319.84790039062,0.470316559076309,-0.0102882366627455,3
2580468.43344701,1078915.38741248,0,2543.9443359375,20.5707473754883,20.0653343200684,-1.4962500333786,2049.69653320312,1285.89831542969,0.325637608766556,-0.0440308190882206,3
2581127.44603868,1079652.34697651,1,2709.4873046875,285.925201416016,13.6860542297363,-2.06874990463257,1889.0517578125,1487.57934570312,0.403957664966583,-0.020827753469348,3
2580787.22465999,1079999.71174327,1,2501.56396484375,276.166778564453,26.8620014190674,-1.41250002384186,1934.60498046875,1502.74597167969,0.432235568761826,0.00232789805158973,3
2580936.04525094,1079345.18127774,0,2587.36181640625,252.421127319336,8.95064163208008,-1.92499995231628,1938.01049804688,1410.63293457031,0.390723019838333,0.0348624214529991,3
2580958.22283578,1081446.68828904,0,2345.07885742188,297.5966796875,28.5929393768311,-0.188749998807907,2102.31225585938,1477.78552246094,0.2246333360672,0.104568846523762,3
2580959.04330636,1081681.95825782,0,2324.80615234375,274.756225585938,31.7930812835693,0.0718749985098839,2134.97119140625,1458.42993164062,0.29916787147522,0.113131791353226,3
2578778.74501904,1082655.75440243,0,2521.71728515625,113.04866027832,10.1273145675659,-1.375,2042.08874511719,1542.74060058594,0.272002935409546,0.141838192939758,2
2578724.49536282,1083003.02545905,1,2616.48681640625,130.805694580078,9.72121143341064,-1.77499997615814,2071.15307617188,1521.66662597656,0.494897305965424,0.00272755813784897,2
2579430.40386038,1083347.20607148,0,2518.0927734375,155.925186157227,8.17388916015625,-1.42499995231628,2314.23291015625,1396.59655761719,0.277799040079117,0.0939169898629189,3
2579737.25989655,1083481.7632636,0,2454.30249023438,125.453369140625,20.4752025604248,-0.918124973773956,2322.27661132812,1396.32165527344,0.193589016795158,0.0758237615227699,3
2583374.91923782,1083554.88771169,0,2738.87426757812,312.590576171875,13.5036010742188,-3.125,1768.70617675781,1704.17199707031,0.832787990570068,-0.0625975653529167,3
2583194.62080462,1083868.51263091,1,2722.04760742188,349.30908203125,15.9244394302368,-2.59999990463257,1951.65502929688,1586.42431640625,0.701930463314056,-0.0799523293972015,3
2583733.6700443,1084829.69403752,1,2719.4638671875,26.2106170654297,24.0291137695312,-3.1018750667572,1893.72265625,1736.99438476562,0.789429545402527,-0.125020876526833,3
2584883.90157234,1084679.17185266,1,2689.31884765625,64.3348693847656,11.6732997894287,-2.77500009536743,1709.64099121094,1911.32153320312,0.891473293304443,-0.0719468370079994,3
2573382.5162757,1080330.58532872,0,2659.47973632812,55.2948837280273,21.8677177429199,-2.52812504768372,1792.3603515625,1689.14526367188,0.579723417758942,-0.0639307126402855,2
2573405.88524772,1080219.23905057,0,2660.32568359375,70.7200775146484,29.6291847229004,-2.64750003814697,1783.96228027344,1691.6962890625,0.529972791671753,-0.0494371578097343,2
2573431.10453323,1080803.35834096,1,2591.67211914062,353.51123046875,22.072696685791,-1.87000000476837,1787.49194335938,1709.3369140625,0.490889549255371,-0.0438289679586887,2
2581522.80222276,1080758.46937297,1,2598.2666015625,334.960083007812,28.7758560180664,-2.26250004768372,1897.17602539062,1576.119140625,0.213089853525162,-0.0320628769695759,3
2581119.97445418,1081306.08055187,0,2432.19921875,257.754608154297,15.3622465133667,-0.800000011920929,2042.48291015625,1511.46838378906,0.257748812437057,0.0666438862681389,3
2581353.80109304,1081139.15506974,0,2505.73193359375,231.984222412109,17.5618572235107,-1.50125002861023,1973.74072265625,1548.39147949219,0.330527544021606,0.0245639160275459,3
2581102.28222691,1081795.72385758,0,2407.0244140625,274.049865722656,24.4717350006104,-0.0499999970197678,2118.04736328125,1468.85412597656,0.313325434923172,0.0326702557504177,3
2579135.2986992,1080847.71067887,0,2652.41552734375,87.3854827880859,29.5253143310547,-1.74374997615814,1964.98217773438,1499.30383300781,0.30671352148056,0.0518374927341938,3
2582799.55606576,1082310.76536942,1,2700.63623046875,354.573211669922,23.3112621307373,-2.3199999332428,1766.60949707031,1652.97399902344,0.759992480278015,-0.0803224742412567,3
2578337.27885587,1083486.39204926,1,2712.16943359375,25.3257293701172,29.4305419921875,-2.47937512397766,2034.30920410156,1564.83312988281,0.708399057388306,-0.133883148431778,2
2578076.1623992,1085234.98469182,0,2602.85327148438,129.962615966797,20.8169136047363,-1.76687502861023,1934.42492675781,1612.89208984375,0.38445183634758,0.0417856462299824,2
2578329.46258349,1085662.09755473,0,2607.74609375,134.893753051758,12.4931135177612,-1.7462500333786,1961.94201660156,1600.31005859375,0.38058865070343,0.0349912717938423,2
2578809.03720048,1085818.42298205,0,2560.98168945312,132.092483520508,15.5534420013428,-1.52499997615814,1995.54284667969,1585.84228515625,0.258031159639359,0.101598910987377,1
2579053.85871771,1085786.62797974,0,2505.35400390625,163.919723510742,19.9779758453369,-1.22500002384186,2040.17810058594,1567.373046875,0.18197825551033,0.142030090093613,1
2578872.92325635,1086341.24498557,1,2627.103515625,16.801872253418,22.4177570343018,-1.97500002384186,1920.62365722656,1608.6533203125,0.235230043530464,-0.0610914453864098,2
2578967.48229467,1086438.29304592,1,2582.35717773438,55.5136833190918,19.8375835418701,-1.97500002384186,1938.33361816406,1598.94152832031,0.247906923294067,-0.0209307875484228,2
2579545.75389746,1087258.40538393,0,2470.9033203125,169.570617675781,13.5882377624512,-1.43124997615814,2029.63464355469,1547.19689941406,0.184435114264488,0.130042836070061,1
2580942.34937039,1087888.74130212,0,2189.61352539062,55.9105606079102,22.8511962890625,1.40499997138977,2492.06958007812,1213.14135742188,0.0844911932945251,0.287767201662064,1
2580414.55233308,1088299.69170594,0,2279.2431640625,67.1831207275391,15.4659719467163,0.595000028610229,2311.97192382812,1356.80932617188,0.187792271375656,0.0864527374505997,1
2580594.19409547,1088836.62980569,0,2138.14819335938,353.772094726562,9.74087333679199,1.20000004768372,2343.673828125,1330.2705078125,0.0820982381701469,0.320902198553085,1
2580573.12990654,1088729.71911077,0,2164.18627929688,21.4399185180664,8.05716133117676,1.14999997615814,2345.01123046875,1329.1484375,0.141128733754158,0.233126923441887,1
2580628.77116071,1088158.20394601,0,2264.6689453125,18.3671569824219,18.6080322265625,0.790624976158142,2392.49438476562,1289.36950683594,0.166068598628044,0.217088162899017,1
2579424.93288857,1088122.43456907,0,2420.7138671875,53.2497215270996,10.9599351882935,-0.875,1980.34814453125,1567.88269042969,0.058600727468729,0.213103175163269,1
2580388.32145604,1088724.94986053,0,2191.18896484375,55.1980781555176,16.5577831268311,0.827499985694885,2315.05053710938,1354.23999023438,0.145048409700394,0.177240028977394,1
2579965.44792636,1088599.35960199,0,2312.5009765625,60.516773223877,7.72613763809204,0.159999996423721,2203.00634765625,1432.93786621094,0.252284228801727,0.0932271108031273,2
2577061.76934856,1085505.30845066,1,2539.34057617188,353.283874511719,24.6892871856689,-2.49031257629395,1808.61730957031,1593.30053710938,0.429333329200745,-0.10004710406065,2
2575886.54657813,1086090.33649187,0,2620.92822265625,79.6026458740234,17.2362766265869,-1.64999997615814,1845.27978515625,1303.20227050781,0.447539508342743,0.0315447933971882,2
2577274.79586302,1086653.50546791,0,2353.88305664062,122.481460571289,13.1786212921143,-0.758750021457672,1833.79650878906,1541.9775390625,0.206983178853989,0.147549629211426,1
2576749.38345106,1086662.24909375,0,2506.24877929688,155.218505859375,14.5070753097534,-1.36250007152557,1712.81811523438,1504.6630859375,0.215063944458961,0.210147529840469,2
2576346.38179776,1086556.53071158,0,2561.92846679688,82.6359710693359,13.3140649795532,-1.5237500667572,1746.19897460938,1411.84045410156,0.313195139169693,0.169567778706551,2
2576852.31977052,1087271.52082357,0,2604.76513671875,74.6224899291992,3.99095869064331,-1.65375006198883,1696.72888183594,1468.83740234375,0.0809357613325119,0.0070918183773756,2
2576914.32002462,1087833.10005009,1,2563.662109375,27.5564994812012,23.5399684906006,-1.46312499046326,1747.953125,1453.88366699219,0.365820646286011,-0.126903846859932,2
2576834.4350815,1087840.25392563,1,2559.88208007812,5.19901275634766,11.859224319458,-1.61374998092651,1726.95251464844,1438.50805664062,0.188208177685738,0.0627842396497726,2
2577815.16186099,1088761.91155177,0,2179.76220703125,79.6365051269531,20.729362487793,-0.378125011920929,1971.69812011719,1427.07177734375,0.133539348840714,0.296184480190277,2
2577167.92647131,1090124.97025661,0,2304.89965820312,41.2527732849121,18.1768779754639,-0.0125000001862645,2022.90026855469,1255.34582519531,0.0536514110863209,0.149161994457245,2
2583486.85418937,1082631.71991574,1,2834.23193359375,335.669769287109,34.9803466796875,-3.44687485694885,1584.93334960938,1772.71276855469,0.767386198043823,-0.198258236050606,3
2583670.37103308,1083404.16756046,0,2849.193359375,245.557571411133,23.786060333252,-3.84999990463257,1565.54235839844,1834.28356933594,0.869071781635284,-0.0558796562254429,3
2583908.62864598,1083186.77922768,1,2884.28491210938,237.505523681641,21.0636940002441,-4.30000019073486,1390.7978515625,1928.67822265625,0.8789302110672,-0.0730967968702316,3
2580506.41428109,1084286.76419257,0,2312.41235351562,85.6005554199219,16.1959667205811,-0.149062499403954,2517.66772460938,1271.55078125,0.134144723415375,0.172700151801109,3
2585207.94686469,1090769.69720793,1,2975.05029296875,237.075531005859,32.1402053833008,-4.32499980926514,1329.01647949219,2047.27185058594,0.903108417987823,-0.112288691103458,3
2583798.2687014,1092465.41689793,0,2584.32153320312,138.269622802734,19.3652420043945,-1.74874997138977,2255.73413085938,1240.62341308594,0.0911942720413208,0.23637929558754,3
2585201.89085793,1092988.06161724,1,2947.90576171875,224.891586303711,23.5618782043457,-4.19999980926514,1548.22863769531,1929.48510742188,0.876931488513947,-0.0525562316179276,3
2584057.9913613,1093875.3235877,0,2792.85571289062,192.767135620117,31.4470558166504,-3.31874990463257,1876.15759277344,1653.9365234375,0.295139163732529,0.0774864032864571,3
2577939.36882479,1091643.92035967,0,2071.50366210938,49.3271026611328,11.9173154830933,1.89999997615814,2111.79150390625,1106.30700683594,-0.188717871904373,0.504919826984406,2
2577389.27529047,1091080.01354648,0,2242.2138671875,16.791618347168,12.8598728179932,0.541249990463257,2012.8447265625,1230.57580566406,-0.139886945486069,0.23845548927784,2
2575814.24186435,1079552.28459269,0,2555.30981445312,344.692626953125,28.3354434967041,-1.72437500953674,1591.10461425781,1738.85083007812,0.404247909784317,-0.0377264730632305,2
2575246.40634171,1081403.74180822,0,2341.49462890625,50.6079177856445,26.4589881896973,0.375,1927.92504882812,1645.76037597656,0.126502439379692,0.165492579340935,2
2576529.79758304,1083365.58587953,0,2496.7080078125,274.003021240234,17.5444622039795,-1.52500009536743,2043.24450683594,1460.22692871094,0.506147444248199,0.0174373891204596,2
2576923.64129512,1083516.07151061,1,2712.85791015625,292.408294677734,32.8543701171875,-1.93937492370605,1997.69555664062,1485.15490722656,0.538741648197174,-0.130107149481773,2
2576421.25815369,1084473.25599644,0,2653.8583984375,192.712463378906,12.1221942901611,-2.32406234741211,1944.56726074219,1410.98913574219,0.620649576187134,-0.0375462509691715,2
2576738.81820766,1082642.886125,0,2595.79028320312,205.956146240234,26.2878723144531,-1.75,2045.14953613281,1531.18432617188,0.38168141245842,0.0311193112283945,2
2576922.71948462,1082613.38817577,0,2602.57299804688,174.304992675781,23.534029006958,-1.92499995231628,2045.32495117188,1532.67724609375,0.421602696180344,0.0190786272287369,2
2576633.27085805,1083047.10020965,1,2590.40063476562,306.71630859375,23.2418975830078,-1.625,2042.34350585938,1507.30285644531,0.4664246737957,-0.0601158030331135,2
2571118.92500219,1091058.58572797,1,2874.27001953125,332.965454101562,19.2979621887207,-3.40000009536743,645.96728515625,2099.85546875,0.829446852207184,-0.109808683395386,4
2571337.88582054,1091668.57873487,1,2676.76782226562,317.586883544922,26.0963039398193,-2.22874999046326,881.974182128906,1871.4140625,0.567082822322845,-0.130558729171753,4
2578458.97928675,1081327.78791785,0,2552.34301757812,14.9331130981445,34.9973945617676,-1.71624994277954,1825.75427246094,1632.08569335938,0.0699774771928787,-0.103877402842045,2
2584064.46736181,1089618.36914625,0,2524.20703125,256.736450195312,25.2223854064941,-1.64999997615814,2047.66748046875,1329.36962890625,0.191067904233932,0.1205028668046,3
2583504.07100685,1089716.30249001,0,2264.37744140625,234.258590698242,17.4490146636963,-0.490624994039536,2295.64086914062,1091.48913574219,0.0332553684711456,0.336288958787918,1
2583614.67107656,1089127.44142381,0,2345.0087890625,22.3402481079102,27.2155666351318,-0.75,2337.2294921875,1104.40905761719,0.0211466327309608,0.178628101944923,3
2585369.52267781,1089422.43161567,0,2968.01049804688,153.294738769531,27.4864864349365,-4.25,1212.30456542969,2075.19116210938,0.852055907249451,-0.0433814227581024,3
2585527.64422199,1089716.14663451,1,3094.50439453125,163.542266845703,29.3246917724609,-4.78875017166138,1109.60021972656,2225.86279296875,0.836931467056274,-0.0435302518308163,3
2574453.3950289,1079962.54443218,0,2463.955078125,22.4167709350586,25.8039531707764,-2.07500004768372,1638.7919921875,1781.98791503906,0.199265852570534,0.0634466558694839,2
2573842.4745205,1079947.01549756,1,2612.791015625,56.7620239257812,27.3757705688477,-2.70000004768372,1644.84948730469,1779.93859863281,0.495964169502258,-0.0483733862638474,2
2573915.98903849,1079927.0954346,0,2595.48999023438,34.298152923584,23.9197864532471,-2.65000009536743,1640.74841308594,1780.70776367188,0.564552545547485,-0.082396388053894,2
2575366.71504996,1081052.3418453,0,2366.21411132812,117.302062988281,17.5152378082275,0.6875,1884.93530273438,1663.83898925781,0.180597126483917,0.26733985543251,2
2577652.30512827,1080852.85890126,0,2684.56518554688,273.628570556641,26.4351196289062,-2.44749999046326,1825.40600585938,1636.05920410156,0.68403947353363,-0.106593288481236,2
2577206.13637179,1080679.40529236,1,2658.14404296875,330.264892578125,16.621753692627,-2.14750003814697,1848.28015136719,1611.86193847656,0.515518248081207,-0.0729608163237572,2
2579055.31338239,1083047.33528464,0,2552.06127929688,165.625076293945,15.8274908065796,-1.5,2199.798828125,1447.01110839844,0.31108221411705,0.105745650827885,3
2579968.18183208,1082376.23501094,0,2108.71264648438,63.504638671875,26.8526706695557,0.146874994039536,2186.3955078125,1448.17529296875,0.0620760880410671,0.335594028234482,3
2581284.97029585,1080890.46284395,0,2469.427734375,262.408508300781,10.316596031189,-1.60500001907349,1956.42236328125,1550.38708496094,0.102611377835274,0.178383186459541,3
2581144.44075141,1080718.38585087,0,2488.068359375,330.796844482422,18.5742588043213,-1.53562498092651,1956.09692382812,1543.73669433594,0.219705790281296,0.0442476123571396,3
2579499.15935672,1080630.09396584,1,2554.83422851562,37.7904853820801,28.3739585876465,-1.498046875,2006.26733398438,1465.61108398438,0.329803645610809,0.0490861907601357,3
2578126.72856218,1081645.75445928,0,2495.56494140625,98.0830688476562,32.3532791137695,-1.875,1856.75170898438,1656.23291015625,0.259352445602417,0.0439941436052322,1
2577882.6974665,1081861.7293199,0,2569.74780273438,47.0350608825684,25.7502784729004,-2.125,1898.45166015625,1650.22155761719,0.559654891490936,-0.0525750741362572,2
2576523.81289593,1083494.5388409,0,2523.1474609375,216.001800537109,15.9329347610474,-1.5310937166214,2036.39135742188,1444.01806640625,0.483474910259247,0.0481251515448093,2
2576036.58023587,1086526.49106245,0,2626.5419921875,175.2607421875,12.6733150482178,-1.48343753814697,1816.498046875,1299.90930175781,0.257598340511322,0.186503082513809,2
2578036.95106,1086633.44457073,0,2443.37841796875,293.628479003906,24.4865856170654,-1.484375,1904.54846191406,1595.494140625,0.18202231824398,-0.0551498271524906,2
2578106.48425843,1086960.5436623,0,2404.71704101562,293.514831542969,22.0114860534668,-1.42999994754791,1919.05212402344,1569.73413085938,0.0511760860681534,0.000440194009570405,2
2577198.23546291,1087131.15393353,0,2495.31005859375,63.797550201416,25.6232051849365,-0.987500011920929,1772.36047363281,1506.32531738281,0.104758821427822,0.110378876328468,2
2576794.79235146,1087367.49933831,1,2615.17041015625,159.931610107422,23.0862007141113,-1.8125,1691.21130371094,1458.89367675781,0.244837760925293,0.0236071106046438,2
2577190.71746091,1090183.42162198,0,2305.33325195312,148.825714111328,15.8526582717896,-0.0500000007450581,2025.14172363281,1257.16870117188,0.0895920023322105,0.182598918676376,2
2577765.96260612,1090244.3897038,0,2189.0458984375,35.1227836608887,21.2264766693115,0.324999988079071,2032.57141113281,1277.3212890625,0.0470952354371548,0.363776415586472,2
2578930.13883046,1086607.55374569,0,2531.11962890625,39.4209289550781,22.7733211517334,-2.01749992370605,1934.00402832031,1592.75891113281,0.252925306558609,0.0175579823553562,2
2583680.90710128,1085139.48984672,0,2611.83325195312,25.3450622558594,30.9415988922119,-2.73624992370605,1974.07922363281,1691.7919921875,0.614558517932892,-0.173945799469948,3
2584120.15037625,1085815.21270978,0,2505.68017578125,82.9774169921875,10.7416200637817,-0.940625011920929,2101.005859375,1556.85375976562,0.206324532628059,0.15780121088028,1
2583552.59936396,1085540.80273231,0,2579.2587890625,132.475845336914,17.529411315918,-2.27749991416931,2076.05249023438,1574.93908691406,0.334233164787292,0.0742175877094269,3
2583384.01985536,1085467.75161203,0,2622.4296875,118.111808776855,24.8965663909912,-2.27187490463257,2113.81640625,1521.78967285156,0.29556131362915,0.0968324765563011,3
2584265.02192001,1085952.12102314,0,2472.64331054688,78.8292694091797,20.6462535858154,-0.498750001192093,2131.97778320312,1521.34326171875,0.291480630636215,0.137882262468338,1
2584931.28506917,1090684.21491222,1,2853.55639648438,309.598876953125,29.9733066558838,-3.59999990463257,1400.97045898438,1953.1435546875,0.762659549713135,-0.156329318881035,3
2577213.33353322,1080952.56865795,0,2608.63256835938,331.855773925781,15.4243535995483,-2.1012499332428,1849.88745117188,1654.49377441406,0.36335489153862,-0.0918640792369843,2
2577222.85906808,1080852.81720742,0,2643.74658203125,299.144195556641,28.0928764343262,-2.12874984741211,1850.21936035156,1638.07788085938,0.414723932743073,-0.112503238022327,2
2581461.91701368,1080814.3271661,1,2542.322265625,314.969360351562,26.7149715423584,-2.06687498092651,1913.13122558594,1572.673828125,0.202475801110268,-0.0119612039998174,3
2579586.58098036,1087344.03532443,0,2497.8955078125,223.715774536133,17.7671737670898,-1.40812504291534,2035.65966796875,1542.26501464844,0.241820588707924,0.0768253654241562,1
2578420.13802433,1083118.10454824,0,2721.44799804688,120.933792114258,29.5441818237305,-2.15312504768372,2025.56787109375,1552.73400878906,0.336196303367615,0.0562644377350807,2
2576855.44338352,1087868.71182848,0,2556.5341796875,138.32666015625,6.72570514678955,-1.55624997615814,1734.14306640625,1440.93005371094,0.125649958848953,0.0671354085206985,2
2584941.58547107,1088476.64396839,1,2766.88110351562,305.193542480469,27.3118171691895,-3.34999990463257,1816.98742675781,1575.44995117188,0.383765429258347,-0.0790812447667122,1
2584845.19821833,1088769.79570244,1,2809.8681640625,249.125961303711,21.7930812835693,-3.19999980926514,1750.48010253906,1616.40246582031,0.686109662055969,-0.036366231739521,1
2583642.36799581,1092869.43940676,1,2528.13256835938,344.796173095703,30.2488193511963,-1.76250004768372,2245.06127929688,1257.12072753906,0.0568427368998528,-0.00349759566597641,1
2584774.28943117,1092305.62253986,0,2647.751953125,179.855529785156,21.8441486358643,-2.90499997138977,1724.82995605469,1739.70434570312,0.561464786529541,-0.0481607876718044,1
2584943.00254498,1092408.27328977,0,2696.13159179688,179.648803710938,26.5041236877441,-3.34500002861023,1597.81396484375,1855.21789550781,0.628391861915588,-0.00123106862884015,1
2584020.36770197,1092489.88194852,0,2565.26611328125,228.088684082031,25.3215274810791,-2.0208592414856,2152.14282226562,1356.20092773438,0.100411005318165,0.207451790571213,3
2584593.78657524,1092180.81872023,0,2586.9501953125,173.047393798828,23.5945625305176,-2.40750002861023,1859.50354003906,1614.62487792969,0.160110235214233,0.13686965405941,1
2577250.97611814,1080995.32175552,1,2603.08178710938,313.813171386719,27.4858341217041,-2.125,1850.49609375,1661.92956542969,0.318986773490906,-0.121389798820019,2
2577546.66752979,1081031.16300093,0,2628.40698242188,289.909301757812,16.3138694763184,-2.47375011444092,1825.3203125,1666.87512207031,0.679585933685303,-0.0633003190159798,2
2577346.34436081,1081116.40546633,1,2577.89501953125,342.461547851562,30.8603229522705,-2.25624990463257,1842.52673339844,1683.42224121094,0.628221690654755,-0.186678811907768,2
2584102.9347892,1092963.45088252,0,2692.24438476562,284.380462646484,20.1748638153076,-2.67000007629395,2043.59240722656,1492.39855957031,0.304884999990463,0.0924391970038414,3
2578803.35505518,1087260.65321691,0,2581.81494140625,157.041702270508,19.6524391174316,-1.67499995231628,1943.01037597656,1552.88830566406,0.233984813094139,0.10395810008049,2
2580873.54845307,1080311.91760001,0,2509.68481445312,315.719787597656,19.9677238464355,-1.375,1938.30944824219,1531.52172851562,0.327496916055679,0.0372909270226955,3
2658864.56403791,1148115.76950456,0,2579.38134765625,155.182556152344,17.4871463775635,-1.28125,1905.45324707031,1260.25598144531,0.51128762960434,0.0413896441459656,4
2658377.59117795,1148694.3642638,0,2784.08251953125,77.2674865722656,15.6686029434204,-2.42499995231628,1387.04272460938,1632.052734375,0.785675287246704,-0.0569421835243702,4
2658619.18720319,1148561.67008207,1,2707.95483398438,35.9454574584961,35.2733383178711,-2.25624990463257,1572.30627441406,1501.48657226562,0.614426791667938,-0.120703764259815,4
2657804.77756881,1149054.54835322,1,2858.91723632812,249.232208251953,24.6461372375488,-2.5699999332428,1026.94604492188,1890.96752929688,0.808590114116669,-0.0567642748355865,4
2658276.93591408,1149413.06835594,1,2791.56689453125,76.8760757446289,23.7859745025635,-2.69124984741211,914.567932128906,1958.123046875,0.8674276471138,-0.0603559911251068,4
2658211.44830666,1149881.69655154,1,2839.083984375,79.3863677978516,28.8566856384277,-3.28749990463257,858.743774414062,2059.77026367188,0.835514783859253,-0.0615128241479397,4
2662344.67898763,1153240.49560733,0,2751.18530273438,180.558685302734,17.8481864929199,-3.25,938.833374023438,2112.25073242188,0.831079304218292,-0.0446671731770039,4
2662426.26416657,1153308.27406361,0,2778.21508789062,198.018096923828,22.1286926269531,-3.29999995231628,920.575439453125,2131.17724609375,0.826996982097626,-0.0440767370164394,4
2674320.44184935,1155379.96492694,0,2603.494140625,180.875564575195,14.2706308364868,-3.17812490463257,1458.15405273438,1880.34008789062,0.639603435993195,-0.0151179721578956,3
2674478.2042135,1155705.30520107,0,2684.48168945312,205.860992431641,15.3338022232056,-3.27999997138977,1360.31921386719,1976.96240234375,0.633929133415222,0.00695101218298078,3
2674497.05551636,1155782.0256198,0,2705.60498046875,203.302154541016,15.8413219451904,-3.22218751907349,1342.94458007812,1994.14770507812,0.638294100761414,-0.0105677181854844,3
2674547.0416387,1155744.25529536,0,2703.619140625,223.192153930664,19.07741355896,-3.26250004768372,1333.64978027344,2002.25427246094,0.63566267490387,-0.0226988010108471,3
2674276.74278463,1155872.96896842,0,2718.232421875,136.360412597656,18.0058574676514,-2.984375,1385.88488769531,1958.22436523438,0.607358992099762,-0.016694562509656,3
2673558.88737067,1156563.36111394,1,2650.13354492188,278.173980712891,17.705638885498,-2.34999990463257,1499.79443359375,1845.10864257812,0.516183376312256,-0.0187632981687784,3
2673210.07541271,1156464.24010837,1,2554.3037109375,311.684997558594,24.8205146789551,-1.89999997615814,1599.93579101562,1719.66577148438,0.37548691034317,-0.063438318669796,3
2673383.28391076,1156457.45970444,1,2611.021484375,319.250427246094,25.734525680542,-2.25,1551.59741210938,1782.37060546875,0.408697515726089,-0.0892701894044876,3
2670453.83602537,1157730.82070618,0,2101.85009765625,117.036087036133,30.4138050079346,0.390625,1648.59753417969,1490.45825195312,0.232116594910622,0.167499303817749,4
2669787.48673078,1157450.33751479,0,2224.74145507812,108.957054138184,27.5068092346191,-0.0331249982118607,1472.86486816406,1581.23046875,0.298288315534592,0.0366660989820957,4
2660024.86169834,1150819.7026917,1,2751.19970703125,87.0689239501953,26.7913875579834,-2.80437517166138,975.288757324219,1987.76867675781,0.741534113883972,-0.0439078137278557,4
2659983.17398989,1150961.15782363,0,2771.2685546875,120.84049987793,17.662446975708,-2.81124997138977,957.056518554688,2015.80383300781,0.722825527191162,-0.0288817770779133,4
2660271.4317598,1150627.29554211,1,2619.33911132812,70.1675186157227,25.0255031585693,-2.62812495231628,1069.53930664062,1888.29846191406,0.632864892482758,-0.0246284492313862,4
2659498.93439645,1150547.12538603,1,2917.18115234375,139.713287353516,26.185432434082,-3.49375009536743,803.672607421875,2126.818359375,0.743289768695831,-0.0348752625286579,4
2659778.82040497,1150381.26334988,1,2782.42822265625,103.472679138184,23.3818206787109,-3.04375004768372,879.181518554688,2036.01159667969,0.682136237621307,-0.0234922356903553,4
2659902.81503864,1149975.60385886,1,2718.44555664062,27.2101745605469,15.3354864120483,-2.47000002861023,1053.92614746094,1896.51159667969,0.718171179294586,-0.0989762395620346,4
2660270.88887243,1149850.53785575,1,2644.814453125,94.2570877075195,22.3384456634521,-2.43249988555908,1235.63195800781,1773.32006835938,0.585155844688416,-0.019142534583807,4
2660223.85823262,1150110.64729047,1,2632.0263671875,30.2209205627441,15.4672327041626,-2.5550000667572,1133.0810546875,1843.69421386719,0.625290036201477,-0.062427144497633,4
2660739.09222543,1150253.87918174,1,2521.57299804688,41.6829299926758,12.2871446609497,-1.71875,1323.31384277344,1672.84875488281,0.572710752487183,-0.0381296500563622,4
2660875.38043005,1150097.99157851,1,2508.25830078125,68.8173522949219,18.3522491455078,-1.41250002384186,1415.36193847656,1602.08642578125,0.551343321800232,-0.00611639814451337,4
2660173.96631318,1149548.49843243,0,2600.55834960938,98.2559814453125,21.0732364654541,-2.20749998092651,1300.97705078125,1724.67932128906,0.527012407779694,0.00289983977563679,4
2660447.14004907,1149334.47205527,1,2491.11669921875,94.4724731445312,19.597526550293,-2.10875010490417,1468.78259277344,1605.80493164062,0.450500339269638,0.0185441840440035,4
2660481.88281904,1152689.49404504,0,2691.37646484375,152.898574829102,25.827844619751,-2.71499991416931,1011.72283935547,2063.43579101562,0.520087957382202,0.0170802380889654,4
2630467.14973286,1138714.2053785,1,2877.85693359375,288.067077636719,25.9539604187012,-3.97218751907349,1201.27966308594,1997.01000976562,0.771826803684235,-0.213478147983551,3
2626726.50186324,1136121.88342501,1,2586.97509765625,336.944549560547,35.144718170166,-2.32500004768372,1472.38598632812,1710.56030273438,0.151174888014793,-0.0375028923153877,3
2629320.7654571,1109779.6978393,1,2688.54370117188,282.300598144531,23.5329132080078,-2.48562502861023,1572.42431640625,1487.64514160156,-0.0452127903699875,0.00254403613507748,3
2629812.77884738,1109877.50327157,1,2903.92529296875,264.667816162109,25.7305469512939,-3.65312504768372,1426.48864746094,1660.46228027344,0.160814255475998,-0.0551809370517731,3
2630535.17012934,1110219.81526324,1,2865.32446289062,30.9822692871094,30.2474384307861,-4.02500009536743,1359.80639648438,1764.10180664062,0.375698298215866,-0.0763532742857933,3
2631693.81632173,1113103.23661014,1,2647.29370117188,284.461242675781,33.2082405090332,-1.98000001907349,1707.21325683594,1474.80114746094,0.295417934656143,-0.0382466316223145,3
2604940.87364658,1110238.96031445,1,2483.4638671875,315.821899414062,21.9344120025635,-1.08124995231628,2011.99865722656,1465.75561523438,0.0669097006320953,0.103741645812988,2
2605085.74449041,1110061.98370047,0,2608.04345703125,345.738525390625,20.6053409576416,-1.10437500476837,1956.57922363281,1548.74597167969,0.11404250562191,0.0649658888578415,2
2604889.01786183,1110139.2468625,0,2509.25366210938,323.892944335938,24.0741748809814,-0.844999969005585,2004.06042480469,1454.52758789062,-0.0332714915275574,0.232255846261978,2
